year,province_name,province_code,city_name,city_code,enterprise_registration_count,individual_business_registration_count
2000,北京市,110000,北京市,110100,121126,57401
2001,北京市,110000,北京市,110100,109596,35260
2002,北京市,110000,北京市,110100,123923,43039
2003,北京市,110000,北京市,110100,150532,59018
2004,北京市,110000,北京市,110100,189022,75919
2005,北京市,110000,北京市,110100,208008,87023
2006,北京市,110000,北京市,110100,188720,84969
2007,北京市,110000,北京市,110100,210057,90239
2008,北京市,110000,北京市,110100,235843,101730
2009,北京市,110000,北京市,110100,238283,96805
2010,北京市,110000,北京市,110100,253914,103666
2011,北京市,110000,北京市,110100,227666,80946
2012,北京市,110000,北京市,110100,192176,64766
2013,北京市,110000,北京市,110100,206365,64748
2014,北京市,110000,北京市,110100,269530,68705
2015,北京市,110000,北京市,110100,292650,62645
2016,北京市,110000,北京市,110100,300864,53523
2017,北京市,110000,北京市,110100,249641,38837
2018,北京市,110000,北京市,110100,205733,9821
2019,北京市,110000,北京市,110100,215657,11565
2020,北京市,110000,北京市,110100,194940,10567
2021,北京市,110000,北京市,110100,242528,19904
2022,北京市,110000,北京市,110100,237593,18050
2023,北京市,110000,北京市,110100,104330,4778
2000,天津市,120000,天津市,120100,41915,25340
2001,天津市,120000,天津市,120100,36437,18961
2002,天津市,120000,天津市,120100,33121,14182
2003,天津市,120000,天津市,120100,41693,19712
2004,天津市,120000,天津市,120100,53479,29295
2005,天津市,120000,天津市,120100,50816,26878
2006,天津市,120000,天津市,120100,49377,24757
2007,天津市,120000,天津市,120100,64430,38864
2008,天津市,120000,天津市,120100,66845,40508
2009,天津市,120000,天津市,120100,68113,40467
2010,天津市,120000,天津市,120100,80276,48457
2011,天津市,120000,天津市,120100,84557,47564
2012,天津市,120000,天津市,120100,84440,50696
2013,天津市,120000,天津市,120100,98191,56492
2014,天津市,120000,天津市,120100,136152,69078
2015,天津市,120000,天津市,120100,152482,67741
2016,天津市,120000,天津市,120100,181022,73378
2017,天津市,120000,天津市,120100,241942,131023
2018,天津市,120000,天津市,120100,214703,79231
2019,天津市,120000,天津市,120100,265596,94258
2020,天津市,120000,天津市,120100,217664,89121
2021,天津市,120000,天津市,120100,195592,92462
2022,天津市,120000,天津市,120100,171240,85244
2023,天津市,120000,天津市,120100,81411,41574
2000,河北省,130000,石家庄市,130100,10753,5149
2001,河北省,130000,石家庄市,130100,8427,2466
2002,河北省,130000,石家庄市,130100,10572,2632
2003,河北省,130000,石家庄市,130100,14157,5343
2004,河北省,130000,石家庄市,130100,33403,21005
2005,河北省,130000,石家庄市,130100,24135,11205
2006,河北省,130000,石家庄市,130100,26267,12962
2007,河北省,130000,石家庄市,130100,34204,20784
2008,河北省,130000,石家庄市,130100,70793,56345
2009,河北省,130000,石家庄市,130100,65211,47983
2010,河北省,130000,石家庄市,130100,57866,40063
2011,河北省,130000,石家庄市,130100,65225,43734
2012,河北省,130000,石家庄市,130100,73242,52833
2013,河北省,130000,石家庄市,130100,82887,51924
2014,河北省,130000,石家庄市,130100,108952,61995
2015,河北省,130000,石家庄市,130100,133062,77978
2016,河北省,130000,石家庄市,130100,161591,96971
2017,河北省,130000,石家庄市,130100,184322,110859
2018,河北省,130000,石家庄市,130100,183496,97869
2019,河北省,130000,石家庄市,130100,224516,110128
2020,河北省,130000,石家庄市,130100,186842,98517
2021,河北省,130000,石家庄市,130100,151326,87129
2022,河北省,130000,石家庄市,130100,158030,93455
2023,河北省,130000,石家庄市,130100,79890,46864
2000,河北省,130000,唐山市,130200,9375,6556
2001,河北省,130000,唐山市,130200,5802,2621
2002,河北省,130000,唐山市,130200,13355,8167
2003,河北省,130000,唐山市,130200,13354,7488
2004,河北省,130000,唐山市,130200,29810,22574
2005,河北省,130000,唐山市,130200,19954,13411
2006,河北省,130000,唐山市,130200,21041,14549
2007,河北省,130000,唐山市,130200,29707,23235
2008,河北省,130000,唐山市,130200,44965,38682
2009,河北省,130000,唐山市,130200,38233,31106
2010,河北省,130000,唐山市,130200,37892,30825
2011,河北省,130000,唐山市,130200,40816,33267
2012,河北省,130000,唐山市,130200,42766,35206
2013,河北省,130000,唐山市,130200,44844,34590
2014,河北省,130000,唐山市,130200,57797,43716
2015,河北省,130000,唐山市,130200,62361,45384
2016,河北省,130000,唐山市,130200,81579,58826
2017,河北省,130000,唐山市,130200,85895,59934
2018,河北省,130000,唐山市,130200,92536,58950
2019,河北省,130000,唐山市,130200,120590,77117
2020,河北省,130000,唐山市,130200,101047,66107
2021,河北省,130000,唐山市,130200,80053,54071
2022,河北省,130000,唐山市,130200,84459,58169
2023,河北省,130000,唐山市,130200,46131,31295
2000,河北省,130000,秦皇岛市,130300,4906,2455
2001,河北省,130000,秦皇岛市,130300,4008,1599
2002,河北省,130000,秦皇岛市,130300,4228,1447
2003,河北省,130000,秦皇岛市,130300,4818,1578
2004,河北省,130000,秦皇岛市,130300,11601,7791
2005,河北省,130000,秦皇岛市,130300,7857,4397
2006,河北省,130000,秦皇岛市,130300,8002,4092
2007,河北省,130000,秦皇岛市,130300,10051,6352
2008,河北省,130000,秦皇岛市,130300,17609,13935
2009,河北省,130000,秦皇岛市,130300,16671,12692
2010,河北省,130000,秦皇岛市,130300,15273,10797
2011,河北省,130000,秦皇岛市,130300,17087,12343
2012,河北省,130000,秦皇岛市,130300,19843,15197
2013,河北省,130000,秦皇岛市,130300,20932,15351
2014,河北省,130000,秦皇岛市,130300,26577,18336
2015,河北省,130000,秦皇岛市,130300,30259,20463
2016,河北省,130000,秦皇岛市,130300,34022,21747
2017,河北省,130000,秦皇岛市,130300,42698,28949
2018,河北省,130000,秦皇岛市,130300,40040,22556
2019,河北省,130000,秦皇岛市,130300,47412,26123
2020,河北省,130000,秦皇岛市,130300,38938,22417
2021,河北省,130000,秦皇岛市,130300,33683,19930
2022,河北省,130000,秦皇岛市,130300,29939,18212
2023,河北省,130000,秦皇岛市,130300,16642,9857
2000,河北省,130000,邯郸市,130400,4970,2619
2001,河北省,130000,邯郸市,130400,3335,560
2002,河北省,130000,邯郸市,130400,4098,754
2003,河北省,130000,邯郸市,130400,5706,1733
2004,河北省,130000,邯郸市,130400,18415,12931
2005,河北省,130000,邯郸市,130400,10307,5109
2006,河北省,130000,邯郸市,130400,15165,9358
2007,河北省,130000,邯郸市,130400,20466,14174
2008,河北省,130000,邯郸市,130400,38086,30505
2009,河北省,130000,邯郸市,130400,27216,19254
2010,河北省,130000,邯郸市,130400,24984,16903
2011,河北省,130000,邯郸市,130400,32168,22726
2012,河北省,130000,邯郸市,130400,34773,25638
2013,河北省,130000,邯郸市,130400,37898,25259
2014,河北省,130000,邯郸市,130400,70013,48868
2015,河北省,130000,邯郸市,130400,92147,64042
2016,河北省,130000,邯郸市,130400,136631,105168
2017,河北省,130000,邯郸市,130400,145956,113805
2018,河北省,130000,邯郸市,130400,121306,71561
2019,河北省,130000,邯郸市,130400,125134,65317
2020,河北省,130000,邯郸市,130400,111589,61572
2021,河北省,130000,邯郸市,130400,92770,52173
2022,河北省,130000,邯郸市,130400,100037,61666
2023,河北省,130000,邯郸市,130400,47345,28348
2000,河北省,130000,邢台市,130500,9051,6906
2001,河北省,130000,邢台市,130500,5106,2522
2002,河北省,130000,邢台市,130500,5310,2299
2003,河北省,130000,邢台市,130500,8411,5115
2004,河北省,130000,邢台市,130500,25379,20950
2005,河北省,130000,邢台市,130500,12931,8485
2006,河北省,130000,邢台市,130500,26430,21525
2007,河北省,130000,邢台市,130500,18598,13643
2008,河北省,130000,邢台市,130500,46469,41165
2009,河北省,130000,邢台市,130500,24807,19148
2010,河北省,130000,邢台市,130500,25761,20167
2011,河北省,130000,邢台市,130500,28513,21936
2012,河北省,130000,邢台市,130500,32255,25513
2013,河北省,130000,邢台市,130500,37288,25488
2014,河北省,130000,邢台市,130500,60647,43118
2015,河北省,130000,邢台市,130500,69633,51218
2016,河北省,130000,邢台市,130500,78350,49508
2017,河北省,130000,邢台市,130500,84938,56279
2018,河北省,130000,邢台市,130500,97185,61367
2019,河北省,130000,邢台市,130500,107408,61288
2020,河北省,130000,邢台市,130500,125390,82858
2021,河北省,130000,邢台市,130500,90834,55716
2022,河北省,130000,邢台市,130500,93534,62884
2023,河北省,130000,邢台市,130500,50304,33939
2000,河北省,130000,保定市,130600,21578,17002
2001,河北省,130000,保定市,130600,14234,9462
2002,河北省,130000,保定市,130600,12948,7187
2003,河北省,130000,保定市,130600,13880,7848
2004,河北省,130000,保定市,130600,47334,39024
2005,河北省,130000,保定市,130600,19469,12451
2006,河北省,130000,保定市,130600,20894,13396
2007,河北省,130000,保定市,130600,27484,19693
2008,河北省,130000,保定市,130600,44162,36450
2009,河北省,130000,保定市,130600,41523,32649
2010,河北省,130000,保定市,130600,39747,30460
2011,河北省,130000,保定市,130600,36440,26762
2012,河北省,130000,保定市,130600,43691,33484
2013,河北省,130000,保定市,130600,49924,34003
2014,河北省,130000,保定市,130600,70441,46372
2015,河北省,130000,保定市,130600,91134,63788
2016,河北省,130000,保定市,130600,141237,98945
2017,河北省,130000,保定市,130600,142755,95091
2018,河北省,130000,保定市,130600,144339,74543
2019,河北省,130000,保定市,130600,155557,81525
2020,河北省,130000,保定市,130600,145727,80736
2021,河北省,130000,保定市,130600,135117,76564
2022,河北省,130000,保定市,130600,146056,90930
2023,河北省,130000,保定市,130600,77469,45175
2000,河北省,130000,张家口市,130700,5430,3458
2001,河北省,130000,张家口市,130700,2867,1296
2002,河北省,130000,张家口市,130700,4054,2014
2003,河北省,130000,张家口市,130700,4890,2705
2004,河北省,130000,张家口市,130700,13382,10437
2005,河北省,130000,张家口市,130700,10427,7265
2006,河北省,130000,张家口市,130700,10138,7004
2007,河北省,130000,张家口市,130700,15098,11285
2008,河北省,130000,张家口市,130700,26509,22359
2009,河北省,130000,张家口市,130700,21406,16627
2010,河北省,130000,张家口市,130700,20053,15410
2011,河北省,130000,张家口市,130700,21394,16528
2012,河北省,130000,张家口市,130700,24503,19392
2013,河北省,130000,张家口市,130700,24092,17853
2014,河北省,130000,张家口市,130700,32407,22528
2015,河北省,130000,张家口市,130700,34934,23198
2016,河北省,130000,张家口市,130700,43258,28055
2017,河北省,130000,张家口市,130700,46731,30031
2018,河北省,130000,张家口市,130700,50848,30585
2019,河北省,130000,张家口市,130700,60858,37433
2020,河北省,130000,张家口市,130700,58800,39460
2021,河北省,130000,张家口市,130700,47143,34153
2022,河北省,130000,张家口市,130700,41710,30511
2023,河北省,130000,张家口市,130700,27705,21175
2000,河北省,130000,承德市,130800,3967,2682
2001,河北省,130000,承德市,130800,2100,760
2002,河北省,130000,承德市,130800,2319,737
2003,河北省,130000,承德市,130800,3749,1843
2004,河北省,130000,承德市,130800,18825,15700
2005,河北省,130000,承德市,130800,7587,4969
2006,河北省,130000,承德市,130800,8085,5034
2007,河北省,130000,承德市,130800,11419,8055
2008,河北省,130000,承德市,130800,16465,13203
2009,河北省,130000,承德市,130800,17798,14177
2010,河北省,130000,承德市,130800,17675,14019
2011,河北省,130000,承德市,130800,17036,13382
2012,河北省,130000,承德市,130800,18665,14484
2013,河北省,130000,承德市,130800,21128,15759
2014,河北省,130000,承德市,130800,27194,18813
2015,河北省,130000,承德市,130800,32771,23451
2016,河北省,130000,承德市,130800,36549,24018
2017,河北省,130000,承德市,130800,38465,25339
2018,河北省,130000,承德市,130800,40669,25457
2019,河北省,130000,承德市,130800,43104,26978
2020,河北省,130000,承德市,130800,36965,23066
2021,河北省,130000,承德市,130800,35991,24035
2022,河北省,130000,承德市,130800,37724,27835
2023,河北省,130000,承德市,130800,22647,17281
2000,河北省,130000,沧州市,130900,6781,4478
2001,河北省,130000,沧州市,130900,5282,2304
2002,河北省,130000,沧州市,130900,7474,3894
2003,河北省,130000,沧州市,130900,14007,9719
2004,河北省,130000,沧州市,130900,27030,21711
2005,河北省,130000,沧州市,130900,15910,10996
2006,河北省,130000,沧州市,130900,14266,9374
2007,河北省,130000,沧州市,130900,17556,12724
2008,河北省,130000,沧州市,130900,30969,26047
2009,河北省,130000,沧州市,130900,30608,25223
2010,河北省,130000,沧州市,130900,24995,18936
2011,河北省,130000,沧州市,130900,30159,23123
2012,河北省,130000,沧州市,130900,34650,27389
2013,河北省,130000,沧州市,130900,41267,29319
2014,河北省,130000,沧州市,130900,48004,31447
2015,河北省,130000,沧州市,130900,55082,37398
2016,河北省,130000,沧州市,130900,71848,47994
2017,河北省,130000,沧州市,130900,82202,52721
2018,河北省,130000,沧州市,130900,87237,51899
2019,河北省,130000,沧州市,130900,101490,61708
2020,河北省,130000,沧州市,130900,94465,58754
2021,河北省,130000,沧州市,130900,95164,64575
2022,河北省,130000,沧州市,130900,83975,58954
2023,河北省,130000,沧州市,130900,47322,33489
2000,河北省,130000,廊坊市,131000,6291,4682
2001,河北省,130000,廊坊市,131000,4086,1594
2002,河北省,130000,廊坊市,131000,5546,2225
2003,河北省,130000,廊坊市,131000,9325,6127
2004,河北省,130000,廊坊市,131000,23447,18738
2005,河北省,130000,廊坊市,131000,16759,12414
2006,河北省,130000,廊坊市,131000,13258,9316
2007,河北省,130000,廊坊市,131000,15906,11731
2008,河北省,130000,廊坊市,131000,27314,23034
2009,河北省,130000,廊坊市,131000,23804,19436
2010,河北省,130000,廊坊市,131000,22580,17530
2011,河北省,130000,廊坊市,131000,24735,19015
2012,河北省,130000,廊坊市,131000,24411,18990
2013,河北省,130000,廊坊市,131000,28812,21474
2014,河北省,130000,廊坊市,131000,38948,26074
2015,河北省,130000,廊坊市,131000,49298,32823
2016,河北省,130000,廊坊市,131000,62905,37502
2017,河北省,130000,廊坊市,131000,69101,41168
2018,河北省,130000,廊坊市,131000,68848,34448
2019,河北省,130000,廊坊市,131000,86968,40065
2020,河北省,130000,廊坊市,131000,99176,38573
2021,河北省,130000,廊坊市,131000,88892,38757
2022,河北省,130000,廊坊市,131000,85121,44870
2023,河北省,130000,廊坊市,131000,41791,22631
2000,河北省,130000,衡水市,131100,6564,4699
2001,河北省,130000,衡水市,131100,3192,1388
2002,河北省,130000,衡水市,131100,3251,1279
2003,河北省,130000,衡水市,131100,3568,1486
2004,河北省,130000,衡水市,131100,13102,9945
2005,河北省,130000,衡水市,131100,6094,3505
2006,河北省,130000,衡水市,131100,6030,3365
2007,河北省,130000,衡水市,131100,9993,7305
2008,河北省,130000,衡水市,131100,24315,20903
2009,河北省,130000,衡水市,131100,15726,11949
2010,河北省,130000,衡水市,131100,14374,10592
2011,河北省,130000,衡水市,131100,18563,13459
2012,河北省,130000,衡水市,131100,22565,16371
2013,河北省,130000,衡水市,131100,29086,18157
2014,河北省,130000,衡水市,131100,36814,20939
2015,河北省,130000,衡水市,131100,41795,27868
2016,河北省,130000,衡水市,131100,53162,34414
2017,河北省,130000,衡水市,131100,58391,39453
2018,河北省,130000,衡水市,131100,54410,32441
2019,河北省,130000,衡水市,131100,74192,44566
2020,河北省,130000,衡水市,131100,65270,41730
2021,河北省,130000,衡水市,131100,55048,34588
2022,河北省,130000,衡水市,131100,58401,37331
2023,河北省,130000,衡水市,131100,27325,16483
2000,山西省,140000,太原市,140100,14916,8380
2001,山西省,140000,太原市,140100,21002,13781
2002,山西省,140000,太原市,140100,11787,4768
2003,山西省,140000,太原市,140100,19929,11319
2004,山西省,140000,太原市,140100,20705,11482
2005,山西省,140000,太原市,140100,26355,16394
2006,山西省,140000,太原市,140100,23688,13343
2007,山西省,140000,太原市,140100,46877,36825
2008,山西省,140000,太原市,140100,28869,19310
2009,山西省,140000,太原市,140100,35710,24902
2010,山西省,140000,太原市,140100,35711,23574
2011,山西省,140000,太原市,140100,37189,24142
2012,山西省,140000,太原市,140100,39132,25396
2013,山西省,140000,太原市,140100,40241,25319
2014,山西省,140000,太原市,140100,49001,26990
2015,山西省,140000,太原市,140100,53891,29822
2016,山西省,140000,太原市,140100,69344,33413
2017,山西省,140000,太原市,140100,87295,47563
2018,山西省,140000,太原市,140100,89395,30204
2019,山西省,140000,太原市,140100,98448,29416
2020,山西省,140000,太原市,140100,87341,25350
2021,山西省,140000,太原市,140100,96670,28174
2022,山西省,140000,太原市,140100,120296,67441
2023,山西省,140000,太原市,140100,73552,50030
2000,山西省,140000,大同市,140200,3573,2058
2001,山西省,140000,大同市,140200,2154,570
2002,山西省,140000,大同市,140200,2848,1234
2003,山西省,140000,大同市,140200,4055,2225
2004,山西省,140000,大同市,140200,5556,3339
2005,山西省,140000,大同市,140200,6161,3785
2006,山西省,140000,大同市,140200,11890,8908
2007,山西省,140000,大同市,140200,24016,20358
2008,山西省,140000,大同市,140200,12896,9563
2009,山西省,140000,大同市,140200,14315,10561
2010,山西省,140000,大同市,140200,14417,10622
2011,山西省,140000,大同市,140200,16094,11803
2012,山西省,140000,大同市,140200,15772,11493
2013,山西省,140000,大同市,140200,16646,11723
2014,山西省,140000,大同市,140200,20537,14054
2015,山西省,140000,大同市,140200,25341,17197
2016,山西省,140000,大同市,140200,25021,14774
2017,山西省,140000,大同市,140200,31290,18468
2018,山西省,140000,大同市,140200,37809,21334
2019,山西省,140000,大同市,140200,45821,27701
2020,山西省,140000,大同市,140200,34938,20774
2021,山西省,140000,大同市,140200,30435,20855
2022,山西省,140000,大同市,140200,68084,57408
2023,山西省,140000,大同市,140200,31923,27022
2000,山西省,140000,阳泉市,140300,1656,822
2001,山西省,140000,阳泉市,140300,1557,404
2002,山西省,140000,阳泉市,140300,1223,377
2003,山西省,140000,阳泉市,140300,3313,1954
2004,山西省,140000,阳泉市,140300,5092,3697
2005,山西省,140000,阳泉市,140300,7285,5622
2006,山西省,140000,阳泉市,140300,6522,5017
2007,山西省,140000,阳泉市,140300,16634,14575
2008,山西省,140000,阳泉市,140300,7833,6149
2009,山西省,140000,阳泉市,140300,9382,7515
2010,山西省,140000,阳泉市,140300,9729,7785
2011,山西省,140000,阳泉市,140300,11493,9443
2012,山西省,140000,阳泉市,140300,10896,8849
2013,山西省,140000,阳泉市,140300,9550,7408
2014,山西省,140000,阳泉市,140300,10794,7861
2015,山西省,140000,阳泉市,140300,13693,10131
2016,山西省,140000,阳泉市,140300,14450,10584
2017,山西省,140000,阳泉市,140300,16367,11979
2018,山西省,140000,阳泉市,140300,14725,9734
2019,山西省,140000,阳泉市,140300,14348,9056
2020,山西省,140000,阳泉市,140300,12891,7800
2021,山西省,140000,阳泉市,140300,12055,8305
2022,山西省,140000,阳泉市,140300,30681,24166
2023,山西省,140000,阳泉市,140300,15822,12636
2000,山西省,140000,长治市,140400,1640,626
2001,山西省,140000,长治市,140400,1302,293
2002,山西省,140000,长治市,140400,2323,935
2003,山西省,140000,长治市,140400,4136,2200
2004,山西省,140000,长治市,140400,5668,3210
2005,山西省,140000,长治市,140400,6001,3524
2006,山西省,140000,长治市,140400,8352,5610
2007,山西省,140000,长治市,140400,22482,18447
2008,山西省,140000,长治市,140400,10986,7200
2009,山西省,140000,长治市,140400,12963,9541
2010,山西省,140000,长治市,140400,16876,13002
2011,山西省,140000,长治市,140400,16251,11385
2012,山西省,140000,长治市,140400,13096,8945
2013,山西省,140000,长治市,140400,13089,8545
2014,山西省,140000,长治市,140400,15178,9091
2015,山西省,140000,长治市,140400,19411,12947
2016,山西省,140000,长治市,140400,27037,18883
2017,山西省,140000,长治市,140400,32437,22688
2018,山西省,140000,长治市,140400,31036,18651
2019,山西省,140000,长治市,140400,33119,18771
2020,山西省,140000,长治市,140400,33059,18646
2021,山西省,140000,长治市,140400,27530,15817
2022,山西省,140000,长治市,140400,71903,53244
2023,山西省,140000,长治市,140400,16446,10729
2000,山西省,140000,晋城市,140500,3853,2749
2001,山西省,140000,晋城市,140500,1993,786
2002,山西省,140000,晋城市,140500,1947,701
2003,山西省,140000,晋城市,140500,4962,3070
2004,山西省,140000,晋城市,140500,7588,5636
2005,山西省,140000,晋城市,140500,5642,3600
2006,山西省,140000,晋城市,140500,6848,4472
2007,山西省,140000,晋城市,140500,18098,15194
2008,山西省,140000,晋城市,140500,9523,7005
2009,山西省,140000,晋城市,140500,9582,6669
2010,山西省,140000,晋城市,140500,14557,11706
2011,山西省,140000,晋城市,140500,12898,9763
2012,山西省,140000,晋城市,140500,13253,9582
2013,山西省,140000,晋城市,140500,13183,9096
2014,山西省,140000,晋城市,140500,15189,9711
2015,山西省,140000,晋城市,140500,23947,17210
2016,山西省,140000,晋城市,140500,22952,15259
2017,山西省,140000,晋城市,140500,24288,16452
2018,山西省,140000,晋城市,140500,25088,14076
2019,山西省,140000,晋城市,140500,27317,14299
2020,山西省,140000,晋城市,140500,25205,13025
2021,山西省,140000,晋城市,140500,22905,12511
2022,山西省,140000,晋城市,140500,61496,44953
2023,山西省,140000,晋城市,140500,18281,13064
2000,山西省,140000,朔州市,140600,3895,3410
2001,山西省,140000,朔州市,140600,1666,1053
2002,山西省,140000,朔州市,140600,1996,1351
2003,山西省,140000,朔州市,140600,4755,4043
2004,山西省,140000,朔州市,140600,3406,2614
2005,山西省,140000,朔州市,140600,3957,3049
2006,山西省,140000,朔州市,140600,4724,3660
2007,山西省,140000,朔州市,140600,13475,12130
2008,山西省,140000,朔州市,140600,6262,4683
2009,山西省,140000,朔州市,140600,8861,6986
2010,山西省,140000,朔州市,140600,8698,6933
2011,山西省,140000,朔州市,140600,8708,6829
2012,山西省,140000,朔州市,140600,8908,6753
2013,山西省,140000,朔州市,140600,10211,7287
2014,山西省,140000,朔州市,140600,11988,7197
2015,山西省,140000,朔州市,140600,13122,8784
2016,山西省,140000,朔州市,140600,13782,8232
2017,山西省,140000,朔州市,140600,15442,9551
2018,山西省,140000,朔州市,140600,14834,8587
2019,山西省,140000,朔州市,140600,19013,12000
2020,山西省,140000,朔州市,140600,17957,10238
2021,山西省,140000,朔州市,140600,16510,9985
2022,山西省,140000,朔州市,140600,40020,30488
2023,山西省,140000,朔州市,140600,19793,13441
2000,山西省,140000,晋中市,140700,7837,6423
2001,山西省,140000,晋中市,140700,3380,1608
2002,山西省,140000,晋中市,140700,4401,2383
2003,山西省,140000,晋中市,140700,10556,7679
2004,山西省,140000,晋中市,140700,9461,6898
2005,山西省,140000,晋中市,140700,9477,6909
2006,山西省,140000,晋中市,140700,19299,16191
2007,山西省,140000,晋中市,140700,25364,20867
2008,山西省,140000,晋中市,140700,20358,15797
2009,山西省,140000,晋中市,140700,17799,13678
2010,山西省,140000,晋中市,140700,19338,15627
2011,山西省,140000,晋中市,140700,19734,15832
2012,山西省,140000,晋中市,140700,18106,13880
2013,山西省,140000,晋中市,140700,21478,16602
2014,山西省,140000,晋中市,140700,23007,16200
2015,山西省,140000,晋中市,140700,31927,23927
2016,山西省,140000,晋中市,140700,36204,26931
2017,山西省,140000,晋中市,140700,45686,34137
2018,山西省,140000,晋中市,140700,46501,30941
2019,山西省,140000,晋中市,140700,47438,30181
2020,山西省,140000,晋中市,140700,41119,24378
2021,山西省,140000,晋中市,140700,38662,24794
2022,山西省,140000,晋中市,140700,93394,78357
2023,山西省,140000,晋中市,140700,29556,23995
2000,山西省,140000,运城市,140800,9515,7913
2001,山西省,140000,运城市,140800,3102,1786
2002,山西省,140000,运城市,140800,4057,2414
2003,山西省,140000,运城市,140800,8138,5785
2004,山西省,140000,运城市,140800,10552,7877
2005,山西省,140000,运城市,140800,9893,7189
2006,山西省,140000,运城市,140800,11981,8602
2007,山西省,140000,运城市,140800,72436,67563
2008,山西省,140000,运城市,140800,21379,16871
2009,山西省,140000,运城市,140800,22071,17671
2010,山西省,140000,运城市,140800,22408,17810
2011,山西省,140000,运城市,140800,26235,21075
2012,山西省,140000,运城市,140800,23244,17882
2013,山西省,140000,运城市,140800,24504,18138
2014,山西省,140000,运城市,140800,27401,19061
2015,山西省,140000,运城市,140800,40623,29631
2016,山西省,140000,运城市,140800,44280,31590
2017,山西省,140000,运城市,140800,48992,34576
2018,山西省,140000,运城市,140800,56760,34223
2019,山西省,140000,运城市,140800,58281,29634
2020,山西省,140000,运城市,140800,62075,33645
2021,山西省,140000,运城市,140800,72195,49809
2022,山西省,140000,运城市,140800,103600,67807
2023,山西省,140000,运城市,140800,52468,37242
2000,山西省,140000,忻州市,140900,1645,930
2001,山西省,140000,忻州市,140900,1080,312
2002,山西省,140000,忻州市,140900,1548,744
2003,山西省,140000,忻州市,140900,4179,2991
2004,山西省,140000,忻州市,140900,5274,4013
2005,山西省,140000,忻州市,140900,5877,4368
2006,山西省,140000,忻州市,140900,6630,4909
2007,山西省,140000,忻州市,140900,22579,20575
2008,山西省,140000,忻州市,140900,14579,12095
2009,山西省,140000,忻州市,140900,16822,13149
2010,山西省,140000,忻州市,140900,12432,9700
2011,山西省,140000,忻州市,140900,15110,11962
2012,山西省,140000,忻州市,140900,13926,10576
2013,山西省,140000,忻州市,140900,18004,14091
2014,山西省,140000,忻州市,140900,19054,14231
2015,山西省,140000,忻州市,140900,20521,14789
2016,山西省,140000,忻州市,140900,26855,19603
2017,山西省,140000,忻州市,140900,25959,17949
2018,山西省,140000,忻州市,140900,28082,18876
2019,山西省,140000,忻州市,140900,30744,21125
2020,山西省,140000,忻州市,140900,29325,18687
2021,山西省,140000,忻州市,140900,27438,18602
2022,山西省,140000,忻州市,140900,59678,50542
2023,山西省,140000,忻州市,140900,18815,15002
2000,山西省,140000,临汾市,141000,4141,2518
2001,山西省,140000,临汾市,141000,3032,1219
2002,山西省,140000,临汾市,141000,3109,1181
2003,山西省,140000,临汾市,141000,7994,5263
2004,山西省,140000,临汾市,141000,9897,7085
2005,山西省,140000,临汾市,141000,11340,8677
2006,山西省,140000,临汾市,141000,12524,9461
2007,山西省,140000,临汾市,141000,45798,42126
2008,山西省,140000,临汾市,141000,21405,17331
2009,山西省,140000,临汾市,141000,21569,17353
2010,山西省,140000,临汾市,141000,22443,17488
2011,山西省,140000,临汾市,141000,25308,20664
2012,山西省,140000,临汾市,141000,23147,18352
2013,山西省,140000,临汾市,141000,22186,16982
2014,山西省,140000,临汾市,141000,22934,16227
2015,山西省,140000,临汾市,141000,38799,29855
2016,山西省,140000,临汾市,141000,35498,24986
2017,山西省,140000,临汾市,141000,42923,30972
2018,山西省,140000,临汾市,141000,45077,27983
2019,山西省,140000,临汾市,141000,46772,26172
2020,山西省,140000,临汾市,141000,45905,26332
2021,山西省,140000,临汾市,141000,41576,26112
2022,山西省,140000,临汾市,141000,121265,103034
2023,山西省,140000,临汾市,141000,31356,23783
2000,山西省,140000,吕梁市,141100,2789,1938
2001,山西省,140000,吕梁市,141100,1397,380
2002,山西省,140000,吕梁市,141100,1833,799
2003,山西省,140000,吕梁市,141100,4809,3633
2004,山西省,140000,吕梁市,141100,4102,2635
2005,山西省,140000,吕梁市,141100,3706,2251
2006,山西省,140000,吕梁市,141100,5044,3358
2007,山西省,140000,吕梁市,141100,26199,24176
2008,山西省,140000,吕梁市,141100,11711,9208
2009,山西省,140000,吕梁市,141100,14314,11204
2010,山西省,140000,吕梁市,141100,15711,12857
2011,山西省,140000,吕梁市,141100,20534,17050
2012,山西省,140000,吕梁市,141100,20228,16617
2013,山西省,140000,吕梁市,141100,17885,13649
2014,山西省,140000,吕梁市,141100,17021,12120
2015,山西省,140000,吕梁市,141100,25142,18712
2016,山西省,140000,吕梁市,141100,30466,21967
2017,山西省,140000,吕梁市,141100,34603,23800
2018,山西省,140000,吕梁市,141100,36107,22498
2019,山西省,140000,吕梁市,141100,39310,23826
2020,山西省,140000,吕梁市,141100,41291,23791
2021,山西省,140000,吕梁市,141100,38024,24842
2022,山西省,140000,吕梁市,141100,70524,53945
2023,山西省,140000,吕梁市,141100,21579,15998
2000,内蒙古自治区,150000,呼和浩特市,150100,5697,3523
2001,内蒙古自治区,150000,呼和浩特市,150100,6015,3314
2002,内蒙古自治区,150000,呼和浩特市,150100,9409,6398
2003,内蒙古自治区,150000,呼和浩特市,150100,16325,12449
2004,内蒙古自治区,150000,呼和浩特市,150100,18029,13966
2005,内蒙古自治区,150000,呼和浩特市,150100,20434,16059
2006,内蒙古自治区,150000,呼和浩特市,150100,19403,14879
2007,内蒙古自治区,150000,呼和浩特市,150100,21590,16904
2008,内蒙古自治区,150000,呼和浩特市,150100,25399,20117
2009,内蒙古自治区,150000,呼和浩特市,150100,33617,27001
2010,内蒙古自治区,150000,呼和浩特市,150100,33023,26235
2011,内蒙古自治区,150000,呼和浩特市,150100,31889,24444
2012,内蒙古自治区,150000,呼和浩特市,150100,30473,23364
2013,内蒙古自治区,150000,呼和浩特市,150100,34836,26529
2014,内蒙古自治区,150000,呼和浩特市,150100,40200,26132
2015,内蒙古自治区,150000,呼和浩特市,150100,58000,41636
2016,内蒙古自治区,150000,呼和浩特市,150100,57092,38196
2017,内蒙古自治区,150000,呼和浩特市,150100,66658,45147
2018,内蒙古自治区,150000,呼和浩特市,150100,53140,27791
2019,内蒙古自治区,150000,呼和浩特市,150100,56740,29381
2020,内蒙古自治区,150000,呼和浩特市,150100,44297,22941
2021,内蒙古自治区,150000,呼和浩特市,150100,48019,27585
2022,内蒙古自治区,150000,呼和浩特市,150100,34618,19933
2023,内蒙古自治区,150000,呼和浩特市,150100,22737,13202
2000,内蒙古自治区,150000,包头市,150200,4037,1698
2001,内蒙古自治区,150000,包头市,150200,4101,1516
2002,内蒙古自治区,150000,包头市,150200,4398,1563
2003,内蒙古自治区,150000,包头市,150200,9496,3365
2004,内蒙古自治区,150000,包头市,150200,8602,4799
2005,内蒙古自治区,150000,包头市,150200,9773,6109
2006,内蒙古自治区,150000,包头市,150200,9603,6141
2007,内蒙古自治区,150000,包头市,150200,14785,10895
2008,内蒙古自治区,150000,包头市,150200,24959,20442
2009,内蒙古自治区,150000,包头市,150200,25006,20163
2010,内蒙古自治区,150000,包头市,150200,24587,18940
2011,内蒙古自治区,150000,包头市,150200,36203,30091
2012,内蒙古自治区,150000,包头市,150200,26135,20941
2013,内蒙古自治区,150000,包头市,150200,29397,23273
2014,内蒙古自治区,150000,包头市,150200,30642,22089
2015,内蒙古自治区,150000,包头市,150200,38153,28405
2016,内蒙古自治区,150000,包头市,150200,37376,26356
2017,内蒙古自治区,150000,包头市,150200,35850,24642
2018,内蒙古自治区,150000,包头市,150200,30356,16981
2019,内蒙古自治区,150000,包头市,150200,30860,16541
2020,内蒙古自治区,150000,包头市,150200,28707,16220
2021,内蒙古自治区,150000,包头市,150200,32541,19850
2022,内蒙古自治区,150000,包头市,150200,24492,15151
2023,内蒙古自治区,150000,包头市,150200,13784,8298
2000,内蒙古自治区,150000,乌海市,150300,2186,1858
2001,内蒙古自治区,150000,乌海市,150300,1923,1422
2002,内蒙古自治区,150000,乌海市,150300,2211,1742
2003,内蒙古自治区,150000,乌海市,150300,4748,4106
2004,内蒙古自治区,150000,乌海市,150300,4411,3710
2005,内蒙古自治区,150000,乌海市,150300,3998,3446
2006,内蒙古自治区,150000,乌海市,150300,4671,3996
2007,内蒙古自治区,150000,乌海市,150300,4774,4101
2008,内蒙古自治区,150000,乌海市,150300,6424,5656
2009,内蒙古自治区,150000,乌海市,150300,6252,5389
2010,内蒙古自治区,150000,乌海市,150300,5980,5115
2011,内蒙古自治区,150000,乌海市,150300,4500,3655
2012,内蒙古自治区,150000,乌海市,150300,4443,3668
2013,内蒙古自治区,150000,乌海市,150300,5560,4586
2014,内蒙古自治区,150000,乌海市,150300,6139,4516
2015,内蒙古自治区,150000,乌海市,150300,10093,8170
2016,内蒙古自治区,150000,乌海市,150300,9109,7073
2017,内蒙古自治区,150000,乌海市,150300,9411,6787
2018,内蒙古自治区,150000,乌海市,150300,8150,5185
2019,内蒙古自治区,150000,乌海市,150300,9187,5626
2020,内蒙古自治区,150000,乌海市,150300,7549,4771
2021,内蒙古自治区,150000,乌海市,150300,7339,4893
2022,内蒙古自治区,150000,乌海市,150300,6602,4446
2023,内蒙古自治区,150000,乌海市,150300,3791,2578
2000,内蒙古自治区,150000,赤峰市,150400,6654,5245
2001,内蒙古自治区,150000,赤峰市,150400,4796,3385
2002,内蒙古自治区,150000,赤峰市,150400,9984,8012
2003,内蒙古自治区,150000,赤峰市,150400,20418,17540
2004,内蒙古自治区,150000,赤峰市,150400,23350,20865
2005,内蒙古自治区,150000,赤峰市,150400,18560,15867
2006,内蒙古自治区,150000,赤峰市,150400,18832,16408
2007,内蒙古自治区,150000,赤峰市,150400,22642,19643
2008,内蒙古自治区,150000,赤峰市,150400,30875,27760
2009,内蒙古自治区,150000,赤峰市,150400,31456,27174
2010,内蒙古自治区,150000,赤峰市,150400,30728,26330
2011,内蒙古自治区,150000,赤峰市,150400,30028,26056
2012,内蒙古自治区,150000,赤峰市,150400,30950,26314
2013,内蒙古自治区,150000,赤峰市,150400,37414,29580
2014,内蒙古自治区,150000,赤峰市,150400,41875,28045
2015,内蒙古自治区,150000,赤峰市,150400,48113,37291
2016,内蒙古自治区,150000,赤峰市,150400,55539,42378
2017,内蒙古自治区,150000,赤峰市,150400,58535,44023
2018,内蒙古自治区,150000,赤峰市,150400,52439,35254
2019,内蒙古自治区,150000,赤峰市,150400,59285,38874
2020,内蒙古自治区,150000,赤峰市,150400,54353,35652
2021,内蒙古自治区,150000,赤峰市,150400,49892,35927
2022,内蒙古自治区,150000,赤峰市,150400,39252,29637
2023,内蒙古自治区,150000,赤峰市,150400,22470,16788
2000,内蒙古自治区,150000,通辽市,150500,6025,4959
2001,内蒙古自治区,150000,通辽市,150500,4390,3212
2002,内蒙古自治区,150000,通辽市,150500,5749,4437
2003,内蒙古自治区,150000,通辽市,150500,11239,9263
2004,内蒙古自治区,150000,通辽市,150500,19985,16702
2005,内蒙古自治区,150000,通辽市,150500,13978,10973
2006,内蒙古自治区,150000,通辽市,150500,12969,10215
2007,内蒙古自治区,150000,通辽市,150500,15481,12443
2008,内蒙古自治区,150000,通辽市,150500,29331,25202
2009,内蒙古自治区,150000,通辽市,150500,21975,18100
2010,内蒙古自治区,150000,通辽市,150500,22517,18623
2011,内蒙古自治区,150000,通辽市,150500,23579,19772
2012,内蒙古自治区,150000,通辽市,150500,25120,21032
2013,内蒙古自治区,150000,通辽市,150500,32233,25618
2014,内蒙古自治区,150000,通辽市,150500,36754,24810
2015,内蒙古自治区,150000,通辽市,150500,40392,31178
2016,内蒙古自治区,150000,通辽市,150500,41657,30949
2017,内蒙古自治区,150000,通辽市,150500,36738,24945
2018,内蒙古自治区,150000,通辽市,150500,28840,17258
2019,内蒙古自治区,150000,通辽市,150500,40278,20596
2020,内蒙古自治区,150000,通辽市,150500,41057,17429
2021,内蒙古自治区,150000,通辽市,150500,26833,20311
2022,内蒙古自治区,150000,通辽市,150500,23099,17701
2023,内蒙古自治区,150000,通辽市,150500,13614,10397
2000,内蒙古自治区,150000,鄂尔多斯市,150600,4729,3654
2001,内蒙古自治区,150000,鄂尔多斯市,150600,3016,1828
2002,内蒙古自治区,150000,鄂尔多斯市,150600,4552,3122
2003,内蒙古自治区,150000,鄂尔多斯市,150600,8049,6399
2004,内蒙古自治区,150000,鄂尔多斯市,150600,11430,9357
2005,内蒙古自治区,150000,鄂尔多斯市,150600,9951,7913
2006,内蒙古自治区,150000,鄂尔多斯市,150600,12705,9995
2007,内蒙古自治区,150000,鄂尔多斯市,150600,16518,13390
2008,内蒙古自治区,150000,鄂尔多斯市,150600,20847,16816
2009,内蒙古自治区,150000,鄂尔多斯市,150600,23190,18062
2010,内蒙古自治区,150000,鄂尔多斯市,150600,27206,19792
2011,内蒙古自治区,150000,鄂尔多斯市,150600,31329,23280
2012,内蒙古自治区,150000,鄂尔多斯市,150600,26148,21767
2013,内蒙古自治区,150000,鄂尔多斯市,150600,27420,23148
2014,内蒙古自治区,150000,鄂尔多斯市,150600,29836,22843
2015,内蒙古自治区,150000,鄂尔多斯市,150600,38091,29547
2016,内蒙古自治区,150000,鄂尔多斯市,150600,39123,27961
2017,内蒙古自治区,150000,鄂尔多斯市,150600,38580,25492
2018,内蒙古自治区,150000,鄂尔多斯市,150600,32890,18477
2019,内蒙古自治区,150000,鄂尔多斯市,150600,40449,22991
2020,内蒙古自治区,150000,鄂尔多斯市,150600,32294,18415
2021,内蒙古自治区,150000,鄂尔多斯市,150600,30847,18768
2022,内蒙古自治区,150000,鄂尔多斯市,150600,30092,18889
2023,内蒙古自治区,150000,鄂尔多斯市,150600,19052,12165
2000,内蒙古自治区,150000,呼伦贝尔市,150700,6803,5738
2001,内蒙古自治区,150000,呼伦贝尔市,150700,4806,3536
2002,内蒙古自治区,150000,呼伦贝尔市,150700,5666,3963
2003,内蒙古自治区,150000,呼伦贝尔市,150700,10726,8277
2004,内蒙古自治区,150000,呼伦贝尔市,150700,10148,8444
2005,内蒙古自治区,150000,呼伦贝尔市,150700,10688,8951
2006,内蒙古自治区,150000,呼伦贝尔市,150700,12474,10519
2007,内蒙古自治区,150000,呼伦贝尔市,150700,15439,13301
2008,内蒙古自治区,150000,呼伦贝尔市,150700,22586,20041
2009,内蒙古自治区,150000,呼伦贝尔市,150700,25295,22674
2010,内蒙古自治区,150000,呼伦贝尔市,150700,30081,26601
2011,内蒙古自治区,150000,呼伦贝尔市,150700,31717,28425
2012,内蒙古自治区,150000,呼伦贝尔市,150700,29594,26167
2013,内蒙古自治区,150000,呼伦贝尔市,150700,31920,27740
2014,内蒙古自治区,150000,呼伦贝尔市,150700,32046,25452
2015,内蒙古自治区,150000,呼伦贝尔市,150700,35876,29498
2016,内蒙古自治区,150000,呼伦贝尔市,150700,37105,29933
2017,内蒙古自治区,150000,呼伦贝尔市,150700,33741,25871
2018,内蒙古自治区,150000,呼伦贝尔市,150700,29566,21213
2019,内蒙古自治区,150000,呼伦贝尔市,150700,33263,24056
2020,内蒙古自治区,150000,呼伦贝尔市,150700,25005,18400
2021,内蒙古自治区,150000,呼伦贝尔市,150700,26485,20518
2022,内蒙古自治区,150000,呼伦贝尔市,150700,24097,19200
2023,内蒙古自治区,150000,呼伦贝尔市,150700,12203,9371
2000,内蒙古自治区,150000,巴彦淖尔市,150800,3279,2634
2001,内蒙古自治区,150000,巴彦淖尔市,150800,1787,1125
2002,内蒙古自治区,150000,巴彦淖尔市,150800,2098,1445
2003,内蒙古自治区,150000,巴彦淖尔市,150800,4933,3974
2004,内蒙古自治区,150000,巴彦淖尔市,150800,10859,9716
2005,内蒙古自治区,150000,巴彦淖尔市,150800,6441,5431
2006,内蒙古自治区,150000,巴彦淖尔市,150800,7374,6180
2007,内蒙古自治区,150000,巴彦淖尔市,150800,7216,5935
2008,内蒙古自治区,150000,巴彦淖尔市,150800,13915,12101
2009,内蒙古自治区,150000,巴彦淖尔市,150800,13994,11823
2010,内蒙古自治区,150000,巴彦淖尔市,150800,13604,11109
2011,内蒙古自治区,150000,巴彦淖尔市,150800,13668,11014
2012,内蒙古自治区,150000,巴彦淖尔市,150800,16979,14746
2013,内蒙古自治区,150000,巴彦淖尔市,150800,19704,16759
2014,内蒙古自治区,150000,巴彦淖尔市,150800,19801,15472
2015,内蒙古自治区,150000,巴彦淖尔市,150800,27785,23443
2016,内蒙古自治区,150000,巴彦淖尔市,150800,25248,20514
2017,内蒙古自治区,150000,巴彦淖尔市,150800,26424,20740
2018,内蒙古自治区,150000,巴彦淖尔市,150800,24317,17413
2019,内蒙古自治区,150000,巴彦淖尔市,150800,25085,17394
2020,内蒙古自治区,150000,巴彦淖尔市,150800,20947,14668
2021,内蒙古自治区,150000,巴彦淖尔市,150800,20793,15665
2022,内蒙古自治区,150000,巴彦淖尔市,150800,17371,13411
2023,内蒙古自治区,150000,巴彦淖尔市,150800,10945,8415
2000,内蒙古自治区,150000,乌兰察布市,150900,2737,2254
2001,内蒙古自治区,150000,乌兰察布市,150900,817,345
2002,内蒙古自治区,150000,乌兰察布市,150900,1467,862
2003,内蒙古自治区,150000,乌兰察布市,150900,4200,3361
2004,内蒙古自治区,150000,乌兰察布市,150900,6050,5040
2005,内蒙古自治区,150000,乌兰察布市,150900,6311,5280
2006,内蒙古自治区,150000,乌兰察布市,150900,7020,5616
2007,内蒙古自治区,150000,乌兰察布市,150900,6990,5575
2008,内蒙古自治区,150000,乌兰察布市,150900,9920,8362
2009,内蒙古自治区,150000,乌兰察布市,150900,8165,6511
2010,内蒙古自治区,150000,乌兰察布市,150900,13288,11167
2011,内蒙古自治区,150000,乌兰察布市,150900,10694,8120
2012,内蒙古自治区,150000,乌兰察布市,150900,14206,11094
2013,内蒙古自治区,150000,乌兰察布市,150900,18436,13833
2014,内蒙古自治区,150000,乌兰察布市,150900,17211,10894
2015,内蒙古自治区,150000,乌兰察布市,150900,25404,20526
2016,内蒙古自治区,150000,乌兰察布市,150900,20369,15585
2017,内蒙古自治区,150000,乌兰察布市,150900,21471,15846
2018,内蒙古自治区,150000,乌兰察布市,150900,20245,13641
2019,内蒙古自治区,150000,乌兰察布市,150900,20383,13265
2020,内蒙古自治区,150000,乌兰察布市,150900,20850,14659
2021,内蒙古自治区,150000,乌兰察布市,150900,19752,14333
2022,内蒙古自治区,150000,乌兰察布市,150900,14119,10400
2023,内蒙古自治区,150000,乌兰察布市,150900,9964,7278
2000,内蒙古自治区,150000,兴安盟,152200,2441,1944
2001,内蒙古自治区,150000,兴安盟,152200,2453,1873
2002,内蒙古自治区,150000,兴安盟,152200,3565,2774
2003,内蒙古自治区,150000,兴安盟,152200,4697,3752
2004,内蒙古自治区,150000,兴安盟,152200,10939,9969
2005,内蒙古自治区,150000,兴安盟,152200,6323,5521
2006,内蒙古自治区,150000,兴安盟,152200,6064,5292
2007,内蒙古自治区,150000,兴安盟,152200,7405,6443
2008,内蒙古自治区,150000,兴安盟,152200,11919,10733
2009,内蒙古自治区,150000,兴安盟,152200,14981,13557
2010,内蒙古自治区,150000,兴安盟,152200,14607,13203
2011,内蒙古自治区,150000,兴安盟,152200,16137,14680
2012,内蒙古自治区,150000,兴安盟,152200,15139,13381
2013,内蒙古自治区,150000,兴安盟,152200,16313,13553
2014,内蒙古自治区,150000,兴安盟,152200,18638,14581
2015,内蒙古自治区,150000,兴安盟,152200,19791,16550
2016,内蒙古自治区,150000,兴安盟,152200,20082,16458
2017,内蒙古自治区,150000,兴安盟,152200,19632,15257
2018,内蒙古自治区,150000,兴安盟,152200,16836,11149
2019,内蒙古自治区,150000,兴安盟,152200,18592,12390
2020,内蒙古自治区,150000,兴安盟,152200,17269,12220
2021,内蒙古自治区,150000,兴安盟,152200,18047,14374
2022,内蒙古自治区,150000,兴安盟,152200,15791,12540
2023,内蒙古自治区,150000,兴安盟,152200,10400,8718
2000,内蒙古自治区,150000,锡林郭勒盟,152500,1835,1511
2001,内蒙古自治区,150000,锡林郭勒盟,152500,1439,994
2002,内蒙古自治区,150000,锡林郭勒盟,152500,2021,1491
2003,内蒙古自治区,150000,锡林郭勒盟,152500,5637,4838
2004,内蒙古自治区,150000,锡林郭勒盟,152500,5017,4250
2005,内蒙古自治区,150000,锡林郭勒盟,152500,4340,3509
2006,内蒙古自治区,150000,锡林郭勒盟,152500,7562,6467
2007,内蒙古自治区,150000,锡林郭勒盟,152500,8335,7020
2008,内蒙古自治区,150000,锡林郭勒盟,152500,13078,11246
2009,内蒙古自治区,150000,锡林郭勒盟,152500,13910,11822
2010,内蒙古自治区,150000,锡林郭勒盟,152500,14990,12416
2011,内蒙古自治区,150000,锡林郭勒盟,152500,15137,12615
2012,内蒙古自治区,150000,锡林郭勒盟,152500,16803,14176
2013,内蒙古自治区,150000,锡林郭勒盟,152500,19089,15785
2014,内蒙古自治区,150000,锡林郭勒盟,152500,21282,16617
2015,内蒙古自治区,150000,锡林郭勒盟,152500,23822,19466
2016,内蒙古自治区,150000,锡林郭勒盟,152500,21912,17430
2017,内蒙古自治区,150000,锡林郭勒盟,152500,24209,19274
2018,内蒙古自治区,150000,锡林郭勒盟,152500,20863,14829
2019,内蒙古自治区,150000,锡林郭勒盟,152500,22172,15821
2020,内蒙古自治区,150000,锡林郭勒盟,152500,17435,12502
2021,内蒙古自治区,150000,锡林郭勒盟,152500,19710,14805
2022,内蒙古自治区,150000,锡林郭勒盟,152500,16732,12910
2023,内蒙古自治区,150000,锡林郭勒盟,152500,10382,7996
2000,内蒙古自治区,150000,阿拉善盟,152900,999,865
2001,内蒙古自治区,150000,阿拉善盟,152900,543,325
2002,内蒙古自治区,150000,阿拉善盟,152900,769,510
2003,内蒙古自治区,150000,阿拉善盟,152900,1266,923
2004,内蒙古自治区,150000,阿拉善盟,152900,2955,2569
2005,内蒙古自治区,150000,阿拉善盟,152900,1758,1399
2006,内蒙古自治区,150000,阿拉善盟,152900,1717,1411
2007,内蒙古自治区,150000,阿拉善盟,152900,2167,1785
2008,内蒙古自治区,150000,阿拉善盟,152900,2302,1828
2009,内蒙古自治区,150000,阿拉善盟,152900,2365,1872
2010,内蒙古自治区,150000,阿拉善盟,152900,3841,3150
2011,内蒙古自治区,150000,阿拉善盟,152900,3570,2790
2012,内蒙古自治区,150000,阿拉善盟,152900,3766,2983
2013,内蒙古自治区,150000,阿拉善盟,152900,4460,3642
2014,内蒙古自治区,150000,阿拉善盟,152900,4986,3745
2015,内蒙古自治区,150000,阿拉善盟,152900,6353,4973
2016,内蒙古自治区,150000,阿拉善盟,152900,6125,4688
2017,内蒙古自治区,150000,阿拉善盟,152900,7396,5472
2018,内蒙古自治区,150000,阿拉善盟,152900,5412,3414
2019,内蒙古自治区,150000,阿拉善盟,152900,6476,4022
2020,内蒙古自治区,150000,阿拉善盟,152900,5435,3572
2021,内蒙古自治区,150000,阿拉善盟,152900,4556,3271
2022,内蒙古自治区,150000,阿拉善盟,152900,4658,3378
2023,内蒙古自治区,150000,阿拉善盟,152900,3011,2235
2000,辽宁省,210000,沈阳市,210100,39389,20271
2001,辽宁省,210000,沈阳市,210100,46558,27026
2002,辽宁省,210000,沈阳市,210100,36091,18940
2003,辽宁省,210000,沈阳市,210100,41694,23591
2004,辽宁省,210000,沈阳市,210100,50077,30243
2005,辽宁省,210000,沈阳市,210100,52120,31447
2006,辽宁省,210000,沈阳市,210100,48451,28881
2007,辽宁省,210000,沈阳市,210100,54003,34400
2008,辽宁省,210000,沈阳市,210100,53276,33113
2009,辽宁省,210000,沈阳市,210100,61676,38723
2010,辽宁省,210000,沈阳市,210100,60097,33366
2011,辽宁省,210000,沈阳市,210100,65792,39286
2012,辽宁省,210000,沈阳市,210100,67173,45620
2013,辽宁省,210000,沈阳市,210100,74473,51417
2014,辽宁省,210000,沈阳市,210100,81081,45469
2015,辽宁省,210000,沈阳市,210100,93770,58796
2016,辽宁省,210000,沈阳市,210100,107296,64026
2017,辽宁省,210000,沈阳市,210100,163376,104223
2018,辽宁省,210000,沈阳市,210100,160756,60090
2019,辽宁省,210000,沈阳市,210100,161018,50188
2020,辽宁省,210000,沈阳市,210100,127195,50927
2021,辽宁省,210000,沈阳市,210100,118765,62684
2022,辽宁省,210000,沈阳市,210100,108142,60476
2023,辽宁省,210000,沈阳市,210100,61626,38147
2000,辽宁省,210000,大连市,210200,35207,21523
2001,辽宁省,210000,大连市,210200,31179,17099
2002,辽宁省,210000,大连市,210200,36097,20395
2003,辽宁省,210000,大连市,210200,39721,22317
2004,辽宁省,210000,大连市,210200,49111,28972
2005,辽宁省,210000,大连市,210200,43532,24719
2006,辽宁省,210000,大连市,210200,43239,24721
2007,辽宁省,210000,大连市,210200,45628,26844
2008,辽宁省,210000,大连市,210200,61202,40019
2009,辽宁省,210000,大连市,210200,67508,42926
2010,辽宁省,210000,大连市,210200,70327,44521
2011,辽宁省,210000,大连市,210200,71978,48186
2012,辽宁省,210000,大连市,210200,71373,49693
2013,辽宁省,210000,大连市,210200,76033,53348
2014,辽宁省,210000,大连市,210200,86803,52313
2015,辽宁省,210000,大连市,210200,86919,51077
2016,辽宁省,210000,大连市,210200,99261,56758
2017,辽宁省,210000,大连市,210200,115426,68937
2018,辽宁省,210000,大连市,210200,103988,36526
2019,辽宁省,210000,大连市,210200,96281,28620
2020,辽宁省,210000,大连市,210200,73483,22747
2021,辽宁省,210000,大连市,210200,72443,30213
2022,辽宁省,210000,大连市,210200,73091,32789
2023,辽宁省,210000,大连市,210200,33903,14214
2000,辽宁省,210000,鞍山市,210300,5969,2895
2001,辽宁省,210000,鞍山市,210300,6299,2918
2002,辽宁省,210000,鞍山市,210300,7186,3834
2003,辽宁省,210000,鞍山市,210300,8241,4389
2004,辽宁省,210000,鞍山市,210300,9899,5894
2005,辽宁省,210000,鞍山市,210300,9262,5337
2006,辽宁省,210000,鞍山市,210300,12731,8696
2007,辽宁省,210000,鞍山市,210300,16157,12698
2008,辽宁省,210000,鞍山市,210300,13788,10849
2009,辽宁省,210000,鞍山市,210300,16493,9714
2010,辽宁省,210000,鞍山市,210300,17537,11535
2011,辽宁省,210000,鞍山市,210300,19389,13245
2012,辽宁省,210000,鞍山市,210300,18600,13835
2013,辽宁省,210000,鞍山市,210300,21465,16764
2014,辽宁省,210000,鞍山市,210300,21936,16321
2015,辽宁省,210000,鞍山市,210300,33955,27831
2016,辽宁省,210000,鞍山市,210300,33227,26373
2017,辽宁省,210000,鞍山市,210300,43535,34904
2018,辽宁省,210000,鞍山市,210300,39860,23682
2019,辽宁省,210000,鞍山市,210300,42535,26527
2020,辽宁省,210000,鞍山市,210300,37643,24984
2021,辽宁省,210000,鞍山市,210300,35969,27546
2022,辽宁省,210000,鞍山市,210300,31884,24874
2023,辽宁省,210000,鞍山市,210300,14272,11450
2000,辽宁省,210000,抚顺市,210400,7197,4744
2001,辽宁省,210000,抚顺市,210400,7618,5001
2002,辽宁省,210000,抚顺市,210400,6649,4108
2003,辽宁省,210000,抚顺市,210400,8683,6065
2004,辽宁省,210000,抚顺市,210400,8537,5980
2005,辽宁省,210000,抚顺市,210400,10377,7619
2006,辽宁省,210000,抚顺市,210400,9139,6431
2007,辽宁省,210000,抚顺市,210400,12373,9325
2008,辽宁省,210000,抚顺市,210400,10722,8529
2009,辽宁省,210000,抚顺市,210400,15573,12108
2010,辽宁省,210000,抚顺市,210400,14034,10478
2011,辽宁省,210000,抚顺市,210400,13952,10611
2012,辽宁省,210000,抚顺市,210400,12540,9512
2013,辽宁省,210000,抚顺市,210400,12600,9782
2014,辽宁省,210000,抚顺市,210400,13675,9224
2015,辽宁省,210000,抚顺市,210400,16944,12512
2016,辽宁省,210000,抚顺市,210400,17252,12338
2017,辽宁省,210000,抚顺市,210400,18997,13451
2018,辽宁省,210000,抚顺市,210400,20109,12421
2019,辽宁省,210000,抚顺市,210400,24091,15213
2020,辽宁省,210000,抚顺市,210400,24383,16482
2021,辽宁省,210000,抚顺市,210400,29568,23580
2022,辽宁省,210000,抚顺市,210400,21484,17206
2023,辽宁省,210000,抚顺市,210400,9293,7260
2000,辽宁省,210000,本溪市,210500,2343,1165
2001,辽宁省,210000,本溪市,210500,9150,6455
2002,辽宁省,210000,本溪市,210500,3944,2385
2003,辽宁省,210000,本溪市,210500,7067,4917
2004,辽宁省,210000,本溪市,210500,6860,5063
2005,辽宁省,210000,本溪市,210500,7189,5202
2006,辽宁省,210000,本溪市,210500,5865,4308
2007,辽宁省,210000,本溪市,210500,8008,6463
2008,辽宁省,210000,本溪市,210500,6617,4850
2009,辽宁省,210000,本溪市,210500,8016,6726
2010,辽宁省,210000,本溪市,210500,10907,8514
2011,辽宁省,210000,本溪市,210500,10304,8645
2012,辽宁省,210000,本溪市,210500,9425,7846
2013,辽宁省,210000,本溪市,210500,9562,8064
2014,辽宁省,210000,本溪市,210500,10056,7511
2015,辽宁省,210000,本溪市,210500,12500,10005
2016,辽宁省,210000,本溪市,210500,12701,10057
2017,辽宁省,210000,本溪市,210500,14584,11362
2018,辽宁省,210000,本溪市,210500,16290,12117
2019,辽宁省,210000,本溪市,210500,14879,11050
2020,辽宁省,210000,本溪市,210500,14047,10812
2021,辽宁省,210000,本溪市,210500,14342,11354
2022,辽宁省,210000,本溪市,210500,12657,10337
2023,辽宁省,210000,本溪市,210500,7492,6352
2000,辽宁省,210000,丹东市,210600,10445,7307
2001,辽宁省,210000,丹东市,210600,16921,12794
2002,辽宁省,210000,丹东市,210600,10161,7134
2003,辽宁省,210000,丹东市,210600,12182,8706
2004,辽宁省,210000,丹东市,210600,13424,9833
2005,辽宁省,210000,丹东市,210600,12666,9431
2006,辽宁省,210000,丹东市,210600,10779,7761
2007,辽宁省,210000,丹东市,210600,11568,8368
2008,辽宁省,210000,丹东市,210600,12303,8866
2009,辽宁省,210000,丹东市,210600,18279,14268
2010,辽宁省,210000,丹东市,210600,16230,11302
2011,辽宁省,210000,丹东市,210600,16598,11062
2012,辽宁省,210000,丹东市,210600,16220,12579
2013,辽宁省,210000,丹东市,210600,15625,11792
2014,辽宁省,210000,丹东市,210600,15396,10690
2015,辽宁省,210000,丹东市,210600,21315,15863
2016,辽宁省,210000,丹东市,210600,24593,18639
2017,辽宁省,210000,丹东市,210600,40490,33641
2018,辽宁省,210000,丹东市,210600,37886,20995
2019,辽宁省,210000,丹东市,210600,41753,22765
2020,辽宁省,210000,丹东市,210600,22881,13809
2021,辽宁省,210000,丹东市,210600,23328,16826
2022,辽宁省,210000,丹东市,210600,19064,14745
2023,辽宁省,210000,丹东市,210600,9806,7725
2000,辽宁省,210000,锦州市,210700,14240,9031
2001,辽宁省,210000,锦州市,210700,9005,5556
2002,辽宁省,210000,锦州市,210700,7471,4821
2003,辽宁省,210000,锦州市,210700,9187,6012
2004,辽宁省,210000,锦州市,210700,12483,9252
2005,辽宁省,210000,锦州市,210700,12580,8075
2006,辽宁省,210000,锦州市,210700,12946,9323
2007,辽宁省,210000,锦州市,210700,17273,12398
2008,辽宁省,210000,锦州市,210700,18731,14381
2009,辽宁省,210000,锦州市,210700,26392,19378
2010,辽宁省,210000,锦州市,210700,22740,15172
2011,辽宁省,210000,锦州市,210700,21639,15665
2012,辽宁省,210000,锦州市,210700,19482,14586
2013,辽宁省,210000,锦州市,210700,20267,15463
2014,辽宁省,210000,锦州市,210700,28420,18892
2015,辽宁省,210000,锦州市,210700,28429,20853
2016,辽宁省,210000,锦州市,210700,31331,23484
2017,辽宁省,210000,锦州市,210700,34791,25216
2018,辽宁省,210000,锦州市,210700,33674,20322
2019,辽宁省,210000,锦州市,210700,33962,20146
2020,辽宁省,210000,锦州市,210700,27595,18074
2021,辽宁省,210000,锦州市,210700,28179,20259
2022,辽宁省,210000,锦州市,210700,24282,18467
2023,辽宁省,210000,锦州市,210700,16865,13924
2000,辽宁省,210000,营口市,210800,3268,1389
2001,辽宁省,210000,营口市,210800,7250,5100
2002,辽宁省,210000,营口市,210800,7700,5543
2003,辽宁省,210000,营口市,210800,12065,9274
2004,辽宁省,210000,营口市,210800,13314,10304
2005,辽宁省,210000,营口市,210800,15007,12040
2006,辽宁省,210000,营口市,210800,11779,8814
2007,辽宁省,210000,营口市,210800,21764,18070
2008,辽宁省,210000,营口市,210800,18184,11665
2009,辽宁省,210000,营口市,210800,24376,18984
2010,辽宁省,210000,营口市,210800,21454,15190
2011,辽宁省,210000,营口市,210800,21772,16110
2012,辽宁省,210000,营口市,210800,21716,16913
2013,辽宁省,210000,营口市,210800,23786,19101
2014,辽宁省,210000,营口市,210800,19969,14467
2015,辽宁省,210000,营口市,210800,26904,21131
2016,辽宁省,210000,营口市,210800,30027,22834
2017,辽宁省,210000,营口市,210800,32071,22705
2018,辽宁省,210000,营口市,210800,37242,20900
2019,辽宁省,210000,营口市,210800,52303,22638
2020,辽宁省,210000,营口市,210800,34880,18347
2021,辽宁省,210000,营口市,210800,29008,19114
2022,辽宁省,210000,营口市,210800,25822,18341
2023,辽宁省,210000,营口市,210800,12618,9857
2000,辽宁省,210000,阜新市,210900,1650,509
2001,辽宁省,210000,阜新市,210900,3144,1106
2002,辽宁省,210000,阜新市,210900,5266,2314
2003,辽宁省,210000,阜新市,210900,7410,2778
2004,辽宁省,210000,阜新市,210900,5711,2319
2005,辽宁省,210000,阜新市,210900,7724,4049
2006,辽宁省,210000,阜新市,210900,7128,3355
2007,辽宁省,210000,阜新市,210900,10960,7558
2008,辽宁省,210000,阜新市,210900,14092,11605
2009,辽宁省,210000,阜新市,210900,20484,13858
2010,辽宁省,210000,阜新市,210900,16111,11119
2011,辽宁省,210000,阜新市,210900,17158,12860
2012,辽宁省,210000,阜新市,210900,15526,12147
2013,辽宁省,210000,阜新市,210900,15051,11758
2014,辽宁省,210000,阜新市,210900,16214,10205
2015,辽宁省,210000,阜新市,210900,16383,12558
2016,辽宁省,210000,阜新市,210900,16977,12441
2017,辽宁省,210000,阜新市,210900,18870,14152
2018,辽宁省,210000,阜新市,210900,21769,12362
2019,辽宁省,210000,阜新市,210900,20722,12239
2020,辽宁省,210000,阜新市,210900,20825,13941
2021,辽宁省,210000,阜新市,210900,19110,14334
2022,辽宁省,210000,阜新市,210900,18479,14597
2023,辽宁省,210000,阜新市,210900,8222,6644
2000,辽宁省,210000,辽阳市,211000,2302,997
2001,辽宁省,210000,辽阳市,211000,13266,9444
2002,辽宁省,210000,辽阳市,211000,5816,3866
2003,辽宁省,210000,辽阳市,211000,9651,7222
2004,辽宁省,210000,辽阳市,211000,10956,8460
2005,辽宁省,210000,辽阳市,211000,8631,6641
2006,辽宁省,210000,辽阳市,211000,8948,6948
2007,辽宁省,210000,辽阳市,211000,10668,8377
2008,辽宁省,210000,辽阳市,211000,11184,8640
2009,辽宁省,210000,辽阳市,211000,13354,10207
2010,辽宁省,210000,辽阳市,211000,15162,11264
2011,辽宁省,210000,辽阳市,211000,13951,10454
2012,辽宁省,210000,辽阳市,211000,13367,10345
2013,辽宁省,210000,辽阳市,211000,12319,9624
2014,辽宁省,210000,辽阳市,211000,10762,7625
2015,辽宁省,210000,辽阳市,211000,13692,9996
2016,辽宁省,210000,辽阳市,211000,16376,12490
2017,辽宁省,210000,辽阳市,211000,22101,17360
2018,辽宁省,210000,辽阳市,211000,22883,14837
2019,辽宁省,210000,辽阳市,211000,21204,12636
2020,辽宁省,210000,辽阳市,211000,15620,10420
2021,辽宁省,210000,辽阳市,211000,15689,11639
2022,辽宁省,210000,辽阳市,211000,15503,12035
2023,辽宁省,210000,辽阳市,211000,8881,7326
2000,辽宁省,210000,盘锦市,211100,2209,809
2001,辽宁省,210000,盘锦市,211100,4258,2458
2002,辽宁省,210000,盘锦市,211100,3459,1791
2003,辽宁省,210000,盘锦市,211100,4867,2374
2004,辽宁省,210000,盘锦市,211100,4622,2403
2005,辽宁省,210000,盘锦市,211100,5280,3141
2006,辽宁省,210000,盘锦市,211100,4671,2463
2007,辽宁省,210000,盘锦市,211100,9566,5657
2008,辽宁省,210000,盘锦市,211100,9406,5678
2009,辽宁省,210000,盘锦市,211100,18381,9404
2010,辽宁省,210000,盘锦市,211100,15208,9543
2011,辽宁省,210000,盘锦市,211100,15797,11194
2012,辽宁省,210000,盘锦市,211100,12049,9037
2013,辽宁省,210000,盘锦市,211100,14011,11353
2014,辽宁省,210000,盘锦市,211100,14830,11682
2015,辽宁省,210000,盘锦市,211100,19730,15754
2016,辽宁省,210000,盘锦市,211100,21279,16316
2017,辽宁省,210000,盘锦市,211100,21266,16197
2018,辽宁省,210000,盘锦市,211100,20782,13800
2019,辽宁省,210000,盘锦市,211100,22165,14132
2020,辽宁省,210000,盘锦市,211100,18966,12497
2021,辽宁省,210000,盘锦市,211100,18409,13250
2022,辽宁省,210000,盘锦市,211100,15416,11610
2023,辽宁省,210000,盘锦市,211100,6594,4783
2000,辽宁省,210000,铁岭市,211200,4516,2072
2001,辽宁省,210000,铁岭市,211200,4953,1650
2002,辽宁省,210000,铁岭市,211200,4946,1873
2003,辽宁省,210000,铁岭市,211200,10965,6205
2004,辽宁省,210000,铁岭市,211200,9260,4868
2005,辽宁省,210000,铁岭市,211200,9872,6335
2006,辽宁省,210000,铁岭市,211200,11320,7212
2007,辽宁省,210000,铁岭市,211200,19474,13381
2008,辽宁省,210000,铁岭市,211200,17020,12192
2009,辽宁省,210000,铁岭市,211200,20405,15277
2010,辽宁省,210000,铁岭市,211200,21446,14432
2011,辽宁省,210000,铁岭市,211200,19109,14813
2012,辽宁省,210000,铁岭市,211200,16131,11958
2013,辽宁省,210000,铁岭市,211200,17620,12987
2014,辽宁省,210000,铁岭市,211200,20380,13667
2015,辽宁省,210000,铁岭市,211200,22605,17336
2016,辽宁省,210000,铁岭市,211200,23052,17475
2017,辽宁省,210000,铁岭市,211200,23272,17636
2018,辽宁省,210000,铁岭市,211200,22477,14606
2019,辽宁省,210000,铁岭市,211200,34067,20226
2020,辽宁省,210000,铁岭市,211200,25954,17253
2021,辽宁省,210000,铁岭市,211200,26249,21313
2022,辽宁省,210000,铁岭市,211200,22663,18975
2023,辽宁省,210000,铁岭市,211200,10587,8677
2000,辽宁省,210000,朝阳市,211300,3819,2225
2001,辽宁省,210000,朝阳市,211300,6758,4156
2002,辽宁省,210000,朝阳市,211300,6155,3907
2003,辽宁省,210000,朝阳市,211300,8813,5811
2004,辽宁省,210000,朝阳市,211300,12139,9108
2005,辽宁省,210000,朝阳市,211300,12801,9518
2006,辽宁省,210000,朝阳市,211300,10621,7830
2007,辽宁省,210000,朝阳市,211300,12625,9476
2008,辽宁省,210000,朝阳市,211300,12370,9072
2009,辽宁省,210000,朝阳市,211300,17314,13193
2010,辽宁省,210000,朝阳市,211300,14735,10386
2011,辽宁省,210000,朝阳市,211300,23137,18981
2012,辽宁省,210000,朝阳市,211300,20633,16907
2013,辽宁省,210000,朝阳市,211300,20333,16526
2014,辽宁省,210000,朝阳市,211300,19524,14577
2015,辽宁省,210000,朝阳市,211300,24877,19409
2016,辽宁省,210000,朝阳市,211300,33778,26868
2017,辽宁省,210000,朝阳市,211300,39369,30790
2018,辽宁省,210000,朝阳市,211300,35952,24820
2019,辽宁省,210000,朝阳市,211300,42287,29492
2020,辽宁省,210000,朝阳市,211300,34393,24938
2021,辽宁省,210000,朝阳市,211300,31309,24346
2022,辽宁省,210000,朝阳市,211300,27135,21404
2023,辽宁省,210000,朝阳市,211300,11324,8762
2000,辽宁省,210000,葫芦岛市,211400,2409,839
2001,辽宁省,210000,葫芦岛市,211400,4381,1332
2002,辽宁省,210000,葫芦岛市,211400,4300,1486
2003,辽宁省,210000,葫芦岛市,211400,5840,2332
2004,辽宁省,210000,葫芦岛市,211400,5007,1853
2005,辽宁省,210000,葫芦岛市,211400,8643,4367
2006,辽宁省,210000,葫芦岛市,211400,6654,3310
2007,辽宁省,210000,葫芦岛市,211400,9012,5224
2008,辽宁省,210000,葫芦岛市,211400,13389,8731
2009,辽宁省,210000,葫芦岛市,211400,21658,15845
2010,辽宁省,210000,葫芦岛市,211400,18115,11965
2011,辽宁省,210000,葫芦岛市,211400,19020,14734
2012,辽宁省,210000,葫芦岛市,211400,29384,24032
2013,辽宁省,210000,葫芦岛市,211400,21469,17852
2014,辽宁省,210000,葫芦岛市,211400,18425,13764
2015,辽宁省,210000,葫芦岛市,211400,27571,22026
2016,辽宁省,210000,葫芦岛市,211400,28390,21854
2017,辽宁省,210000,葫芦岛市,211400,31211,23092
2018,辽宁省,210000,葫芦岛市,211400,31946,20217
2019,辽宁省,210000,葫芦岛市,211400,33511,20538
2020,辽宁省,210000,葫芦岛市,211400,35629,19728
2021,辽宁省,210000,葫芦岛市,211400,27130,19025
2022,辽宁省,210000,葫芦岛市,211400,21991,16728
2023,辽宁省,210000,葫芦岛市,211400,11777,8923
2000,吉林省,220000,长春市,220100,21584,6063
2001,吉林省,220000,长春市,220100,19996,4299
2002,吉林省,220000,长春市,220100,20545,4822
2003,吉林省,220000,长春市,220100,32576,14931
2004,吉林省,220000,长春市,220100,38549,19293
2005,吉林省,220000,长春市,220100,43186,20977
2006,吉林省,220000,长春市,220100,52009,28736
2007,吉林省,220000,长春市,220100,71301,46762
2008,吉林省,220000,长春市,220100,93792,65866
2009,吉林省,220000,长春市,220100,99685,69397
2010,吉林省,220000,长春市,220100,124135,92570
2011,吉林省,220000,长春市,220100,163859,123231
2012,吉林省,220000,长春市,220100,154648,114710
2013,吉林省,220000,长春市,220100,188900,137750
2014,吉林省,220000,长春市,220100,196790,136599
2015,吉林省,220000,长春市,220100,216664,146267
2016,吉林省,220000,长春市,220100,248406,170376
2017,吉林省,220000,长春市,220100,311881,222876
2018,吉林省,220000,长春市,220100,241462,125158
2019,吉林省,220000,长春市,220100,261906,122625
2020,吉林省,220000,长春市,220100,268794,129313
2021,吉林省,220000,长春市,220100,337238,185436
2022,吉林省,220000,长春市,220100,243268,108021
2023,吉林省,220000,长春市,220100,135841,76166
2000,吉林省,220000,吉林市,220200,9884,6658
2001,吉林省,220000,吉林市,220200,8972,4503
2002,吉林省,220000,吉林市,220200,7731,3891
2003,吉林省,220000,吉林市,220200,20746,15514
2004,吉林省,220000,吉林市,220200,19105,14001
2005,吉林省,220000,吉林市,220200,16971,11706
2006,吉林省,220000,吉林市,220200,16161,10661
2007,吉林省,220000,吉林市,220200,24703,18879
2008,吉林省,220000,吉林市,220200,22650,17379
2009,吉林省,220000,吉林市,220200,28937,22016
2010,吉林省,220000,吉林市,220200,34375,26735
2011,吉林省,220000,吉林市,220200,37809,30107
2012,吉林省,220000,吉林市,220200,33287,26200
2013,吉林省,220000,吉林市,220200,42928,33673
2014,吉林省,220000,吉林市,220200,44895,33316
2015,吉林省,220000,吉林市,220200,52663,39283
2016,吉林省,220000,吉林市,220200,50178,36592
2017,吉林省,220000,吉林市,220200,61559,45027
2018,吉林省,220000,吉林市,220200,71301,43350
2019,吉林省,220000,吉林市,220200,65486,40576
2020,吉林省,220000,吉林市,220200,40989,24509
2021,吉林省,220000,吉林市,220200,42264,28403
2022,吉林省,220000,吉林市,220200,44762,31696
2023,吉林省,220000,吉林市,220200,19717,15152
2000,吉林省,220000,四平市,220300,3844,2413
2001,吉林省,220000,四平市,220300,3759,1964
2002,吉林省,220000,四平市,220300,3086,1375
2003,吉林省,220000,四平市,220300,8000,5895
2004,吉林省,220000,四平市,220300,7953,6084
2005,吉林省,220000,四平市,220300,8453,6413
2006,吉林省,220000,四平市,220300,9476,6738
2007,吉林省,220000,四平市,220300,24505,21679
2008,吉林省,220000,四平市,220300,24600,21673
2009,吉林省,220000,四平市,220300,42812,38362
2010,吉林省,220000,四平市,220300,35201,30608
2011,吉林省,220000,四平市,220300,41293,35404
2012,吉林省,220000,四平市,220300,40891,35075
2013,吉林省,220000,四平市,220300,40155,32933
2014,吉林省,220000,四平市,220300,40346,32257
2015,吉林省,220000,四平市,220300,38795,30223
2016,吉林省,220000,四平市,220300,52625,41627
2017,吉林省,220000,四平市,220300,54046,41350
2018,吉林省,220000,四平市,220300,42635,29479
2019,吉林省,220000,四平市,220300,40959,27441
2020,吉林省,220000,四平市,220300,40207,28668
2021,吉林省,220000,四平市,220300,42414,31242
2022,吉林省,220000,四平市,220300,56684,45091
2023,吉林省,220000,四平市,220300,41748,36784
2000,吉林省,220000,辽源市,220400,2476,1963
2001,吉林省,220000,辽源市,220400,1465,616
2002,吉林省,220000,辽源市,220400,1731,650
2003,吉林省,220000,辽源市,220400,5530,4240
2004,吉林省,220000,辽源市,220400,5088,3697
2005,吉林省,220000,辽源市,220400,3717,2190
2006,吉林省,220000,辽源市,220400,4323,2609
2007,吉林省,220000,辽源市,220400,5062,3265
2008,吉林省,220000,辽源市,220400,19075,17118
2009,吉林省,220000,辽源市,220400,12248,10129
2010,吉林省,220000,辽源市,220400,14593,12087
2011,吉林省,220000,辽源市,220400,17501,14562
2012,吉林省,220000,辽源市,220400,19934,17533
2013,吉林省,220000,辽源市,220400,22409,18938
2014,吉林省,220000,辽源市,220400,18695,14985
2015,吉林省,220000,辽源市,220400,17849,13948
2016,吉林省,220000,辽源市,220400,19653,15506
2017,吉林省,220000,辽源市,220400,21942,17626
2018,吉林省,220000,辽源市,220400,20701,16584
2019,吉林省,220000,辽源市,220400,19676,15231
2020,吉林省,220000,辽源市,220400,18983,14070
2021,吉林省,220000,辽源市,220400,21207,15992
2022,吉林省,220000,辽源市,220400,18769,14448
2023,吉林省,220000,辽源市,220400,18150,16505
2000,吉林省,220000,通化市,220500,3405,2249
2001,吉林省,220000,通化市,220500,2483,1104
2002,吉林省,220000,通化市,220500,2791,1579
2003,吉林省,220000,通化市,220500,11891,9832
2004,吉林省,220000,通化市,220500,10720,8284
2005,吉林省,220000,通化市,220500,10908,8173
2006,吉林省,220000,通化市,220500,12472,9499
2007,吉林省,220000,通化市,220500,24996,21511
2008,吉林省,220000,通化市,220500,18924,15074
2009,吉林省,220000,通化市,220500,25276,20259
2010,吉林省,220000,通化市,220500,53015,44722
2011,吉林省,220000,通化市,220500,32672,25630
2012,吉林省,220000,通化市,220500,27162,21115
2013,吉林省,220000,通化市,220500,46649,38930
2014,吉林省,220000,通化市,220500,44255,35995
2015,吉林省,220000,通化市,220500,38447,30580
2016,吉林省,220000,通化市,220500,46610,34965
2017,吉林省,220000,通化市,220500,50541,37146
2018,吉林省,220000,通化市,220500,57661,39516
2019,吉林省,220000,通化市,220500,51940,33474
2020,吉林省,220000,通化市,220500,43418,29134
2021,吉林省,220000,通化市,220500,40435,27322
2022,吉林省,220000,通化市,220500,37654,24114
2023,吉林省,220000,通化市,220500,17637,14132
2000,吉林省,220000,白山市,220600,835,482
2001,吉林省,220000,白山市,220600,889,393
2002,吉林省,220000,白山市,220600,1195,586
2003,吉林省,220000,白山市,220600,2808,1791
2004,吉林省,220000,白山市,220600,7379,6165
2005,吉林省,220000,白山市,220600,4751,3405
2006,吉林省,220000,白山市,220600,7019,5125
2007,吉林省,220000,白山市,220600,13447,11033
2008,吉林省,220000,白山市,220600,12036,9544
2009,吉林省,220000,白山市,220600,17107,13579
2010,吉林省,220000,白山市,220600,19220,15755
2011,吉林省,220000,白山市,220600,21043,17234
2012,吉林省,220000,白山市,220600,18726,15846
2013,吉林省,220000,白山市,220600,23901,19968
2014,吉林省,220000,白山市,220600,22721,17936
2015,吉林省,220000,白山市,220600,25083,20242
2016,吉林省,220000,白山市,220600,26204,19654
2017,吉林省,220000,白山市,220600,29103,21016
2018,吉林省,220000,白山市,220600,31067,23375
2019,吉林省,220000,白山市,220600,29389,21304
2020,吉林省,220000,白山市,220600,28844,21497
2021,吉林省,220000,白山市,220600,28564,21490
2022,吉林省,220000,白山市,220600,21557,15655
2023,吉林省,220000,白山市,220600,14990,13066
2000,吉林省,220000,松原市,220700,913,567
2001,吉林省,220000,松原市,220700,1282,788
2002,吉林省,220000,松原市,220700,1129,643
2003,吉林省,220000,松原市,220700,3950,3202
2004,吉林省,220000,松原市,220700,7853,6709
2005,吉林省,220000,松原市,220700,11553,9769
2006,吉林省,220000,松原市,220700,12322,10050
2007,吉林省,220000,松原市,220700,19900,16629
2008,吉林省,220000,松原市,220700,23232,20168
2009,吉林省,220000,松原市,220700,27306,23724
2010,吉林省,220000,松原市,220700,29073,25202
2011,吉林省,220000,松原市,220700,35012,30061
2012,吉林省,220000,松原市,220700,36148,31111
2013,吉林省,220000,松原市,220700,40695,32816
2014,吉林省,220000,松原市,220700,47650,37625
2015,吉林省,220000,松原市,220700,44870,32794
2016,吉林省,220000,松原市,220700,57248,43464
2017,吉林省,220000,松原市,220700,67126,52654
2018,吉林省,220000,松原市,220700,55371,35063
2019,吉林省,220000,松原市,220700,57924,38275
2020,吉林省,220000,松原市,220700,51265,34503
2021,吉林省,220000,松原市,220700,68654,52418
2022,吉林省,220000,松原市,220700,49566,32952
2023,吉林省,220000,松原市,220700,30862,24016
2000,吉林省,220000,白城市,220800,1515,1097
2001,吉林省,220000,白城市,220800,901,508
2002,吉林省,220000,白城市,220800,1064,622
2003,吉林省,220000,白城市,220800,2548,1799
2004,吉林省,220000,白城市,220800,3525,2622
2005,吉林省,220000,白城市,220800,6335,5083
2006,吉林省,220000,白城市,220800,5995,4451
2007,吉林省,220000,白城市,220800,13770,11745
2008,吉林省,220000,白城市,220800,14546,12116
2009,吉林省,220000,白城市,220800,25141,20737
2010,吉林省,220000,白城市,220800,24150,19851
2011,吉林省,220000,白城市,220800,25567,19940
2012,吉林省,220000,白城市,220800,18098,14258
2013,吉林省,220000,白城市,220800,26890,19105
2014,吉林省,220000,白城市,220800,29857,20742
2015,吉林省,220000,白城市,220800,33860,24191
2016,吉林省,220000,白城市,220800,43312,30457
2017,吉林省,220000,白城市,220800,49296,35591
2018,吉林省,220000,白城市,220800,39871,27148
2019,吉林省,220000,白城市,220800,38621,26848
2020,吉林省,220000,白城市,220800,35074,25643
2021,吉林省,220000,白城市,220800,41159,30198
2022,吉林省,220000,白城市,220800,30672,23918
2023,吉林省,220000,白城市,220800,20600,17356
2000,吉林省,220000,延边朝鲜族自治州,222400,8237,4512
2001,吉林省,220000,延边朝鲜族自治州,222400,6453,3003
2002,吉林省,220000,延边朝鲜族自治州,222400,8775,5505
2003,吉林省,220000,延边朝鲜族自治州,222400,30568,25084
2004,吉林省,220000,延边朝鲜族自治州,222400,19055,14333
2005,吉林省,220000,延边朝鲜族自治州,222400,27884,21280
2006,吉林省,220000,延边朝鲜族自治州,222400,20025,13951
2007,吉林省,220000,延边朝鲜族自治州,222400,58651,50832
2008,吉林省,220000,延边朝鲜族自治州,222400,36724,30213
2009,吉林省,220000,延边朝鲜族自治州,222400,40726,33005
2010,吉林省,220000,延边朝鲜族自治州,222400,39442,31469
2011,吉林省,220000,延边朝鲜族自治州,222400,39497,31695
2012,吉林省,220000,延边朝鲜族自治州,222400,39379,31599
2013,吉林省,220000,延边朝鲜族自治州,222400,44216,35621
2014,吉林省,220000,延边朝鲜族自治州,222400,48670,36849
2015,吉林省,220000,延边朝鲜族自治州,222400,64251,51605
2016,吉林省,220000,延边朝鲜族自治州,222400,66878,50582
2017,吉林省,220000,延边朝鲜族自治州,222400,69893,51617
2018,吉林省,220000,延边朝鲜族自治州,222400,54553,34211
2019,吉林省,220000,延边朝鲜族自治州,222400,48663,30555
2020,吉林省,220000,延边朝鲜族自治州,222400,49242,31214
2021,吉林省,220000,延边朝鲜族自治州,222400,46995,31606
2022,吉林省,220000,延边朝鲜族自治州,222400,35583,23610
2023,吉林省,220000,延边朝鲜族自治州,222400,17637,12979
2000,黑龙江省,230000,哈尔滨市,230100,16995,11203
2001,黑龙江省,230000,哈尔滨市,230100,22442,15540
2002,黑龙江省,230000,哈尔滨市,230100,24549,16516
2003,黑龙江省,230000,哈尔滨市,230100,33680,23426
2004,黑龙江省,230000,哈尔滨市,230100,37366,25932
2005,黑龙江省,230000,哈尔滨市,230100,53733,40236
2006,黑龙江省,230000,哈尔滨市,230100,51232,38096
2007,黑龙江省,230000,哈尔滨市,230100,60897,47860
2008,黑龙江省,230000,哈尔滨市,230100,70068,55119
2009,黑龙江省,230000,哈尔滨市,230100,73745,57611
2010,黑龙江省,230000,哈尔滨市,230100,75190,58168
2011,黑龙江省,230000,哈尔滨市,230100,73279,54595
2012,黑龙江省,230000,哈尔滨市,230100,73420,56180
2013,黑龙江省,230000,哈尔滨市,230100,87305,65086
2014,黑龙江省,230000,哈尔滨市,230100,108945,77842
2015,黑龙江省,230000,哈尔滨市,230100,98251,66213
2016,黑龙江省,230000,哈尔滨市,230100,113359,74654
2017,黑龙江省,230000,哈尔滨市,230100,131918,84555
2018,黑龙江省,230000,哈尔滨市,230100,138806,61734
2019,黑龙江省,230000,哈尔滨市,230100,137732,58813
2020,黑龙江省,230000,哈尔滨市,230100,104410,51274
2021,黑龙江省,230000,哈尔滨市,230100,122762,81410
2022,黑龙江省,230000,哈尔滨市,230100,116140,76669
2023,黑龙江省,230000,哈尔滨市,230100,48266,28576
2000,黑龙江省,230000,齐齐哈尔市,230200,4375,2075
2001,黑龙江省,230000,齐齐哈尔市,230200,4104,1929
2002,黑龙江省,230000,齐齐哈尔市,230200,7174,4050
2003,黑龙江省,230000,齐齐哈尔市,230200,9989,6227
2004,黑龙江省,230000,齐齐哈尔市,230200,10185,6258
2005,黑龙江省,230000,齐齐哈尔市,230200,15400,10703
2006,黑龙江省,230000,齐齐哈尔市,230200,20633,14223
2007,黑龙江省,230000,齐齐哈尔市,230200,26149,20105
2008,黑龙江省,230000,齐齐哈尔市,230200,31746,23332
2009,黑龙江省,230000,齐齐哈尔市,230200,32596,22704
2010,黑龙江省,230000,齐齐哈尔市,230200,31425,21464
2011,黑龙江省,230000,齐齐哈尔市,230200,28920,19621
2012,黑龙江省,230000,齐齐哈尔市,230200,33316,23511
2013,黑龙江省,230000,齐齐哈尔市,230200,36923,23028
2014,黑龙江省,230000,齐齐哈尔市,230200,34159,21463
2015,黑龙江省,230000,齐齐哈尔市,230200,44867,29869
2016,黑龙江省,230000,齐齐哈尔市,230200,45185,28515
2017,黑龙江省,230000,齐齐哈尔市,230200,44909,25178
2018,黑龙江省,230000,齐齐哈尔市,230200,41744,19973
2019,黑龙江省,230000,齐齐哈尔市,230200,52209,21152
2020,黑龙江省,230000,齐齐哈尔市,230200,38394,18299
2021,黑龙江省,230000,齐齐哈尔市,230200,30077,22472
2022,黑龙江省,230000,齐齐哈尔市,230200,33393,25412
2023,黑龙江省,230000,齐齐哈尔市,230200,11484,7787
2000,黑龙江省,230000,鸡西市,230300,1858,1129
2001,黑龙江省,230000,鸡西市,230300,2357,1319
2002,黑龙江省,230000,鸡西市,230300,2591,1679
2003,黑龙江省,230000,鸡西市,230300,3601,2525
2004,黑龙江省,230000,鸡西市,230300,5355,4425
2005,黑龙江省,230000,鸡西市,230300,8390,7255
2006,黑龙江省,230000,鸡西市,230300,9074,7761
2007,黑龙江省,230000,鸡西市,230300,9007,8029
2008,黑龙江省,230000,鸡西市,230300,13966,12877
2009,黑龙江省,230000,鸡西市,230300,15262,13843
2010,黑龙江省,230000,鸡西市,230300,15061,13509
2011,黑龙江省,230000,鸡西市,230300,15745,14013
2012,黑龙江省,230000,鸡西市,230300,13586,11957
2013,黑龙江省,230000,鸡西市,230300,15535,13687
2014,黑龙江省,230000,鸡西市,230300,14978,12341
2015,黑龙江省,230000,鸡西市,230300,17603,15011
2016,黑龙江省,230000,鸡西市,230300,19326,16167
2017,黑龙江省,230000,鸡西市,230300,18736,15224
2018,黑龙江省,230000,鸡西市,230300,17759,12976
2019,黑龙江省,230000,鸡西市,230300,17471,12520
2020,黑龙江省,230000,鸡西市,230300,14658,10826
2021,黑龙江省,230000,鸡西市,230300,14902,11890
2022,黑龙江省,230000,鸡西市,230300,14046,11069
2023,黑龙江省,230000,鸡西市,230300,6656,5376
2000,黑龙江省,230000,鹤岗市,230400,1640,1280
2001,黑龙江省,230000,鹤岗市,230400,1498,998
2002,黑龙江省,230000,鹤岗市,230400,2145,1509
2003,黑龙江省,230000,鹤岗市,230400,2467,1681
2004,黑龙江省,230000,鹤岗市,230400,4691,3615
2005,黑龙江省,230000,鹤岗市,230400,5403,4396
2006,黑龙江省,230000,鹤岗市,230400,5364,4631
2007,黑龙江省,230000,鹤岗市,230400,7084,6430
2008,黑龙江省,230000,鹤岗市,230400,8387,7589
2009,黑龙江省,230000,鹤岗市,230400,9193,8214
2010,黑龙江省,230000,鹤岗市,230400,9332,8474
2011,黑龙江省,230000,鹤岗市,230400,8598,7700
2012,黑龙江省,230000,鹤岗市,230400,8718,7783
2013,黑龙江省,230000,鹤岗市,230400,9192,7976
2014,黑龙江省,230000,鹤岗市,230400,8172,6095
2015,黑龙江省,230000,鹤岗市,230400,9320,7450
2016,黑龙江省,230000,鹤岗市,230400,10761,8334
2017,黑龙江省,230000,鹤岗市,230400,10571,8261
2018,黑龙江省,230000,鹤岗市,230400,12775,10115
2019,黑龙江省,230000,鹤岗市,230400,11767,9060
2020,黑龙江省,230000,鹤岗市,230400,10854,8608
2021,黑龙江省,230000,鹤岗市,230400,10759,8449
2022,黑龙江省,230000,鹤岗市,230400,10979,8809
2023,黑龙江省,230000,鹤岗市,230400,3986,2964
2000,黑龙江省,230000,双鸭山市,230500,2076,1583
2001,黑龙江省,230000,双鸭山市,230500,1432,844
2002,黑龙江省,230000,双鸭山市,230500,1785,1012
2003,黑龙江省,230000,双鸭山市,230500,2364,1558
2004,黑龙江省,230000,双鸭山市,230500,5566,4640
2005,黑龙江省,230000,双鸭山市,230500,8679,7612
2006,黑龙江省,230000,双鸭山市,230500,6712,5828
2007,黑龙江省,230000,双鸭山市,230500,6434,5594
2008,黑龙江省,230000,双鸭山市,230500,11087,9893
2009,黑龙江省,230000,双鸭山市,230500,10812,9495
2010,黑龙江省,230000,双鸭山市,230500,11238,9945
2011,黑龙江省,230000,双鸭山市,230500,11448,10152
2012,黑龙江省,230000,双鸭山市,230500,11175,9776
2013,黑龙江省,230000,双鸭山市,230500,11939,10497
2014,黑龙江省,230000,双鸭山市,230500,12548,9562
2015,黑龙江省,230000,双鸭山市,230500,14330,11743
2016,黑龙江省,230000,双鸭山市,230500,15202,11984
2017,黑龙江省,230000,双鸭山市,230500,16149,12292
2018,黑龙江省,230000,双鸭山市,230500,14679,10393
2019,黑龙江省,230000,双鸭山市,230500,14384,10626
2020,黑龙江省,230000,双鸭山市,230500,13998,10965
2021,黑龙江省,230000,双鸭山市,230500,15761,13304
2022,黑龙江省,230000,双鸭山市,230500,16092,13706
2023,黑龙江省,230000,双鸭山市,230500,6547,5462
2000,黑龙江省,230000,大庆市,230600,6729,5428
2001,黑龙江省,230000,大庆市,230600,4634,2957
2002,黑龙江省,230000,大庆市,230600,8422,5918
2003,黑龙江省,230000,大庆市,230600,11358,8377
2004,黑龙江省,230000,大庆市,230600,11188,8134
2005,黑龙江省,230000,大庆市,230600,16792,13675
2006,黑龙江省,230000,大庆市,230600,19049,15516
2007,黑龙江省,230000,大庆市,230600,22463,19084
2008,黑龙江省,230000,大庆市,230600,27760,24116
2009,黑龙江省,230000,大庆市,230600,26695,22973
2010,黑龙江省,230000,大庆市,230600,26160,22406
2011,黑龙江省,230000,大庆市,230600,25588,21612
2012,黑龙江省,230000,大庆市,230600,26145,22621
2013,黑龙江省,230000,大庆市,230600,27148,22901
2014,黑龙江省,230000,大庆市,230600,32393,26152
2015,黑龙江省,230000,大庆市,230600,33914,27306
2016,黑龙江省,230000,大庆市,230600,36890,29095
2017,黑龙江省,230000,大庆市,230600,42892,33413
2018,黑龙江省,230000,大庆市,230600,41604,27346
2019,黑龙江省,230000,大庆市,230600,43576,27779
2020,黑龙江省,230000,大庆市,230600,35318,24587
2021,黑龙江省,230000,大庆市,230600,33916,26449
2022,黑龙江省,230000,大庆市,230600,32989,26392
2023,黑龙江省,230000,大庆市,230600,17278,13769
2000,黑龙江省,230000,伊春市,230700,1197,860
2001,黑龙江省,230000,伊春市,230700,1549,808
2002,黑龙江省,230000,伊春市,230700,1317,661
2003,黑龙江省,230000,伊春市,230700,1985,1375
2004,黑龙江省,230000,伊春市,230700,2740,1977
2005,黑龙江省,230000,伊春市,230700,4420,3743
2006,黑龙江省,230000,伊春市,230700,4328,3799
2007,黑龙江省,230000,伊春市,230700,3534,3068
2008,黑龙江省,230000,伊春市,230700,6503,5781
2009,黑龙江省,230000,伊春市,230700,9505,8601
2010,黑龙江省,230000,伊春市,230700,8179,7251
2011,黑龙江省,230000,伊春市,230700,7107,6249
2012,黑龙江省,230000,伊春市,230700,8496,7513
2013,黑龙江省,230000,伊春市,230700,8638,7606
2014,黑龙江省,230000,伊春市,230700,9569,7948
2015,黑龙江省,230000,伊春市,230700,10525,8703
2016,黑龙江省,230000,伊春市,230700,8879,6763
2017,黑龙江省,230000,伊春市,230700,9211,6725
2018,黑龙江省,230000,伊春市,230700,10966,8259
2019,黑龙江省,230000,伊春市,230700,11312,8431
2020,黑龙江省,230000,伊春市,230700,10065,7712
2021,黑龙江省,230000,伊春市,230700,9770,8091
2022,黑龙江省,230000,伊春市,230700,10613,8935
2023,黑龙江省,230000,伊春市,230700,3931,3123
2000,黑龙江省,230000,佳木斯市,230800,2688,1852
2001,黑龙江省,230000,佳木斯市,230800,2944,1898
2002,黑龙江省,230000,佳木斯市,230800,3524,2289
2003,黑龙江省,230000,佳木斯市,230800,4619,3205
2004,黑龙江省,230000,佳木斯市,230800,6764,5193
2005,黑龙江省,230000,佳木斯市,230800,10056,8173
2006,黑龙江省,230000,佳木斯市,230800,12172,10212
2007,黑龙江省,230000,佳木斯市,230800,13157,11133
2008,黑龙江省,230000,佳木斯市,230800,24099,21587
2009,黑龙江省,230000,佳木斯市,230800,24042,21358
2010,黑龙江省,230000,佳木斯市,230800,24861,21981
2011,黑龙江省,230000,佳木斯市,230800,23937,20977
2012,黑龙江省,230000,佳木斯市,230800,25430,22078
2013,黑龙江省,230000,佳木斯市,230800,26366,21823
2014,黑龙江省,230000,佳木斯市,230800,26815,20281
2015,黑龙江省,230000,佳木斯市,230800,28309,22781
2016,黑龙江省,230000,佳木斯市,230800,29333,22215
2017,黑龙江省,230000,佳木斯市,230800,30201,22220
2018,黑龙江省,230000,佳木斯市,230800,27572,18364
2019,黑龙江省,230000,佳木斯市,230800,34921,22487
2020,黑龙江省,230000,佳木斯市,230800,30598,22864
2021,黑龙江省,230000,佳木斯市,230800,35410,28613
2022,黑龙江省,230000,佳木斯市,230800,33112,27071
2023,黑龙江省,230000,佳木斯市,230800,15353,12321
2000,黑龙江省,230000,七台河市,230900,623,367
2001,黑龙江省,230000,七台河市,230900,529,251
2002,黑龙江省,230000,七台河市,230900,791,400
2003,黑龙江省,230000,七台河市,230900,3623,2874
2004,黑龙江省,230000,七台河市,230900,3594,3141
2005,黑龙江省,230000,七台河市,230900,4744,4249
2006,黑龙江省,230000,七台河市,230900,4164,3687
2007,黑龙江省,230000,七台河市,230900,6224,5687
2008,黑龙江省,230000,七台河市,230900,8741,8144
2009,黑龙江省,230000,七台河市,230900,10211,9542
2010,黑龙江省,230000,七台河市,230900,8435,7805
2011,黑龙江省,230000,七台河市,230900,8021,7397
2012,黑龙江省,230000,七台河市,230900,7800,7184
2013,黑龙江省,230000,七台河市,230900,7492,6706
2014,黑龙江省,230000,七台河市,230900,7096,5914
2015,黑龙江省,230000,七台河市,230900,7865,6680
2016,黑龙江省,230000,七台河市,230900,7998,6622
2017,黑龙江省,230000,七台河市,230900,9763,8047
2018,黑龙江省,230000,七台河市,230900,9645,6853
2019,黑龙江省,230000,七台河市,230900,10309,7520
2020,黑龙江省,230000,七台河市,230900,7876,5558
2021,黑龙江省,230000,七台河市,230900,9059,7415
2022,黑龙江省,230000,七台河市,230900,8960,7377
2023,黑龙江省,230000,七台河市,230900,3455,2856
2000,黑龙江省,230000,牡丹江市,231000,9095,7346
2001,黑龙江省,230000,牡丹江市,231000,8039,6131
2002,黑龙江省,230000,牡丹江市,231000,9913,7974
2003,黑龙江省,230000,牡丹江市,231000,13377,10739
2004,黑龙江省,230000,牡丹江市,231000,18314,15503
2005,黑龙江省,230000,牡丹江市,231000,20779,18307
2006,黑龙江省,230000,牡丹江市,231000,15000,12546
2007,黑龙江省,230000,牡丹江市,231000,14845,12404
2008,黑龙江省,230000,牡丹江市,231000,18074,15348
2009,黑龙江省,230000,牡丹江市,231000,20035,17006
2010,黑龙江省,230000,牡丹江市,231000,20054,16663
2011,黑龙江省,230000,牡丹江市,231000,20520,16926
2012,黑龙江省,230000,牡丹江市,231000,22598,19116
2013,黑龙江省,230000,牡丹江市,231000,23713,20481
2014,黑龙江省,230000,牡丹江市,231000,25198,20249
2015,黑龙江省,230000,牡丹江市,231000,28315,22895
2016,黑龙江省,230000,牡丹江市,231000,28985,22246
2017,黑龙江省,230000,牡丹江市,231000,28830,21113
2018,黑龙江省,230000,牡丹江市,231000,28903,19824
2019,黑龙江省,230000,牡丹江市,231000,29997,21137
2020,黑龙江省,230000,牡丹江市,231000,29546,20724
2021,黑龙江省,230000,牡丹江市,231000,33541,27370
2022,黑龙江省,230000,牡丹江市,231000,30801,25224
2023,黑龙江省,230000,牡丹江市,231000,13203,10313
2000,黑龙江省,230000,黑河市,231100,2228,1885
2001,黑龙江省,230000,黑河市,231100,1374,825
2002,黑龙江省,230000,黑河市,231100,1759,1189
2003,黑龙江省,230000,黑河市,231100,2913,2097
2004,黑龙江省,230000,黑河市,231100,4602,3795
2005,黑龙江省,230000,黑河市,231100,6142,5116
2006,黑龙江省,230000,黑河市,231100,6109,5196
2007,黑龙江省,230000,黑河市,231100,7273,6230
2008,黑龙江省,230000,黑河市,231100,12156,10403
2009,黑龙江省,230000,黑河市,231100,14443,12721
2010,黑龙江省,230000,黑河市,231100,14617,12676
2011,黑龙江省,230000,黑河市,231100,13828,12010
2012,黑龙江省,230000,黑河市,231100,15695,13476
2013,黑龙江省,230000,黑河市,231100,17094,14230
2014,黑龙江省,230000,黑河市,231100,15203,11970
2015,黑龙江省,230000,黑河市,231100,17659,14203
2016,黑龙江省,230000,黑河市,231100,20519,15330
2017,黑龙江省,230000,黑河市,231100,19791,15078
2018,黑龙江省,230000,黑河市,231100,17324,12076
2019,黑龙江省,230000,黑河市,231100,18395,12342
2020,黑龙江省,230000,黑河市,231100,14782,10316
2021,黑龙江省,230000,黑河市,231100,15634,13275
2022,黑龙江省,230000,黑河市,231100,16459,14051
2023,黑龙江省,230000,黑河市,231100,7518,6322
2000,黑龙江省,230000,绥化市,231200,3736,3025
2001,黑龙江省,230000,绥化市,231200,2671,1668
2002,黑龙江省,230000,绥化市,231200,4191,3007
2003,黑龙江省,230000,绥化市,231200,4419,3190
2004,黑龙江省,230000,绥化市,231200,8694,7236
2005,黑龙江省,230000,绥化市,231200,10083,8622
2006,黑龙江省,230000,绥化市,231200,14107,12609
2007,黑龙江省,230000,绥化市,231200,20466,18917
2008,黑龙江省,230000,绥化市,231200,26534,23628
2009,黑龙江省,230000,绥化市,231200,35589,32612
2010,黑龙江省,230000,绥化市,231200,30443,27318
2011,黑龙江省,230000,绥化市,231200,33463,30322
2012,黑龙江省,230000,绥化市,231200,36460,32427
2013,黑龙江省,230000,绥化市,231200,43316,33202
2014,黑龙江省,230000,绥化市,231200,36453,28129
2015,黑龙江省,230000,绥化市,231200,36392,29435
2016,黑龙江省,230000,绥化市,231200,40915,31497
2017,黑龙江省,230000,绥化市,231200,44063,32788
2018,黑龙江省,230000,绥化市,231200,45231,26455
2019,黑龙江省,230000,绥化市,231200,43770,26639
2020,黑龙江省,230000,绥化市,231200,37720,24425
2021,黑龙江省,230000,绥化市,231200,34628,26117
2022,黑龙江省,230000,绥化市,231200,43563,36009
2023,黑龙江省,230000,绥化市,231200,17711,13963
2000,黑龙江省,230000,大兴安岭地区,232700,828,651
2001,黑龙江省,230000,大兴安岭地区,232700,938,688
2002,黑龙江省,230000,大兴安岭地区,232700,916,657
2003,黑龙江省,230000,大兴安岭地区,232700,1568,1227
2004,黑龙江省,230000,大兴安岭地区,232700,2625,2288
2005,黑龙江省,230000,大兴安岭地区,232700,3238,2912
2006,黑龙江省,230000,大兴安岭地区,232700,2166,1887
2007,黑龙江省,230000,大兴安岭地区,232700,2319,2005
2008,黑龙江省,230000,大兴安岭地区,232700,3413,3047
2009,黑龙江省,230000,大兴安岭地区,232700,3818,3413
2010,黑龙江省,230000,大兴安岭地区,232700,3502,3030
2011,黑龙江省,230000,大兴安岭地区,232700,4273,3766
2012,黑龙江省,230000,大兴安岭地区,232700,4206,3656
2013,黑龙江省,230000,大兴安岭地区,232700,4230,3533
2014,黑龙江省,230000,大兴安岭地区,232700,3948,3107
2015,黑龙江省,230000,大兴安岭地区,232700,4654,3803
2016,黑龙江省,230000,大兴安岭地区,232700,4863,3802
2017,黑龙江省,230000,大兴安岭地区,232700,4583,3341
2018,黑龙江省,230000,大兴安岭地区,232700,4803,3805
2019,黑龙江省,230000,大兴安岭地区,232700,4609,3613
2020,黑龙江省,230000,大兴安岭地区,232700,4632,3861
2021,黑龙江省,230000,大兴安岭地区,232700,4417,3628
2022,黑龙江省,230000,大兴安岭地区,232700,3885,3225
2023,黑龙江省,230000,大兴安岭地区,232700,1564,1240
2000,上海市,310000,上海市,310100,124381,41745
2001,上海市,310000,上海市,310100,121464,36396
2002,上海市,310000,上海市,310100,151198,48423
2003,上海市,310000,上海市,310100,169912,45114
2004,上海市,310000,上海市,310100,202376,51276
2005,上海市,310000,上海市,310100,198816,44148
2006,上海市,310000,上海市,310100,149909,44281
2007,上海市,310000,上海市,310100,130159,47705
2008,上海市,310000,上海市,310100,140043,51467
2009,上海市,310000,上海市,310100,176712,62653
2010,上海市,310000,上海市,310100,191682,58656
2011,上海市,310000,上海市,310100,194018,50445
2012,上海市,310000,上海市,310100,196015,49526
2013,上海市,310000,上海市,310100,210999,47069
2014,上海市,310000,上海市,310100,284763,45737
2015,上海市,310000,上海市,310100,313583,42606
2016,上海市,310000,上海市,310100,366638,53780
2017,上海市,310000,上海市,310100,363137,42164
2018,上海市,310000,上海市,310100,387954,28794
2019,上海市,310000,上海市,310100,421216,21143
2020,上海市,310000,上海市,310100,434459,17426
2021,上海市,310000,上海市,310100,443301,23744
2022,上海市,310000,上海市,310100,351604,18555
2023,上海市,310000,上海市,310100,163976,5946
2000,江苏省,320000,南京市,320100,46024,27128
2001,江苏省,320000,南京市,320100,34175,15886
2002,江苏省,320000,南京市,320100,56128,33868
2003,江苏省,320000,南京市,320100,59111,33377
2004,江苏省,320000,南京市,320100,66423,39510
2005,江苏省,320000,南京市,320100,62208,36859
2006,江苏省,320000,南京市,320100,57366,33289
2007,江苏省,320000,南京市,320100,56705,33248
2008,江苏省,320000,南京市,320100,81447,59497
2009,江苏省,320000,南京市,320100,71633,46532
2010,江苏省,320000,南京市,320100,76103,46504
2011,江苏省,320000,南京市,320100,73660,43503
2012,江苏省,320000,南京市,320100,76353,47189
2013,江苏省,320000,南京市,320100,84949,49095
2014,江苏省,320000,南京市,320100,112165,60250
2015,江苏省,320000,南京市,320100,135282,56199
2016,江苏省,320000,南京市,320100,197261,72288
2017,江苏省,320000,南京市,320100,199638,103864
2018,江苏省,320000,南京市,320100,220289,124747
2019,江苏省,320000,南京市,320100,229954,125801
2020,江苏省,320000,南京市,320100,236190,138716
2021,江苏省,320000,南京市,320100,216237,119103
2022,江苏省,320000,南京市,320100,152335,77233
2023,江苏省,320000,南京市,320100,74251,43313
2000,江苏省,320000,无锡市,320200,23989,11998
2001,江苏省,320000,无锡市,320200,26768,12103
2002,江苏省,320000,无锡市,320200,31133,13968
2003,江苏省,320000,无锡市,320200,34819,17161
2004,江苏省,320000,无锡市,320200,34138,18747
2005,江苏省,320000,无锡市,320200,41378,28426
2006,江苏省,320000,无锡市,320200,41817,27025
2007,江苏省,320000,无锡市,320200,42155,28415
2008,江苏省,320000,无锡市,320200,43481,29833
2009,江苏省,320000,无锡市,320200,52154,34199
2010,江苏省,320000,无锡市,320200,55717,32892
2011,江苏省,320000,无锡市,320200,54694,35101
2012,江苏省,320000,无锡市,320200,55738,34889
2013,江苏省,320000,无锡市,320200,57473,33937
2014,江苏省,320000,无锡市,320200,74498,41990
2015,江苏省,320000,无锡市,320200,79289,41843
2016,江苏省,320000,无锡市,320200,94125,49577
2017,江苏省,320000,无锡市,320200,120149,65431
2018,江苏省,320000,无锡市,320200,129507,70076
2019,江苏省,320000,无锡市,320200,129459,73745
2020,江苏省,320000,无锡市,320200,229186,164200
2021,江苏省,320000,无锡市,320200,127674,71454
2022,江苏省,320000,无锡市,320200,93179,46128
2023,江苏省,320000,无锡市,320200,50591,29903
2000,江苏省,320000,徐州市,320300,20692,14601
2001,江苏省,320000,徐州市,320300,11796,6041
2002,江苏省,320000,徐州市,320300,15634,9103
2003,江苏省,320000,徐州市,320300,16713,10111
2004,江苏省,320000,徐州市,320300,19748,12092
2005,江苏省,320000,徐州市,320300,28911,21142
2006,江苏省,320000,徐州市,320300,21357,11995
2007,江苏省,320000,徐州市,320300,25587,15574
2008,江苏省,320000,徐州市,320300,33406,22680
2009,江苏省,320000,徐州市,320300,49532,33976
2010,江苏省,320000,徐州市,320300,43248,26109
2011,江苏省,320000,徐州市,320300,42522,24543
2012,江苏省,320000,徐州市,320300,42894,29701
2013,江苏省,320000,徐州市,320300,51517,28924
2014,江苏省,320000,徐州市,320300,68961,43682
2015,江苏省,320000,徐州市,320300,76184,45026
2016,江苏省,320000,徐州市,320300,120178,76377
2017,江苏省,320000,徐州市,320300,148943,98656
2018,江苏省,320000,徐州市,320300,164177,103328
2019,江苏省,320000,徐州市,320300,167184,101794
2020,江苏省,320000,徐州市,320300,282369,217210
2021,江苏省,320000,徐州市,320300,160831,90857
2022,江苏省,320000,徐州市,320300,118128,69350
2023,江苏省,320000,徐州市,320300,60484,37487
2000,江苏省,320000,常州市,320400,29626,22405
2001,江苏省,320000,常州市,320400,17071,9730
2002,江苏省,320000,常州市,320400,24839,15010
2003,江苏省,320000,常州市,320400,24870,15124
2004,江苏省,320000,常州市,320400,22767,14197
2005,江苏省,320000,常州市,320400,25000,16371
2006,江苏省,320000,常州市,320400,27254,17867
2007,江苏省,320000,常州市,320400,30372,21559
2008,江苏省,320000,常州市,320400,30586,21763
2009,江苏省,320000,常州市,320400,36551,26935
2010,江苏省,320000,常州市,320400,39303,26724
2011,江苏省,320000,常州市,320400,44406,31210
2012,江苏省,320000,常州市,320400,45390,31848
2013,江苏省,320000,常州市,320400,50867,36043
2014,江苏省,320000,常州市,320400,61276,41066
2015,江苏省,320000,常州市,320400,60746,38127
2016,江苏省,320000,常州市,320400,72324,45220
2017,江苏省,320000,常州市,320400,91273,58414
2018,江苏省,320000,常州市,320400,92395,58820
2019,江苏省,320000,常州市,320400,97827,63071
2020,江苏省,320000,常州市,320400,116361,84173
2021,江苏省,320000,常州市,320400,97362,60064
2022,江苏省,320000,常州市,320400,76539,46250
2023,江苏省,320000,常州市,320400,38534,24767
2000,江苏省,320000,苏州市,320500,35602,19576
2001,江苏省,320000,苏州市,320500,41741,21775
2002,江苏省,320000,苏州市,320500,64500,39310
2003,江苏省,320000,苏州市,320500,73017,44903
2004,江苏省,320000,苏州市,320500,70704,44875
2005,江苏省,320000,苏州市,320500,65062,40272
2006,江苏省,320000,苏州市,320500,69328,41154
2007,江苏省,320000,苏州市,320500,74328,46559
2008,江苏省,320000,苏州市,320500,87173,61833
2009,江苏省,320000,苏州市,320500,91958,60901
2010,江苏省,320000,苏州市,320500,111741,70914
2011,江苏省,320000,苏州市,320500,114985,72161
2012,江苏省,320000,苏州市,320500,110625,70413
2013,江苏省,320000,苏州市,320500,120492,73041
2014,江苏省,320000,苏州市,320500,145425,76707
2015,江苏省,320000,苏州市,320500,169804,87871
2016,江苏省,320000,苏州市,320500,206275,101050
2017,江苏省,320000,苏州市,320500,291999,145885
2018,江苏省,320000,苏州市,320500,275140,139553
2019,江苏省,320000,苏州市,320500,345720,153876
2020,江苏省,320000,苏州市,320500,346994,163544
2021,江苏省,320000,苏州市,320500,258212,138813
2022,江苏省,320000,苏州市,320500,175809,81643
2023,江苏省,320000,苏州市,320500,105123,62714
2000,江苏省,320000,南通市,320600,32785,26327
2001,江苏省,320000,南通市,320600,15690,8955
2002,江苏省,320000,南通市,320600,22331,15173
2003,江苏省,320000,南通市,320600,25981,17402
2004,江苏省,320000,南通市,320600,75650,47700
2005,江苏省,320000,南通市,320600,62631,34025
2006,江苏省,320000,南通市,320600,75812,42002
2007,江苏省,320000,南通市,320600,62477,33421
2008,江苏省,320000,南通市,320600,54955,35573
2009,江苏省,320000,南通市,320600,53977,36707
2010,江苏省,320000,南通市,320600,72492,43117
2011,江苏省,320000,南通市,320600,76831,45032
2012,江苏省,320000,南通市,320600,76932,45294
2013,江苏省,320000,南通市,320600,69390,41425
2014,江苏省,320000,南通市,320600,67240,44417
2015,江苏省,320000,南通市,320600,74187,46230
2016,江苏省,320000,南通市,320600,91959,59137
2017,江苏省,320000,南通市,320600,110894,69019
2018,江苏省,320000,南通市,320600,118347,76653
2019,江苏省,320000,南通市,320600,114264,71733
2020,江苏省,320000,南通市,320600,149187,106625
2021,江苏省,320000,南通市,320600,115378,60110
2022,江苏省,320000,南通市,320600,76367,40059
2023,江苏省,320000,南通市,320600,52885,28477
2000,江苏省,320000,连云港市,320700,18078,15783
2001,江苏省,320000,连云港市,320700,8028,5172
2002,江苏省,320000,连云港市,320700,12361,8651
2003,江苏省,320000,连云港市,320700,12953,9274
2004,江苏省,320000,连云港市,320700,20038,16038
2005,江苏省,320000,连云港市,320700,19033,14581
2006,江苏省,320000,连云港市,320700,23208,17347
2007,江苏省,320000,连云港市,320700,22101,15910
2008,江苏省,320000,连云港市,320700,24388,17966
2009,江苏省,320000,连云港市,320700,30454,21810
2010,江苏省,320000,连云港市,320700,24979,17462
2011,江苏省,320000,连云港市,320700,23478,16000
2012,江苏省,320000,连云港市,320700,22803,16308
2013,江苏省,320000,连云港市,320700,29596,17276
2014,江苏省,320000,连云港市,320700,32075,19264
2015,江苏省,320000,连云港市,320700,38329,21974
2016,江苏省,320000,连云港市,320700,58539,39234
2017,江苏省,320000,连云港市,320700,72537,48901
2018,江苏省,320000,连云港市,320700,83905,57212
2019,江苏省,320000,连云港市,320700,87947,57921
2020,江苏省,320000,连云港市,320700,118124,81927
2021,江苏省,320000,连云港市,320700,100980,54596
2022,江苏省,320000,连云港市,320700,63574,37947
2023,江苏省,320000,连云港市,320700,40408,26724
2000,江苏省,320000,淮安市,320800,21780,18733
2001,江苏省,320000,淮安市,320800,10093,6992
2002,江苏省,320000,淮安市,320800,13097,9233
2003,江苏省,320000,淮安市,320800,19311,14842
2004,江苏省,320000,淮安市,320800,23308,18607
2005,江苏省,320000,淮安市,320800,21988,17259
2006,江苏省,320000,淮安市,320800,22990,17793
2007,江苏省,320000,淮安市,320800,28395,22630
2008,江苏省,320000,淮安市,320800,43942,33726
2009,江苏省,320000,淮安市,320800,42753,32534
2010,江苏省,320000,淮安市,320800,41066,29396
2011,江苏省,320000,淮安市,320800,45083,29370
2012,江苏省,320000,淮安市,320800,41747,28909
2013,江苏省,320000,淮安市,320800,39126,24780
2014,江苏省,320000,淮安市,320800,47996,30417
2015,江苏省,320000,淮安市,320800,54023,33263
2016,江苏省,320000,淮安市,320800,60843,38058
2017,江苏省,320000,淮安市,320800,67264,41650
2018,江苏省,320000,淮安市,320800,72112,48730
2019,江苏省,320000,淮安市,320800,89216,52405
2020,江苏省,320000,淮安市,320800,105347,59530
2021,江苏省,320000,淮安市,320800,74228,43830
2022,江苏省,320000,淮安市,320800,59182,36054
2023,江苏省,320000,淮安市,320800,30984,20261
2000,江苏省,320000,盐城市,320900,43954,37577
2001,江苏省,320000,盐城市,320900,29748,23046
2002,江苏省,320000,盐城市,320900,24454,16695
2003,江苏省,320000,盐城市,320900,29433,22043
2004,江苏省,320000,盐城市,320900,35033,26506
2005,江苏省,320000,盐城市,320900,31817,22859
2006,江苏省,320000,盐城市,320900,35786,24089
2007,江苏省,320000,盐城市,320900,56720,37877
2008,江苏省,320000,盐城市,320900,80234,53011
2009,江苏省,320000,盐城市,320900,74686,46424
2010,江苏省,320000,盐城市,320900,70137,40120
2011,江苏省,320000,盐城市,320900,80643,43378
2012,江苏省,320000,盐城市,320900,83669,45267
2013,江苏省,320000,盐城市,320900,101049,63698
2014,江苏省,320000,盐城市,320900,70162,40410
2015,江苏省,320000,盐城市,320900,88321,48797
2016,江苏省,320000,盐城市,320900,108313,58559
2017,江苏省,320000,盐城市,320900,105675,52780
2018,江苏省,320000,盐城市,320900,105510,61083
2019,江苏省,320000,盐城市,320900,98215,58187
2020,江苏省,320000,盐城市,320900,205699,164311
2021,江苏省,320000,盐城市,320900,94815,49207
2022,江苏省,320000,盐城市,320900,62339,31587
2023,江苏省,320000,盐城市,320900,32470,18397
2000,江苏省,320000,扬州市,321000,28349,23466
2001,江苏省,320000,扬州市,321000,18586,13822
2002,江苏省,320000,扬州市,321000,23753,18162
2003,江苏省,320000,扬州市,321000,23108,16769
2004,江苏省,320000,扬州市,321000,23491,16999
2005,江苏省,320000,扬州市,321000,27003,18489
2006,江苏省,320000,扬州市,321000,25733,16695
2007,江苏省,320000,扬州市,321000,30438,19728
2008,江苏省,320000,扬州市,321000,34385,21156
2009,江苏省,320000,扬州市,321000,38541,22880
2010,江苏省,320000,扬州市,321000,34705,18873
2011,江苏省,320000,扬州市,321000,35347,19051
2012,江苏省,320000,扬州市,321000,38435,21099
2013,江苏省,320000,扬州市,321000,41276,24307
2014,江苏省,320000,扬州市,321000,53243,31507
2015,江苏省,320000,扬州市,321000,59609,32742
2016,江苏省,320000,扬州市,321000,58048,32193
2017,江苏省,320000,扬州市,321000,69405,37773
2018,江苏省,320000,扬州市,321000,78875,48487
2019,江苏省,320000,扬州市,321000,68370,40154
2020,江苏省,320000,扬州市,321000,112433,82726
2021,江苏省,320000,扬州市,321000,64241,29997
2022,江苏省,320000,扬州市,321000,71542,42691
2023,江苏省,320000,扬州市,321000,32718,20550
2000,江苏省,320000,镇江市,321100,19138,14725
2001,江苏省,320000,镇江市,321100,10148,5981
2002,江苏省,320000,镇江市,321100,13512,8519
2003,江苏省,320000,镇江市,321100,14921,10066
2004,江苏省,320000,镇江市,321100,15900,11426
2005,江苏省,320000,镇江市,321100,14557,9629
2006,江苏省,320000,镇江市,321100,14951,9957
2007,江苏省,320000,镇江市,321100,14306,9379
2008,江苏省,320000,镇江市,321100,16498,11257
2009,江苏省,320000,镇江市,321100,21558,15239
2010,江苏省,320000,镇江市,321100,53278,34751
2011,江苏省,320000,镇江市,321100,29636,19096
2012,江苏省,320000,镇江市,321100,28313,17159
2013,江苏省,320000,镇江市,321100,29937,20002
2014,江苏省,320000,镇江市,321100,38570,27044
2015,江苏省,320000,镇江市,321100,35736,22563
2016,江苏省,320000,镇江市,321100,47887,30779
2017,江苏省,320000,镇江市,321100,65296,43989
2018,江苏省,320000,镇江市,321100,74020,50441
2019,江苏省,320000,镇江市,321100,69795,48508
2020,江苏省,320000,镇江市,321100,95585,74665
2021,江苏省,320000,镇江市,321100,67699,40044
2022,江苏省,320000,镇江市,321100,50372,31332
2023,江苏省,320000,镇江市,321100,25527,16809
2000,江苏省,320000,泰州市,321200,33863,29060
2001,江苏省,320000,泰州市,321200,20859,15861
2002,江苏省,320000,泰州市,321200,19317,14083
2003,江苏省,320000,泰州市,321200,19679,14043
2004,江苏省,320000,泰州市,321200,27276,22008
2005,江苏省,320000,泰州市,321200,27265,22003
2006,江苏省,320000,泰州市,321200,25876,19951
2007,江苏省,320000,泰州市,321200,27317,21203
2008,江苏省,320000,泰州市,321200,28790,22057
2009,江苏省,320000,泰州市,321200,29565,20772
2010,江苏省,320000,泰州市,321200,30585,18785
2011,江苏省,320000,泰州市,321200,31132,21724
2012,江苏省,320000,泰州市,321200,31093,21328
2013,江苏省,320000,泰州市,321200,38648,24653
2014,江苏省,320000,泰州市,321200,40212,23947
2015,江苏省,320000,泰州市,321200,43094,26349
2016,江苏省,320000,泰州市,321200,51438,32912
2017,江苏省,320000,泰州市,321200,73533,48534
2018,江苏省,320000,泰州市,321200,86753,54884
2019,江苏省,320000,泰州市,321200,86381,55196
2020,江苏省,320000,泰州市,321200,197895,167625
2021,江苏省,320000,泰州市,321200,79923,41227
2022,江苏省,320000,泰州市,321200,52103,30349
2023,江苏省,320000,泰州市,321200,28281,18969
2000,江苏省,320000,宿迁市,321300,13248,10857
2001,江苏省,320000,宿迁市,321300,5903,2928
2002,江苏省,320000,宿迁市,321300,9659,6084
2003,江苏省,320000,宿迁市,321300,13543,10290
2004,江苏省,320000,宿迁市,321300,19305,14807
2005,江苏省,320000,宿迁市,321300,18039,12794
2006,江苏省,320000,宿迁市,321300,17086,12393
2007,江苏省,320000,宿迁市,321300,26519,21054
2008,江苏省,320000,宿迁市,321300,30102,22669
2009,江苏省,320000,宿迁市,321300,34998,24539
2010,江苏省,320000,宿迁市,321300,32015,21427
2011,江苏省,320000,宿迁市,321300,36968,23881
2012,江苏省,320000,宿迁市,321300,46162,31333
2013,江苏省,320000,宿迁市,321300,65776,43421
2014,江苏省,320000,宿迁市,321300,66270,42501
2015,江苏省,320000,宿迁市,321300,58677,37058
2016,江苏省,320000,宿迁市,321300,70008,44607
2017,江苏省,320000,宿迁市,321300,84793,52615
2018,江苏省,320000,宿迁市,321300,101789,64594
2019,江苏省,320000,宿迁市,321300,110212,68069
2020,江苏省,320000,宿迁市,321300,147416,90069
2021,江苏省,320000,宿迁市,321300,104370,67657
2022,江苏省,320000,宿迁市,321300,63369,38183
2023,江苏省,320000,宿迁市,321300,37373,24949
2000,浙江省,330000,杭州市,330100,71681,38961
2001,浙江省,330000,杭州市,330100,46653,20422
2002,浙江省,330000,杭州市,330100,57959,25847
2003,浙江省,330000,杭州市,330100,66426,30848
2004,浙江省,330000,杭州市,330100,86800,49805
2005,浙江省,330000,杭州市,330100,68477,34757
2006,浙江省,330000,杭州市,330100,67570,33646
2007,浙江省,330000,杭州市,330100,61444,31371
2008,浙江省,330000,杭州市,330100,70619,41111
2009,浙江省,330000,杭州市,330100,81156,44565
2010,浙江省,330000,杭州市,330100,85807,43067
2011,浙江省,330000,杭州市,330100,88764,45000
2012,浙江省,330000,杭州市,330100,82770,43755
2013,浙江省,330000,杭州市,330100,107721,52471
2014,浙江省,330000,杭州市,330100,121874,51463
2015,浙江省,330000,杭州市,330100,145893,64336
2016,浙江省,330000,杭州市,330100,186372,80265
2017,浙江省,330000,杭州市,330100,221589,88366
2018,浙江省,330000,杭州市,330100,226776,48540
2019,浙江省,330000,杭州市,330100,266427,50080
2020,浙江省,330000,杭州市,330100,204487,46792
2021,浙江省,330000,杭州市,330100,183764,53548
2022,浙江省,330000,杭州市,330100,217050,95428
2023,浙江省,330000,杭州市,330100,87298,28748
2000,浙江省,330000,宁波市,330200,52279,26538
2001,浙江省,330000,宁波市,330200,36707,15036
2002,浙江省,330000,宁波市,330200,46026,19270
2003,浙江省,330000,宁波市,330200,49310,21281
2004,浙江省,330000,宁波市,330200,48822,22227
2005,浙江省,330000,宁波市,330200,46540,21615
2006,浙江省,330000,宁波市,330200,50963,23099
2007,浙江省,330000,宁波市,330200,59556,32395
2008,浙江省,330000,宁波市,330200,65238,39811
2009,浙江省,330000,宁波市,330200,69530,40028
2010,浙江省,330000,宁波市,330200,79703,45747
2011,浙江省,330000,宁波市,330200,85687,50604
2012,浙江省,330000,宁波市,330200,84196,52479
2013,浙江省,330000,宁波市,330200,105806,64706
2014,浙江省,330000,宁波市,330200,114655,65004
2015,浙江省,330000,宁波市,330200,119599,69105
2016,浙江省,330000,宁波市,330200,136761,70497
2017,浙江省,330000,宁波市,330200,167546,91253
2018,浙江省,330000,宁波市,330200,158743,51967
2019,浙江省,330000,宁波市,330200,173334,53145
2020,浙江省,330000,宁波市,330200,148593,50970
2021,浙江省,330000,宁波市,330200,122720,49054
2022,浙江省,330000,宁波市,330200,138912,80136
2023,浙江省,330000,宁波市,330200,49242,23364
2000,浙江省,330000,温州市,330300,37787,24116
2001,浙江省,330000,温州市,330300,32846,17766
2002,浙江省,330000,温州市,330300,41680,21756
2003,浙江省,330000,温州市,330300,42735,21955
2004,浙江省,330000,温州市,330300,43199,24592
2005,浙江省,330000,温州市,330300,46171,26686
2006,浙江省,330000,温州市,330300,54475,33344
2007,浙江省,330000,温州市,330300,55504,36443
2008,浙江省,330000,温州市,330300,63525,45399
2009,浙江省,330000,温州市,330300,73338,51087
2010,浙江省,330000,温州市,330300,81892,56230
2011,浙江省,330000,温州市,330300,94432,67454
2012,浙江省,330000,温州市,330300,106725,79685
2013,浙江省,330000,温州市,330300,126615,88473
2014,浙江省,330000,温州市,330300,126072,82028
2015,浙江省,330000,温州市,330300,121175,84591
2016,浙江省,330000,温州市,330300,148818,104747
2017,浙江省,330000,温州市,330300,149481,98468
2018,浙江省,330000,温州市,330300,145969,51579
2019,浙江省,330000,温州市,330300,166376,44950
2020,浙江省,330000,温州市,330300,164592,60095
2021,浙江省,330000,温州市,330300,134304,54640
2022,浙江省,330000,温州市,330300,151745,98941
2023,浙江省,330000,温州市,330300,55235,27705
2000,浙江省,330000,嘉兴市,330400,19897,10820
2001,浙江省,330000,嘉兴市,330400,16363,7167
2002,浙江省,330000,嘉兴市,330400,20174,9121
2003,浙江省,330000,嘉兴市,330400,21114,9408
2004,浙江省,330000,嘉兴市,330400,25387,13029
2005,浙江省,330000,嘉兴市,330400,26070,13264
2006,浙江省,330000,嘉兴市,330400,28323,14937
2007,浙江省,330000,嘉兴市,330400,31098,18606
2008,浙江省,330000,嘉兴市,330400,34705,24717
2009,浙江省,330000,嘉兴市,330400,39660,27236
2010,浙江省,330000,嘉兴市,330400,40288,26435
2011,浙江省,330000,嘉兴市,330400,42262,28559
2012,浙江省,330000,嘉兴市,330400,43079,31179
2013,浙江省,330000,嘉兴市,330400,56677,36519
2014,浙江省,330000,嘉兴市,330400,60010,38715
2015,浙江省,330000,嘉兴市,330400,67824,45735
2016,浙江省,330000,嘉兴市,330400,82973,54478
2017,浙江省,330000,嘉兴市,330400,97108,63721
2018,浙江省,330000,嘉兴市,330400,85795,34078
2019,浙江省,330000,嘉兴市,330400,91987,32986
2020,浙江省,330000,嘉兴市,330400,102159,43930
2021,浙江省,330000,嘉兴市,330400,64036,35403
2022,浙江省,330000,嘉兴市,330400,80447,57194
2023,浙江省,330000,嘉兴市,330400,28282,16302
2000,浙江省,330000,湖州市,330500,11495,7394
2001,浙江省,330000,湖州市,330500,9656,5285
2002,浙江省,330000,湖州市,330500,12625,7348
2003,浙江省,330000,湖州市,330500,16262,10207
2004,浙江省,330000,湖州市,330500,16253,10812
2005,浙江省,330000,湖州市,330500,15711,10648
2006,浙江省,330000,湖州市,330500,14946,10274
2007,浙江省,330000,湖州市,330500,18767,13909
2008,浙江省,330000,湖州市,330500,23019,18423
2009,浙江省,330000,湖州市,330500,22985,17545
2010,浙江省,330000,湖州市,330500,21706,15668
2011,浙江省,330000,湖州市,330500,19475,13579
2012,浙江省,330000,湖州市,330500,20664,15076
2013,浙江省,330000,湖州市,330500,28451,16137
2014,浙江省,330000,湖州市,330500,29569,17426
2015,浙江省,330000,湖州市,330500,35132,22784
2016,浙江省,330000,湖州市,330500,43004,26400
2017,浙江省,330000,湖州市,330500,57206,37444
2018,浙江省,330000,湖州市,330500,52574,22187
2019,浙江省,330000,湖州市,330500,63847,25848
2020,浙江省,330000,湖州市,330500,72501,38670
2021,浙江省,330000,湖州市,330500,58887,35252
2022,浙江省,330000,湖州市,330500,71790,54387
2023,浙江省,330000,湖州市,330500,24292,15713
2000,浙江省,330000,绍兴市,330600,17506,10470
2001,浙江省,330000,绍兴市,330600,14104,7586
2002,浙江省,330000,绍兴市,330600,17536,7496
2003,浙江省,330000,绍兴市,330600,18622,8295
2004,浙江省,330000,绍兴市,330600,20337,10358
2005,浙江省,330000,绍兴市,330600,22102,11294
2006,浙江省,330000,绍兴市,330600,23084,12040
2007,浙江省,330000,绍兴市,330600,25387,14468
2008,浙江省,330000,绍兴市,330600,27975,17961
2009,浙江省,330000,绍兴市,330600,35934,23364
2010,浙江省,330000,绍兴市,330600,35732,21983
2011,浙江省,330000,绍兴市,330600,39396,25742
2012,浙江省,330000,绍兴市,330600,41019,27426
2013,浙江省,330000,绍兴市,330600,58657,32342
2014,浙江省,330000,绍兴市,330600,59516,38156
2015,浙江省,330000,绍兴市,330600,64298,44300
2016,浙江省,330000,绍兴市,330600,69672,45075
2017,浙江省,330000,绍兴市,330600,87933,58262
2018,浙江省,330000,绍兴市,330600,80551,34512
2019,浙江省,330000,绍兴市,330600,85886,32314
2020,浙江省,330000,绍兴市,330600,89998,44518
2021,浙江省,330000,绍兴市,330600,65638,36474
2022,浙江省,330000,绍兴市,330600,84606,59029
2023,浙江省,330000,绍兴市,330600,28596,16019
2000,浙江省,330000,金华市,330700,29546,20259
2001,浙江省,330000,金华市,330700,20697,12064
2002,浙江省,330000,金华市,330700,23711,13339
2003,浙江省,330000,金华市,330700,30066,17590
2004,浙江省,330000,金华市,330700,29054,17567
2005,浙江省,330000,金华市,330700,31002,19140
2006,浙江省,330000,金华市,330700,37110,23712
2007,浙江省,330000,金华市,330700,41768,29714
2008,浙江省,330000,金华市,330700,48227,36725
2009,浙江省,330000,金华市,330700,53128,39248
2010,浙江省,330000,金华市,330700,63796,47012
2011,浙江省,330000,金华市,330700,73052,54852
2012,浙江省,330000,金华市,330700,66098,49000
2013,浙江省,330000,金华市,330700,85769,54335
2014,浙江省,330000,金华市,330700,91850,59980
2015,浙江省,330000,金华市,330700,105239,68897
2016,浙江省,330000,金华市,330700,130990,74795
2017,浙江省,330000,金华市,330700,151090,80219
2018,浙江省,330000,金华市,330700,156810,44663
2019,浙江省,330000,金华市,330700,211202,51216
2020,浙江省,330000,金华市,330700,186512,53274
2021,浙江省,330000,金华市,330700,132855,54522
2022,浙江省,330000,金华市,330700,152436,90209
2023,浙江省,330000,金华市,330700,56481,23206
2000,浙江省,330000,衢州市,330800,12564,10264
2001,浙江省,330000,衢州市,330800,6744,4455
2002,浙江省,330000,衢州市,330800,8186,5483
2003,浙江省,330000,衢州市,330800,9003,5888
2004,浙江省,330000,衢州市,330800,9122,6564
2005,浙江省,330000,衢州市,330800,8454,6071
2006,浙江省,330000,衢州市,330800,8236,5426
2007,浙江省,330000,衢州市,330800,9409,6688
2008,浙江省,330000,衢州市,330800,11986,8986
2009,浙江省,330000,衢州市,330800,15685,10828
2010,浙江省,330000,衢州市,330800,14268,10312
2011,浙江省,330000,衢州市,330800,14123,10417
2012,浙江省,330000,衢州市,330800,13495,10054
2013,浙江省,330000,衢州市,330800,19308,12514
2014,浙江省,330000,衢州市,330800,17518,11413
2015,浙江省,330000,衢州市,330800,20697,14378
2016,浙江省,330000,衢州市,330800,27080,19090
2017,浙江省,330000,衢州市,330800,31894,23090
2018,浙江省,330000,衢州市,330800,33272,21556
2019,浙江省,330000,衢州市,330800,42301,27437
2020,浙江省,330000,衢州市,330800,38587,25313
2021,浙江省,330000,衢州市,330800,34698,24878
2022,浙江省,330000,衢州市,330800,35755,26985
2023,浙江省,330000,衢州市,330800,13701,10148
2000,浙江省,330000,舟山市,330900,7917,6120
2001,浙江省,330000,舟山市,330900,5526,3793
2002,浙江省,330000,舟山市,330900,5427,3383
2003,浙江省,330000,舟山市,330900,6152,4030
2004,浙江省,330000,舟山市,330900,6023,4019
2005,浙江省,330000,舟山市,330900,5853,3827
2006,浙江省,330000,舟山市,330900,6765,4510
2007,浙江省,330000,舟山市,330900,7530,5098
2008,浙江省,330000,舟山市,330900,7957,5402
2009,浙江省,330000,舟山市,330900,8540,5991
2010,浙江省,330000,舟山市,330900,8026,5435
2011,浙江省,330000,舟山市,330900,8519,5864
2012,浙江省,330000,舟山市,330900,8616,6299
2013,浙江省,330000,舟山市,330900,10044,6522
2014,浙江省,330000,舟山市,330900,12101,7397
2015,浙江省,330000,舟山市,330900,12394,7938
2016,浙江省,330000,舟山市,330900,15714,9579
2017,浙江省,330000,舟山市,330900,17899,10412
2018,浙江省,330000,舟山市,330900,23333,11167
2019,浙江省,330000,舟山市,330900,22888,11866
2020,浙江省,330000,舟山市,330900,17993,10791
2021,浙江省,330000,舟山市,330900,15113,11694
2022,浙江省,330000,舟山市,330900,15333,12195
2023,浙江省,330000,舟山市,330900,6023,4447
2000,浙江省,330000,台州市,331000,35688,27663
2001,浙江省,330000,台州市,331000,27948,19591
2002,浙江省,330000,台州市,331000,31580,21145
2003,浙江省,330000,台州市,331000,31315,19534
2004,浙江省,330000,台州市,331000,30191,19448
2005,浙江省,330000,台州市,331000,28668,18344
2006,浙江省,330000,台州市,331000,29709,19409
2007,浙江省,330000,台州市,331000,32447,21506
2008,浙江省,330000,台州市,331000,37696,27549
2009,浙江省,330000,台州市,331000,41361,29362
2010,浙江省,330000,台州市,331000,41461,28607
2011,浙江省,330000,台州市,331000,48237,34859
2012,浙江省,330000,台州市,331000,43910,32275
2013,浙江省,330000,台州市,331000,59542,36300
2014,浙江省,330000,台州市,331000,63579,38319
2015,浙江省,330000,台州市,331000,56635,36402
2016,浙江省,330000,台州市,331000,76970,49171
2017,浙江省,330000,台州市,331000,98938,62790
2018,浙江省,330000,台州市,331000,88237,42724
2019,浙江省,330000,台州市,331000,101335,42191
2020,浙江省,330000,台州市,331000,104902,48370
2021,浙江省,330000,台州市,331000,82965,43590
2022,浙江省,330000,台州市,331000,101082,68024
2023,浙江省,330000,台州市,331000,37004,20507
2000,浙江省,330000,丽水市,331100,13992,11805
2001,浙江省,330000,丽水市,331100,7044,4846
2002,浙江省,330000,丽水市,331100,7671,5220
2003,浙江省,330000,丽水市,331100,8671,5691
2004,浙江省,330000,丽水市,331100,10488,7918
2005,浙江省,330000,丽水市,331100,10159,7527
2006,浙江省,330000,丽水市,331100,9921,7138
2007,浙江省,330000,丽水市,331100,11959,8952
2008,浙江省,330000,丽水市,331100,14755,11816
2009,浙江省,330000,丽水市,331100,16293,12693
2010,浙江省,330000,丽水市,331100,16776,13003
2011,浙江省,330000,丽水市,331100,17570,13665
2012,浙江省,330000,丽水市,331100,21538,17499
2013,浙江省,330000,丽水市,331100,32816,24403
2014,浙江省,330000,丽水市,331100,28354,21984
2015,浙江省,330000,丽水市,331100,32719,25769
2016,浙江省,330000,丽水市,331100,34014,25896
2017,浙江省,330000,丽水市,331100,37704,27622
2018,浙江省,330000,丽水市,331100,40091,23842
2019,浙江省,330000,丽水市,331100,53078,32126
2020,浙江省,330000,丽水市,331100,57984,40241
2021,浙江省,330000,丽水市,331100,50575,36754
2022,浙江省,330000,丽水市,331100,48447,38303
2023,浙江省,330000,丽水市,331100,19091,14454
2000,安徽省,340000,合肥市,340100,7689,2199
2001,安徽省,340000,合肥市,340100,7462,900
2002,安徽省,340000,合肥市,340100,8887,1504
2003,安徽省,340000,合肥市,340100,13476,3816
2004,安徽省,340000,合肥市,340100,21399,10452
2005,安徽省,340000,合肥市,340100,21204,10034
2006,安徽省,340000,合肥市,340100,29023,15612
2007,安徽省,340000,合肥市,340100,47562,33253
2008,安徽省,340000,合肥市,340100,47909,32603
2009,安徽省,340000,合肥市,340100,54605,37519
2010,安徽省,340000,合肥市,340100,53659,34327
2011,安徽省,340000,合肥市,340100,56467,34013
2012,安徽省,340000,合肥市,340100,60073,36854
2013,安徽省,340000,合肥市,340100,72274,42790
2014,安徽省,340000,合肥市,340100,86268,39257
2015,安徽省,340000,合肥市,340100,96095,44549
2016,安徽省,340000,合肥市,340100,125262,54480
2017,安徽省,340000,合肥市,340100,160903,74457
2018,安徽省,340000,合肥市,340100,177438,50523
2019,安徽省,340000,合肥市,340100,216718,52981
2020,安徽省,340000,合肥市,340100,177239,51436
2021,安徽省,340000,合肥市,340100,205146,73909
2022,安徽省,340000,合肥市,340100,224452,118232
2023,安徽省,340000,合肥市,340100,83565,34704
2000,安徽省,340000,芜湖市,340200,3355,1277
2001,安徽省,340000,芜湖市,340200,2400,287
2002,安徽省,340000,芜湖市,340200,8491,6064
2003,安徽省,340000,芜湖市,340200,7780,4484
2004,安徽省,340000,芜湖市,340200,9645,6755
2005,安徽省,340000,芜湖市,340200,9195,6299
2006,安徽省,340000,芜湖市,340200,12664,8956
2007,安徽省,340000,芜湖市,340200,16183,12194
2008,安徽省,340000,芜湖市,340200,23340,19521
2009,安徽省,340000,芜湖市,340200,19944,15598
2010,安徽省,340000,芜湖市,340200,23582,17577
2011,安徽省,340000,芜湖市,340200,24368,17587
2012,安徽省,340000,芜湖市,340200,23864,18020
2013,安徽省,340000,芜湖市,340200,23163,16752
2014,安徽省,340000,芜湖市,340200,26217,17291
2015,安徽省,340000,芜湖市,340200,32293,21425
2016,安徽省,340000,芜湖市,340200,43396,28527
2017,安徽省,340000,芜湖市,340200,47393,30016
2018,安徽省,340000,芜湖市,340200,45313,23100
2019,安徽省,340000,芜湖市,340200,101502,26481
2020,安徽省,340000,芜湖市,340200,74624,23990
2021,安徽省,340000,芜湖市,340200,53177,26789
2022,安徽省,340000,芜湖市,340200,60156,32133
2023,安徽省,340000,芜湖市,340200,29613,16220
2000,安徽省,340000,蚌埠市,340300,2307,1076
2001,安徽省,340000,蚌埠市,340300,2374,837
2002,安徽省,340000,蚌埠市,340300,2603,1139
2003,安徽省,340000,蚌埠市,340300,4884,3176
2004,安徽省,340000,蚌埠市,340300,10499,8857
2005,安徽省,340000,蚌埠市,340300,9050,7363
2006,安徽省,340000,蚌埠市,340300,13117,10907
2007,安徽省,340000,蚌埠市,340300,14758,12705
2008,安徽省,340000,蚌埠市,340300,16404,14126
2009,安徽省,340000,蚌埠市,340300,18494,15792
2010,安徽省,340000,蚌埠市,340300,16222,13109
2011,安徽省,340000,蚌埠市,340300,15825,12465
2012,安徽省,340000,蚌埠市,340300,19925,15680
2013,安徽省,340000,蚌埠市,340300,23891,19178
2014,安徽省,340000,蚌埠市,340300,23133,16875
2015,安徽省,340000,蚌埠市,340300,25291,17861
2016,安徽省,340000,蚌埠市,340300,29312,19984
2017,安徽省,340000,蚌埠市,340300,34004,23463
2018,安徽省,340000,蚌埠市,340300,36648,21732
2019,安徽省,340000,蚌埠市,340300,42117,24652
2020,安徽省,340000,蚌埠市,340300,49263,30342
2021,安徽省,340000,蚌埠市,340300,42518,26424
2022,安徽省,340000,蚌埠市,340300,46856,31671
2023,安徽省,340000,蚌埠市,340300,26842,19047
2000,安徽省,340000,淮南市,340400,1996,279
2001,安徽省,340000,淮南市,340400,1085,145
2002,安徽省,340000,淮南市,340400,1388,253
2003,安徽省,340000,淮南市,340400,4111,2640
2004,安徽省,340000,淮南市,340400,4838,3519
2005,安徽省,340000,淮南市,340400,5767,4002
2006,安徽省,340000,淮南市,340400,6263,4272
2007,安徽省,340000,淮南市,340400,15457,13412
2008,安徽省,340000,淮南市,340400,11980,10183
2009,安徽省,340000,淮南市,340400,15384,13187
2010,安徽省,340000,淮南市,340400,14324,11700
2011,安徽省,340000,淮南市,340400,14643,11821
2012,安徽省,340000,淮南市,340400,13236,10234
2013,安徽省,340000,淮南市,340400,17222,12236
2014,安徽省,340000,淮南市,340400,22310,15199
2015,安徽省,340000,淮南市,340400,19181,12727
2016,安徽省,340000,淮南市,340400,24074,15284
2017,安徽省,340000,淮南市,340400,27386,17837
2018,安徽省,340000,淮南市,340400,32950,18486
2019,安徽省,340000,淮南市,340400,33607,17848
2020,安徽省,340000,淮南市,340400,30528,16334
2021,安徽省,340000,淮南市,340400,28205,17536
2022,安徽省,340000,淮南市,340400,35959,26367
2023,安徽省,340000,淮南市,340400,17176,12157
2000,安徽省,340000,马鞍山市,340500,3109,1007
2001,安徽省,340000,马鞍山市,340500,4728,2367
2002,安徽省,340000,马鞍山市,340500,6708,3320
2003,安徽省,340000,马鞍山市,340500,13878,9826
2004,安徽省,340000,马鞍山市,340500,16986,12513
2005,安徽省,340000,马鞍山市,340500,17877,13411
2006,安徽省,340000,马鞍山市,340500,22299,17127
2007,安徽省,340000,马鞍山市,340500,23319,18421
2008,安徽省,340000,马鞍山市,340500,31614,26844
2009,安徽省,340000,马鞍山市,340500,29307,23878
2010,安徽省,340000,马鞍山市,340500,30508,23852
2011,安徽省,340000,马鞍山市,340500,28502,21109
2012,安徽省,340000,马鞍山市,340500,30659,23662
2013,安徽省,340000,马鞍山市,340500,33486,26106
2014,安徽省,340000,马鞍山市,340500,38743,23060
2015,安徽省,340000,马鞍山市,340500,40426,27943
2016,安徽省,340000,马鞍山市,340500,44003,29827
2017,安徽省,340000,马鞍山市,340500,48498,30725
2018,安徽省,340000,马鞍山市,340500,54221,27734
2019,安徽省,340000,马鞍山市,340500,58038,33625
2020,安徽省,340000,马鞍山市,340500,54961,32528
2021,安徽省,340000,马鞍山市,340500,57991,35566
2022,安徽省,340000,马鞍山市,340500,59978,41160
2023,安徽省,340000,马鞍山市,340500,31510,22463
2000,安徽省,340000,淮北市,340600,6847,5655
2001,安徽省,340000,淮北市,340600,3085,2256
2002,安徽省,340000,淮北市,340600,2947,2108
2003,安徽省,340000,淮北市,340600,3618,2566
2004,安徽省,340000,淮北市,340600,6955,5562
2005,安徽省,340000,淮北市,340600,4746,3402
2006,安徽省,340000,淮北市,340600,6023,4385
2007,安徽省,340000,淮北市,340600,9896,8515
2008,安徽省,340000,淮北市,340600,14762,13195
2009,安徽省,340000,淮北市,340600,10474,8876
2010,安徽省,340000,淮北市,340600,11345,9372
2011,安徽省,340000,淮北市,340600,11009,8870
2012,安徽省,340000,淮北市,340600,17935,15553
2013,安徽省,340000,淮北市,340600,16038,13278
2014,安徽省,340000,淮北市,340600,14913,11113
2015,安徽省,340000,淮北市,340600,17450,12761
2016,安徽省,340000,淮北市,340600,18105,12862
2017,安徽省,340000,淮北市,340600,22688,16204
2018,安徽省,340000,淮北市,340600,24027,12770
2019,安徽省,340000,淮北市,340600,27638,14283
2020,安徽省,340000,淮北市,340600,24124,13552
2021,安徽省,340000,淮北市,340600,22185,14536
2022,安徽省,340000,淮北市,340600,25453,18230
2023,安徽省,340000,淮北市,340600,11206,7378
2000,安徽省,340000,铜陵市,340700,5752,5123
2001,安徽省,340000,铜陵市,340700,1356,716
2002,安徽省,340000,铜陵市,340700,2003,1183
2003,安徽省,340000,铜陵市,340700,2340,1228
2004,安徽省,340000,铜陵市,340700,4446,3303
2005,安徽省,340000,铜陵市,340700,4184,3064
2006,安徽省,340000,铜陵市,340700,5510,3999
2007,安徽省,340000,铜陵市,340700,8288,6850
2008,安徽省,340000,铜陵市,340700,7748,6194
2009,安徽省,340000,铜陵市,340700,11088,9243
2010,安徽省,340000,铜陵市,340700,10017,7901
2011,安徽省,340000,铜陵市,340700,9373,7288
2012,安徽省,340000,铜陵市,340700,9289,7149
2013,安徽省,340000,铜陵市,340700,10048,7324
2014,安徽省,340000,铜陵市,340700,10050,6892
2015,安徽省,340000,铜陵市,340700,10032,6805
2016,安徽省,340000,铜陵市,340700,12486,8005
2017,安徽省,340000,铜陵市,340700,14044,8842
2018,安徽省,340000,铜陵市,340700,12806,6647
2019,安徽省,340000,铜陵市,340700,16821,9148
2020,安徽省,340000,铜陵市,340700,14571,7165
2021,安徽省,340000,铜陵市,340700,14201,7791
2022,安徽省,340000,铜陵市,340700,14842,8756
2023,安徽省,340000,铜陵市,340700,7520,4238
2000,安徽省,340000,安庆市,340800,6420,2828
2001,安徽省,340000,安庆市,340800,3740,1807
2002,安徽省,340000,安庆市,340800,3287,1472
2003,安徽省,340000,安庆市,340800,6791,4691
2004,安徽省,340000,安庆市,340800,15759,13601
2005,安徽省,340000,安庆市,340800,11511,9444
2006,安徽省,340000,安庆市,340800,14562,11321
2007,安徽省,340000,安庆市,340800,23902,20941
2008,安徽省,340000,安庆市,340800,23238,20055
2009,安徽省,340000,安庆市,340800,30099,26395
2010,安徽省,340000,安庆市,340800,22967,19024
2011,安徽省,340000,安庆市,340800,25059,20237
2012,安徽省,340000,安庆市,340800,22523,16596
2013,安徽省,340000,安庆市,340800,25848,19549
2014,安徽省,340000,安庆市,340800,24515,16045
2015,安徽省,340000,安庆市,340800,29700,19422
2016,安徽省,340000,安庆市,340800,41221,26197
2017,安徽省,340000,安庆市,340800,45173,28465
2018,安徽省,340000,安庆市,340800,47463,26822
2019,安徽省,340000,安庆市,340800,55193,29190
2020,安徽省,340000,安庆市,340800,53493,27856
2021,安徽省,340000,安庆市,340800,45478,25746
2022,安徽省,340000,安庆市,340800,57444,30741
2023,安徽省,340000,安庆市,340800,28886,17148
2000,安徽省,340000,黄山市,341000,3119,1704
2001,安徽省,340000,黄山市,341000,1883,988
2002,安徽省,340000,黄山市,341000,2160,1168
2003,安徽省,340000,黄山市,341000,8854,7435
2004,安徽省,340000,黄山市,341000,8329,7031
2005,安徽省,340000,黄山市,341000,6483,5204
2006,安徽省,340000,黄山市,341000,7746,6065
2007,安徽省,340000,黄山市,341000,10927,9331
2008,安徽省,340000,黄山市,341000,10637,9136
2009,安徽省,340000,黄山市,341000,10345,8411
2010,安徽省,340000,黄山市,341000,10534,8461
2011,安徽省,340000,黄山市,341000,11534,9196
2012,安徽省,340000,黄山市,341000,10855,8602
2013,安徽省,340000,黄山市,341000,12193,9475
2014,安徽省,340000,黄山市,341000,11341,8126
2015,安徽省,340000,黄山市,341000,14044,9625
2016,安徽省,340000,黄山市,341000,16471,11135
2017,安徽省,340000,黄山市,341000,16420,10134
2018,安徽省,340000,黄山市,341000,18059,10464
2019,安徽省,340000,黄山市,341000,20836,12430
2020,安徽省,340000,黄山市,341000,18976,11200
2021,安徽省,340000,黄山市,341000,20000,13407
2022,安徽省,340000,黄山市,341000,17593,11535
2023,安徽省,340000,黄山市,341000,8764,6072
2000,安徽省,340000,滁州市,341100,3640,1458
2001,安徽省,340000,滁州市,341100,1991,309
2002,安徽省,340000,滁州市,341100,8156,6256
2003,安徽省,340000,滁州市,341100,6470,4357
2004,安徽省,340000,滁州市,341100,23715,21286
2005,安徽省,340000,滁州市,341100,8941,6509
2006,安徽省,340000,滁州市,341100,9715,6723
2007,安徽省,340000,滁州市,341100,20798,18026
2008,安徽省,340000,滁州市,341100,20305,17220
2009,安徽省,340000,滁州市,341100,19362,15991
2010,安徽省,340000,滁州市,341100,18479,14191
2011,安徽省,340000,滁州市,341100,19802,15157
2012,安徽省,340000,滁州市,341100,17911,12993
2013,安徽省,340000,滁州市,341100,22734,16041
2014,安徽省,340000,滁州市,341100,20200,13303
2015,安徽省,340000,滁州市,341100,27670,18611
2016,安徽省,340000,滁州市,341100,33797,22732
2017,安徽省,340000,滁州市,341100,40601,26964
2018,安徽省,340000,滁州市,341100,51816,30305
2019,安徽省,340000,滁州市,341100,50610,28591
2020,安徽省,340000,滁州市,341100,48226,27208
2021,安徽省,340000,滁州市,341100,48742,29440
2022,安徽省,340000,滁州市,341100,82483,57522
2023,安徽省,340000,滁州市,341100,41806,28431
2000,安徽省,340000,阜阳市,341200,10482,8083
2001,安徽省,340000,阜阳市,341200,5937,4156
2002,安徽省,340000,阜阳市,341200,3875,2165
2003,安徽省,340000,阜阳市,341200,6271,4058
2004,安徽省,340000,阜阳市,341200,11805,9620
2005,安徽省,340000,阜阳市,341200,8120,5638
2006,安徽省,340000,阜阳市,341200,10302,7038
2007,安徽省,340000,阜阳市,341200,24466,21137
2008,安徽省,340000,阜阳市,341200,20598,17409
2009,安徽省,340000,阜阳市,341200,28553,24355
2010,安徽省,340000,阜阳市,341200,24915,20245
2011,安徽省,340000,阜阳市,341200,23587,18592
2012,安徽省,340000,阜阳市,341200,26260,20679
2013,安徽省,340000,阜阳市,341200,37414,29903
2014,安徽省,340000,阜阳市,341200,36990,26368
2015,安徽省,340000,阜阳市,341200,52361,36263
2016,安徽省,340000,阜阳市,341200,66061,45973
2017,安徽省,340000,阜阳市,341200,81731,56651
2018,安徽省,340000,阜阳市,341200,101879,50028
2019,安徽省,340000,阜阳市,341200,92821,41260
2020,安徽省,340000,阜阳市,341200,79788,38082
2021,安徽省,340000,阜阳市,341200,72714,38051
2022,安徽省,340000,阜阳市,341200,89411,55007
2023,安徽省,340000,阜阳市,341200,41630,21548
2000,安徽省,340000,宿州市,341300,1989,180
2001,安徽省,340000,宿州市,341300,1223,77
2002,安徽省,340000,宿州市,341300,1419,228
2003,安徽省,340000,宿州市,341300,2098,593
2004,安徽省,340000,宿州市,341300,3759,2376
2005,安徽省,340000,宿州市,341300,3719,2257
2006,安徽省,340000,宿州市,341300,6733,4633
2007,安徽省,340000,宿州市,341300,9051,6971
2008,安徽省,340000,宿州市,341300,31616,28120
2009,安徽省,340000,宿州市,341300,21339,18092
2010,安徽省,340000,宿州市,341300,16891,13315
2011,安徽省,340000,宿州市,341300,18426,13454
2012,安徽省,340000,宿州市,341300,20500,15454
2013,安徽省,340000,宿州市,341300,24934,18617
2014,安徽省,340000,宿州市,341300,23891,12904
2015,安徽省,340000,宿州市,341300,28229,15710
2016,安徽省,340000,宿州市,341300,41015,24388
2017,安徽省,340000,宿州市,341300,40352,22579
2018,安徽省,340000,宿州市,341300,49931,24083
2019,安徽省,340000,宿州市,341300,56551,26418
2020,安徽省,340000,宿州市,341300,74332,40522
2021,安徽省,340000,宿州市,341300,53236,30517
2022,安徽省,340000,宿州市,341300,75260,55120
2023,安徽省,340000,宿州市,341300,27197,17266
2000,安徽省,340000,六安市,341500,3739,2592
2001,安徽省,340000,六安市,341500,1515,547
2002,安徽省,340000,六安市,341500,1941,834
2003,安徽省,340000,六安市,341500,5345,3689
2004,安徽省,340000,六安市,341500,12067,9996
2005,安徽省,340000,六安市,341500,8563,6787
2006,安徽省,340000,六安市,341500,11480,9015
2007,安徽省,340000,六安市,341500,17240,14582
2008,安徽省,340000,六安市,341500,18639,15811
2009,安徽省,340000,六安市,341500,19286,16319
2010,安徽省,340000,六安市,341500,18512,14604
2011,安徽省,340000,六安市,341500,18007,13514
2012,安徽省,340000,六安市,341500,17514,12981
2013,安徽省,340000,六安市,341500,22119,15901
2014,安徽省,340000,六安市,341500,21286,13503
2015,安徽省,340000,六安市,341500,25380,15373
2016,安徽省,340000,六安市,341500,36674,22728
2017,安徽省,340000,六安市,341500,39756,24117
2018,安徽省,340000,六安市,341500,39399,18688
2019,安徽省,340000,六安市,341500,48084,21143
2020,安徽省,340000,六安市,341500,44471,18555
2021,安徽省,340000,六安市,341500,44881,21865
2022,安徽省,340000,六安市,341500,57610,35192
2023,安徽省,340000,六安市,341500,29930,18223
2000,安徽省,340000,亳州市,341600,2530,358
2001,安徽省,340000,亳州市,341600,1362,47
2002,安徽省,340000,亳州市,341600,1264,42
2003,安徽省,340000,亳州市,341600,2404,928
2004,安徽省,340000,亳州市,341600,6611,5124
2005,安徽省,340000,亳州市,341600,5280,3654
2006,安徽省,340000,亳州市,341600,7077,5527
2007,安徽省,340000,亳州市,341600,16535,14994
2008,安徽省,340000,亳州市,341600,24401,21999
2009,安徽省,340000,亳州市,341600,23838,20317
2010,安徽省,340000,亳州市,341600,23406,19166
2011,安徽省,340000,亳州市,341600,22658,18279
2012,安徽省,340000,亳州市,341600,25617,21011
2013,安徽省,340000,亳州市,341600,30759,24606
2014,安徽省,340000,亳州市,341600,26954,18564
2015,安徽省,340000,亳州市,341600,38958,24371
2016,安徽省,340000,亳州市,341600,57909,36646
2017,安徽省,340000,亳州市,341600,64136,39371
2018,安徽省,340000,亳州市,341600,67360,27169
2019,安徽省,340000,亳州市,341600,69550,25609
2020,安徽省,340000,亳州市,341600,60985,20302
2021,安徽省,340000,亳州市,341600,50960,21133
2022,安徽省,340000,亳州市,341600,75776,41634
2023,安徽省,340000,亳州市,341600,26560,12220
2000,安徽省,340000,池州市,341700,1395,286
2001,安徽省,340000,池州市,341700,1063,220
2002,安徽省,340000,池州市,341700,1143,415
2003,安徽省,340000,池州市,341700,2098,1131
2004,安徽省,340000,池州市,341700,5415,4533
2005,安徽省,340000,池州市,341700,3340,2328
2006,安徽省,340000,池州市,341700,6851,5478
2007,安徽省,340000,池州市,341700,8423,7127
2008,安徽省,340000,池州市,341700,11998,10279
2009,安徽省,340000,池州市,341700,10657,9061
2010,安徽省,340000,池州市,341700,11067,9001
2011,安徽省,340000,池州市,341700,10745,8521
2012,安徽省,340000,池州市,341700,10677,8499
2013,安徽省,340000,池州市,341700,12133,9024
2014,安徽省,340000,池州市,341700,10762,7577
2015,安徽省,340000,池州市,341700,12400,9051
2016,安徽省,340000,池州市,341700,14488,10425
2017,安徽省,340000,池州市,341700,15795,10746
2018,安徽省,340000,池州市,341700,15916,10022
2019,安徽省,340000,池州市,341700,17793,10107
2020,安徽省,340000,池州市,341700,16900,9725
2021,安徽省,340000,池州市,341700,14783,8937
2022,安徽省,340000,池州市,341700,15584,10828
2023,安徽省,340000,池州市,341700,7696,5131
2000,安徽省,340000,宣城市,341800,1943,644
2001,安徽省,340000,宣城市,341800,1590,312
2002,安徽省,340000,宣城市,341800,4773,3134
2003,安徽省,340000,宣城市,341800,10536,8086
2004,安徽省,340000,宣城市,341800,14303,12122
2005,安徽省,340000,宣城市,341800,13260,11288
2006,安徽省,340000,宣城市,341800,12165,9621
2007,安徽省,340000,宣城市,341800,15535,13105
2008,安徽省,340000,宣城市,341800,14742,12405
2009,安徽省,340000,宣城市,341800,15034,12360
2010,安徽省,340000,宣城市,341800,15767,12278
2011,安徽省,340000,宣城市,341800,15520,11758
2012,安徽省,340000,宣城市,341800,15720,12061
2013,安徽省,340000,宣城市,341800,22037,17579
2014,安徽省,340000,宣城市,341800,21592,15812
2015,安徽省,340000,宣城市,341800,27684,21393
2016,安徽省,340000,宣城市,341800,29602,22013
2017,安徽省,340000,宣城市,341800,31430,22402
2018,安徽省,340000,宣城市,341800,35302,20283
2019,安徽省,340000,宣城市,341800,36476,21788
2020,安徽省,340000,宣城市,341800,31553,19385
2021,安徽省,340000,宣城市,341800,30181,20337
2022,安徽省,340000,宣城市,341800,35398,25866
2023,安徽省,340000,宣城市,341800,17268,12469
2000,福建省,350000,福州市,350100,19633,6406
2001,福建省,350000,福州市,350100,11972,3020
2002,福建省,350000,福州市,350100,14813,3880
2003,福建省,350000,福州市,350100,23578,7511
2004,福建省,350000,福州市,350100,21510,6165
2005,福建省,350000,福州市,350100,23684,8213
2006,福建省,350000,福州市,350100,31928,12536
2007,福建省,350000,福州市,350100,30007,18068
2008,福建省,350000,福州市,350100,36533,25300
2009,福建省,350000,福州市,350100,41356,29208
2010,福建省,350000,福州市,350100,46726,31830
2011,福建省,350000,福州市,350100,48531,31443
2012,福建省,350000,福州市,350100,47136,29920
2013,福建省,350000,福州市,350100,55406,35196
2014,福建省,350000,福州市,350100,74024,40639
2015,福建省,350000,福州市,350100,91421,47909
2016,福建省,350000,福州市,350100,105024,49270
2017,福建省,350000,福州市,350100,126832,63114
2018,福建省,350000,福州市,350100,136317,49920
2019,福建省,350000,福州市,350100,153092,49694
2020,福建省,350000,福州市,350100,136360,54372
2021,福建省,350000,福州市,350100,117452,53035
2022,福建省,350000,福州市,350100,106447,55495
2023,福建省,350000,福州市,350100,54060,29305
2000,福建省,350000,厦门市,350200,15024,7797
2001,福建省,350000,厦门市,350200,8151,1943
2002,福建省,350000,厦门市,350200,10117,2905
2003,福建省,350000,厦门市,350200,12232,3637
2004,福建省,350000,厦门市,350200,19752,7719
2005,福建省,350000,厦门市,350200,34441,16243
2006,福建省,350000,厦门市,350200,21410,8434
2007,福建省,350000,厦门市,350200,27309,15572
2008,福建省,350000,厦门市,350200,34479,23368
2009,福建省,350000,厦门市,350200,29207,17152
2010,福建省,350000,厦门市,350200,36160,20106
2011,福建省,350000,厦门市,350200,41452,23306
2012,福建省,350000,厦门市,350200,37730,20501
2013,福建省,350000,厦门市,350200,40801,20895
2014,福建省,350000,厦门市,350200,73526,35026
2015,福建省,350000,厦门市,350200,82285,34643
2016,福建省,350000,厦门市,350200,101815,44616
2017,福建省,350000,厦门市,350200,120552,56393
2018,福建省,350000,厦门市,350200,120086,31617
2019,福建省,350000,厦门市,350200,126501,26821
2020,福建省,350000,厦门市,350200,95926,22771
2021,福建省,350000,厦门市,350200,84885,28909
2022,福建省,350000,厦门市,350200,83654,34498
2023,福建省,350000,厦门市,350200,37169,14120
2000,福建省,350000,莆田市,350300,3689,1962
2001,福建省,350000,莆田市,350300,2123,679
2002,福建省,350000,莆田市,350300,3500,1749
2003,福建省,350000,莆田市,350300,5064,2195
2004,福建省,350000,莆田市,350300,5432,2640
2005,福建省,350000,莆田市,350300,4158,1937
2006,福建省,350000,莆田市,350300,5046,2519
2007,福建省,350000,莆田市,350300,7441,5025
2008,福建省,350000,莆田市,350300,10022,7545
2009,福建省,350000,莆田市,350300,14940,11877
2010,福建省,350000,莆田市,350300,22562,18530
2011,福建省,350000,莆田市,350300,21528,16998
2012,福建省,350000,莆田市,350300,25722,21721
2013,福建省,350000,莆田市,350300,30205,25002
2014,福建省,350000,莆田市,350300,38305,29617
2015,福建省,350000,莆田市,350300,60247,47810
2016,福建省,350000,莆田市,350300,50788,36971
2017,福建省,350000,莆田市,350300,58196,43189
2018,福建省,350000,莆田市,350300,81645,33132
2019,福建省,350000,莆田市,350300,96380,30570
2020,福建省,350000,莆田市,350300,72789,29814
2021,福建省,350000,莆田市,350300,76026,38983
2022,福建省,350000,莆田市,350300,68054,36473
2023,福建省,350000,莆田市,350300,36078,19783
2000,福建省,350000,三明市,350400,12040,8049
2001,福建省,350000,三明市,350400,7764,4566
2002,福建省,350000,三明市,350400,7396,3843
2003,福建省,350000,三明市,350400,11416,6415
2004,福建省,350000,三明市,350400,9929,5412
2005,福建省,350000,三明市,350400,8967,4730
2006,福建省,350000,三明市,350400,9118,5050
2007,福建省,350000,三明市,350400,11146,7551
2008,福建省,350000,三明市,350400,14057,10525
2009,福建省,350000,三明市,350400,17490,13695
2010,福建省,350000,三明市,350400,21813,16588
2011,福建省,350000,三明市,350400,17894,13573
2012,福建省,350000,三明市,350400,22118,17819
2013,福建省,350000,三明市,350400,20707,16423
2014,福建省,350000,三明市,350400,21970,16467
2015,福建省,350000,三明市,350400,27088,20582
2016,福建省,350000,三明市,350400,32320,24099
2017,福建省,350000,三明市,350400,33428,23447
2018,福建省,350000,三明市,350400,36476,23261
2019,福建省,350000,三明市,350400,42398,25088
2020,福建省,350000,三明市,350400,72104,41925
2021,福建省,350000,三明市,350400,33322,23631
2022,福建省,350000,三明市,350400,35504,25878
2023,福建省,350000,三明市,350400,14770,10935
2000,福建省,350000,泉州市,350500,19226,10237
2001,福建省,350000,泉州市,350500,11710,4157
2002,福建省,350000,泉州市,350500,14328,6221
2003,福建省,350000,泉州市,350500,17293,7953
2004,福建省,350000,泉州市,350500,17918,8103
2005,福建省,350000,泉州市,350500,16975,7892
2006,福建省,350000,泉州市,350500,19331,9343
2007,福建省,350000,泉州市,350500,28831,19093
2008,福建省,350000,泉州市,350500,28297,19868
2009,福建省,350000,泉州市,350500,41538,31684
2010,福建省,350000,泉州市,350500,49065,37474
2011,福建省,350000,泉州市,350500,43196,29687
2012,福建省,350000,泉州市,350500,47158,33271
2013,福建省,350000,泉州市,350500,68322,49103
2014,福建省,350000,泉州市,350500,96806,62441
2015,福建省,350000,泉州市,350500,116138,73729
2016,福建省,350000,泉州市,350500,120248,70534
2017,福建省,350000,泉州市,350500,162393,100901
2018,福建省,350000,泉州市,350500,196270,71273
2019,福建省,350000,泉州市,350500,245491,68092
2020,福建省,350000,泉州市,350500,186646,62568
2021,福建省,350000,泉州市,350500,123061,50660
2022,福建省,350000,泉州市,350500,110343,50475
2023,福建省,350000,泉州市,350500,51527,24055
2000,福建省,350000,漳州市,350600,11330,8380
2001,福建省,350000,漳州市,350600,4438,2330
2002,福建省,350000,漳州市,350600,4185,1945
2003,福建省,350000,漳州市,350600,8175,5183
2004,福建省,350000,漳州市,350600,8888,5378
2005,福建省,350000,漳州市,350600,8712,4990
2006,福建省,350000,漳州市,350600,10967,6982
2007,福建省,350000,漳州市,350600,17193,13157
2008,福建省,350000,漳州市,350600,18170,14511
2009,福建省,350000,漳州市,350600,30151,25497
2010,福建省,350000,漳州市,350600,23092,17532
2011,福建省,350000,漳州市,350600,34935,28546
2012,福建省,350000,漳州市,350600,27721,21746
2013,福建省,350000,漳州市,350600,35118,27441
2014,福建省,350000,漳州市,350600,49376,37431
2015,福建省,350000,漳州市,350600,54071,40258
2016,福建省,350000,漳州市,350600,53729,38559
2017,福建省,350000,漳州市,350600,73874,55077
2018,福建省,350000,漳州市,350600,76312,44864
2019,福建省,350000,漳州市,350600,77679,37742
2020,福建省,350000,漳州市,350600,74818,42900
2021,福建省,350000,漳州市,350600,61311,39513
2022,福建省,350000,漳州市,350600,67109,46676
2023,福建省,350000,漳州市,350600,29396,19453
2000,福建省,350000,南平市,350700,9081,6660
2001,福建省,350000,南平市,350700,4626,2525
2002,福建省,350000,南平市,350700,5767,3027
2003,福建省,350000,南平市,350700,9438,5485
2004,福建省,350000,南平市,350700,11027,7505
2005,福建省,350000,南平市,350700,7817,4570
2006,福建省,350000,南平市,350700,8390,5171
2007,福建省,350000,南平市,350700,12823,9629
2008,福建省,350000,南平市,350700,15619,12547
2009,福建省,350000,南平市,350700,20451,16374
2010,福建省,350000,南平市,350700,16119,11827
2011,福建省,350000,南平市,350700,17876,13731
2012,福建省,350000,南平市,350700,19713,15763
2013,福建省,350000,南平市,350700,21009,16376
2014,福建省,350000,南平市,350700,24640,18026
2015,福建省,350000,南平市,350700,32086,24169
2016,福建省,350000,南平市,350700,33824,23501
2017,福建省,350000,南平市,350700,38808,28291
2018,福建省,350000,南平市,350700,44818,28814
2019,福建省,350000,南平市,350700,44160,24990
2020,福建省,350000,南平市,350700,48966,30821
2021,福建省,350000,南平市,350700,64256,46912
2022,福建省,350000,南平市,350700,43067,29072
2023,福建省,350000,南平市,350700,17939,12686
2000,福建省,350000,龙岩市,350800,15507,12072
2001,福建省,350000,龙岩市,350800,4406,2466
2002,福建省,350000,龙岩市,350800,4083,1963
2003,福建省,350000,龙岩市,350800,6168,3473
2004,福建省,350000,龙岩市,350800,9287,5974
2005,福建省,350000,龙岩市,350800,6998,4302
2006,福建省,350000,龙岩市,350800,7143,4455
2007,福建省,350000,龙岩市,350800,9715,7045
2008,福建省,350000,龙岩市,350800,13870,11128
2009,福建省,350000,龙岩市,350800,18680,15556
2010,福建省,350000,龙岩市,350800,18358,15098
2011,福建省,350000,龙岩市,350800,20212,16404
2012,福建省,350000,龙岩市,350800,19372,15842
2013,福建省,350000,龙岩市,350800,22497,18229
2014,福建省,350000,龙岩市,350800,28058,21541
2015,福建省,350000,龙岩市,350800,33902,26856
2016,福建省,350000,龙岩市,350800,35753,27073
2017,福建省,350000,龙岩市,350800,47469,36278
2018,福建省,350000,龙岩市,350800,47742,28151
2019,福建省,350000,龙岩市,350800,46724,24121
2020,福建省,350000,龙岩市,350800,45620,26625
2021,福建省,350000,龙岩市,350800,66920,46593
2022,福建省,350000,龙岩市,350800,40468,26844
2023,福建省,350000,龙岩市,350800,17997,12765
2000,福建省,350000,宁德市,350900,7745,4238
2001,福建省,350000,宁德市,350900,6047,2139
2002,福建省,350000,宁德市,350900,6139,2221
2003,福建省,350000,宁德市,350900,8432,3535
2004,福建省,350000,宁德市,350900,8834,3634
2005,福建省,350000,宁德市,350900,7979,3588
2006,福建省,350000,宁德市,350900,9267,4446
2007,福建省,350000,宁德市,350900,11174,7530
2008,福建省,350000,宁德市,350900,14810,11424
2009,福建省,350000,宁德市,350900,17384,13636
2010,福建省,350000,宁德市,350900,21178,15888
2011,福建省,350000,宁德市,350900,21484,15662
2012,福建省,350000,宁德市,350900,22828,17315
2013,福建省,350000,宁德市,350900,27281,20912
2014,福建省,350000,宁德市,350900,28365,20270
2015,福建省,350000,宁德市,350900,36754,27418
2016,福建省,350000,宁德市,350900,39001,28690
2017,福建省,350000,宁德市,350900,44759,32772
2018,福建省,350000,宁德市,350900,51926,29211
2019,福建省,350000,宁德市,350900,53763,26251
2020,福建省,350000,宁德市,350900,51032,27447
2021,福建省,350000,宁德市,350900,50081,35047
2022,福建省,350000,宁德市,350900,47655,33952
2023,福建省,350000,宁德市,350900,20606,14289
2000,江西省,360000,南昌市,360100,10165,5441
2001,江西省,360000,南昌市,360100,7700,2703
2002,江西省,360000,南昌市,360100,9825,3426
2003,江西省,360000,南昌市,360100,14249,6818
2004,江西省,360000,南昌市,360100,22761,14650
2005,江西省,360000,南昌市,360100,35494,25746
2006,江西省,360000,南昌市,360100,36341,25826
2007,江西省,360000,南昌市,360100,24928,15448
2008,江西省,360000,南昌市,360100,32247,23584
2009,江西省,360000,南昌市,360100,37658,26818
2010,江西省,360000,南昌市,360100,45893,33974
2011,江西省,360000,南昌市,360100,40239,27576
2012,江西省,360000,南昌市,360100,39748,28143
2013,江西省,360000,南昌市,360100,49465,34504
2014,江西省,360000,南昌市,360100,58849,36265
2015,江西省,360000,南昌市,360100,60928,34470
2016,江西省,360000,南昌市,360100,69494,36863
2017,江西省,360000,南昌市,360100,83852,47911
2018,江西省,360000,南昌市,360100,91713,49217
2019,江西省,360000,南昌市,360100,102555,53274
2020,江西省,360000,南昌市,360100,86281,43185
2021,江西省,360000,南昌市,360100,94160,52924
2022,江西省,360000,南昌市,360100,175070,113402
2023,江西省,360000,南昌市,360100,75494,43503
2000,江西省,360000,景德镇市,360200,4992,4230
2001,江西省,360000,景德镇市,360200,2367,1678
2002,江西省,360000,景德镇市,360200,3029,2118
2003,江西省,360000,景德镇市,360200,3340,2351
2004,江西省,360000,景德镇市,360200,4398,3594
2005,江西省,360000,景德镇市,360200,3469,2487
2006,江西省,360000,景德镇市,360200,3607,2676
2007,江西省,360000,景德镇市,360200,4185,3342
2008,江西省,360000,景德镇市,360200,7704,6731
2009,江西省,360000,景德镇市,360200,6530,5336
2010,江西省,360000,景德镇市,360200,11282,9891
2011,江西省,360000,景德镇市,360200,6930,5470
2012,江西省,360000,景德镇市,360200,8079,6533
2013,江西省,360000,景德镇市,360200,9732,7849
2014,江西省,360000,景德镇市,360200,9572,6807
2015,江西省,360000,景德镇市,360200,11582,8142
2016,江西省,360000,景德镇市,360200,14062,9741
2017,江西省,360000,景德镇市,360200,20970,15124
2018,江西省,360000,景德镇市,360200,27587,19466
2019,江西省,360000,景德镇市,360200,29348,19364
2020,江西省,360000,景德镇市,360200,24656,17126
2021,江西省,360000,景德镇市,360200,28572,21554
2022,江西省,360000,景德镇市,360200,30272,23789
2023,江西省,360000,景德镇市,360200,12866,10330
2000,江西省,360000,萍乡市,360300,4218,3550
2001,江西省,360000,萍乡市,360300,1902,1132
2002,江西省,360000,萍乡市,360300,2345,1419
2003,江西省,360000,萍乡市,360300,4405,3132
2004,江西省,360000,萍乡市,360300,6489,5203
2005,江西省,360000,萍乡市,360300,5589,4234
2006,江西省,360000,萍乡市,360300,6833,5420
2007,江西省,360000,萍乡市,360300,6173,4972
2008,江西省,360000,萍乡市,360300,8024,6654
2009,江西省,360000,萍乡市,360300,9032,7428
2010,江西省,360000,萍乡市,360300,9590,7867
2011,江西省,360000,萍乡市,360300,8681,6811
2012,江西省,360000,萍乡市,360300,10324,7885
2013,江西省,360000,萍乡市,360300,9772,7106
2014,江西省,360000,萍乡市,360300,11618,7813
2015,江西省,360000,萍乡市,360300,14650,9283
2016,江西省,360000,萍乡市,360300,16391,9853
2017,江西省,360000,萍乡市,360300,20595,11342
2018,江西省,360000,萍乡市,360300,22775,13112
2019,江西省,360000,萍乡市,360300,29018,15272
2020,江西省,360000,萍乡市,360300,26969,12377
2021,江西省,360000,萍乡市,360300,36276,20778
2022,江西省,360000,萍乡市,360300,28494,19762
2023,江西省,360000,萍乡市,360300,13712,8837
2000,江西省,360000,九江市,360400,4029,2663
2001,江西省,360000,九江市,360400,3884,1591
2002,江西省,360000,九江市,360400,4275,2318
2003,江西省,360000,九江市,360400,7600,5084
2004,江西省,360000,九江市,360400,16218,13498
2005,江西省,360000,九江市,360400,10977,8497
2006,江西省,360000,九江市,360400,15220,12607
2007,江西省,360000,九江市,360400,14878,12421
2008,江西省,360000,九江市,360400,25031,21911
2009,江西省,360000,九江市,360400,31812,27784
2010,江西省,360000,九江市,360400,29654,24102
2011,江西省,360000,九江市,360400,28976,23259
2012,江西省,360000,九江市,360400,29435,23378
2013,江西省,360000,九江市,360400,30338,22399
2014,江西省,360000,九江市,360400,35333,23987
2015,江西省,360000,九江市,360400,46854,32862
2016,江西省,360000,九江市,360400,59553,41479
2017,江西省,360000,九江市,360400,66009,43117
2018,江西省,360000,九江市,360400,75439,49807
2019,江西省,360000,九江市,360400,72720,42377
2020,江西省,360000,九江市,360400,59913,30463
2021,江西省,360000,九江市,360400,86395,46831
2022,江西省,360000,九江市,360400,133305,96713
2023,江西省,360000,九江市,360400,51027,33901
2000,江西省,360000,新余市,360500,849,75
2001,江西省,360000,新余市,360500,1371,646
2002,江西省,360000,新余市,360500,1672,847
2003,江西省,360000,新余市,360500,3249,2492
2004,江西省,360000,新余市,360500,3363,2509
2005,江西省,360000,新余市,360500,2595,1555
2006,江西省,360000,新余市,360500,3022,1983
2007,江西省,360000,新余市,360500,3437,2437
2008,江西省,360000,新余市,360500,4907,3749
2009,江西省,360000,新余市,360500,6847,5212
2010,江西省,360000,新余市,360500,7168,5301
2011,江西省,360000,新余市,360500,6844,4957
2012,江西省,360000,新余市,360500,7920,5796
2013,江西省,360000,新余市,360500,9616,6413
2014,江西省,360000,新余市,360500,9410,5037
2015,江西省,360000,新余市,360500,10303,4990
2016,江西省,360000,新余市,360500,12698,6207
2017,江西省,360000,新余市,360500,14107,6341
2018,江西省,360000,新余市,360500,18318,7564
2019,江西省,360000,新余市,360500,18978,7421
2020,江西省,360000,新余市,360500,14867,6980
2021,江西省,360000,新余市,360500,15054,6991
2022,江西省,360000,新余市,360500,18102,7345
2023,江西省,360000,新余市,360500,10816,3405
2000,江西省,360000,鹰潭市,360600,739,301
2001,江西省,360000,鹰潭市,360600,749,319
2002,江西省,360000,鹰潭市,360600,856,297
2003,江西省,360000,鹰潭市,360600,1277,723
2004,江西省,360000,鹰潭市,360600,2769,2213
2005,江西省,360000,鹰潭市,360600,1638,1130
2006,江西省,360000,鹰潭市,360600,1727,1266
2007,江西省,360000,鹰潭市,360600,3069,2420
2008,江西省,360000,鹰潭市,360600,4047,3292
2009,江西省,360000,鹰潭市,360600,5002,4045
2010,江西省,360000,鹰潭市,360600,5869,4730
2011,江西省,360000,鹰潭市,360600,5312,3990
2012,江西省,360000,鹰潭市,360600,6008,4467
2013,江西省,360000,鹰潭市,360600,6698,4618
2014,江西省,360000,鹰潭市,360600,8124,5005
2015,江西省,360000,鹰潭市,360600,10055,6373
2016,江西省,360000,鹰潭市,360600,11683,6626
2017,江西省,360000,鹰潭市,360600,12443,6903
2018,江西省,360000,鹰潭市,360600,15884,8297
2019,江西省,360000,鹰潭市,360600,17944,10338
2020,江西省,360000,鹰潭市,360600,15096,8954
2021,江西省,360000,鹰潭市,360600,21390,16029
2022,江西省,360000,鹰潭市,360600,31782,27387
2023,江西省,360000,鹰潭市,360600,10420,8366
2000,江西省,360000,赣州市,360700,7182,5436
2001,江西省,360000,赣州市,360700,5051,2867
2002,江西省,360000,赣州市,360700,5987,3387
2003,江西省,360000,赣州市,360700,17015,14319
2004,江西省,360000,赣州市,360700,21031,18213
2005,江西省,360000,赣州市,360700,18295,15578
2006,江西省,360000,赣州市,360700,25671,22267
2007,江西省,360000,赣州市,360700,26290,23212
2008,江西省,360000,赣州市,360700,36099,32634
2009,江西省,360000,赣州市,360700,47679,42609
2010,江西省,360000,赣州市,360700,54155,48098
2011,江西省,360000,赣州市,360700,47263,41010
2012,江西省,360000,赣州市,360700,50085,41501
2013,江西省,360000,赣州市,360700,47291,37208
2014,江西省,360000,赣州市,360700,51771,37095
2015,江西省,360000,赣州市,360700,66107,48561
2016,江西省,360000,赣州市,360700,79680,55572
2017,江西省,360000,赣州市,360700,97330,66565
2018,江西省,360000,赣州市,360700,101640,70327
2019,江西省,360000,赣州市,360700,103576,72969
2020,江西省,360000,赣州市,360700,96674,62502
2021,江西省,360000,赣州市,360700,115134,80215
2022,江西省,360000,赣州市,360700,114892,77253
2023,江西省,360000,赣州市,360700,46733,30601
2000,江西省,360000,吉安市,360800,4839,3648
2001,江西省,360000,吉安市,360800,3180,1811
2002,江西省,360000,吉安市,360800,3480,1647
2003,江西省,360000,吉安市,360800,5925,3810
2004,江西省,360000,吉安市,360800,10283,7997
2005,江西省,360000,吉安市,360800,8325,5959
2006,江西省,360000,吉安市,360800,10017,8111
2007,江西省,360000,吉安市,360800,13364,11353
2008,江西省,360000,吉安市,360800,18898,16514
2009,江西省,360000,吉安市,360800,25727,21847
2010,江西省,360000,吉安市,360800,20528,16897
2011,江西省,360000,吉安市,360800,19404,15675
2012,江西省,360000,吉安市,360800,22838,18566
2013,江西省,360000,吉安市,360800,24436,18522
2014,江西省,360000,吉安市,360800,29307,21136
2015,江西省,360000,吉安市,360800,31864,22477
2016,江西省,360000,吉安市,360800,37171,25639
2017,江西省,360000,吉安市,360800,41929,27865
2018,江西省,360000,吉安市,360800,46035,28546
2019,江西省,360000,吉安市,360800,51462,31253
2020,江西省,360000,吉安市,360800,48626,28306
2021,江西省,360000,吉安市,360800,64631,44580
2022,江西省,360000,吉安市,360800,57077,33746
2023,江西省,360000,吉安市,360800,23420,14582
2000,江西省,360000,宜春市,360900,5099,3863
2001,江西省,360000,宜春市,360900,3246,1888
2002,江西省,360000,宜春市,360900,3543,1963
2003,江西省,360000,宜春市,360900,11303,9501
2004,江西省,360000,宜春市,360900,10124,8138
2005,江西省,360000,宜春市,360900,10451,8301
2006,江西省,360000,宜春市,360900,13318,11011
2007,江西省,360000,宜春市,360900,14498,12060
2008,江西省,360000,宜春市,360900,19687,16897
2009,江西省,360000,宜春市,360900,25320,21145
2010,江西省,360000,宜春市,360900,25559,21308
2011,江西省,360000,宜春市,360900,25460,21124
2012,江西省,360000,宜春市,360900,22653,16934
2013,江西省,360000,宜春市,360900,25871,18680
2014,江西省,360000,宜春市,360900,32046,20936
2015,江西省,360000,宜春市,360900,34409,22549
2016,江西省,360000,宜春市,360900,43149,28641
2017,江西省,360000,宜春市,360900,52687,32386
2018,江西省,360000,宜春市,360900,65257,39381
2019,江西省,360000,宜春市,360900,70889,36516
2020,江西省,360000,宜春市,360900,66211,31934
2021,江西省,360000,宜春市,360900,116591,87367
2022,江西省,360000,宜春市,360900,116996,86162
2023,江西省,360000,宜春市,360900,42145,25925
2000,江西省,360000,抚州市,361000,1934,1070
2001,江西省,360000,抚州市,361000,1692,537
2002,江西省,360000,抚州市,361000,2955,1042
2003,江西省,360000,抚州市,361000,7837,5675
2004,江西省,360000,抚州市,361000,8352,6662
2005,江西省,360000,抚州市,361000,9304,7285
2006,江西省,360000,抚州市,361000,8281,5947
2007,江西省,360000,抚州市,361000,10077,8021
2008,江西省,360000,抚州市,361000,15855,13504
2009,江西省,360000,抚州市,361000,16578,13445
2010,江西省,360000,抚州市,361000,18553,15281
2011,江西省,360000,抚州市,361000,14349,11074
2012,江西省,360000,抚州市,361000,15708,12231
2013,江西省,360000,抚州市,361000,15450,10816
2014,江西省,360000,抚州市,361000,17860,12295
2015,江西省,360000,抚州市,361000,24339,17655
2016,江西省,360000,抚州市,361000,27447,18272
2017,江西省,360000,抚州市,361000,31833,20111
2018,江西省,360000,抚州市,361000,35236,23390
2019,江西省,360000,抚州市,361000,42209,27387
2020,江西省,360000,抚州市,361000,39500,25016
2021,江西省,360000,抚州市,361000,42194,27907
2022,江西省,360000,抚州市,361000,55990,41951
2023,江西省,360000,抚州市,361000,21751,13794
2000,江西省,360000,上饶市,361100,8241,6838
2001,江西省,360000,上饶市,361100,3575,2254
2002,江西省,360000,上饶市,361100,4795,2684
2003,江西省,360000,上饶市,361100,7463,5023
2004,江西省,360000,上饶市,361100,21244,18771
2005,江西省,360000,上饶市,361100,10658,7957
2006,江西省,360000,上饶市,361100,12655,9985
2007,江西省,360000,上饶市,361100,16525,13607
2008,江西省,360000,上饶市,361100,23876,20805
2009,江西省,360000,上饶市,361100,27666,23606
2010,江西省,360000,上饶市,361100,27262,22886
2011,江西省,360000,上饶市,361100,27030,21866
2012,江西省,360000,上饶市,361100,33171,26422
2013,江西省,360000,上饶市,361100,32508,24293
2014,江西省,360000,上饶市,361100,38913,26905
2015,江西省,360000,上饶市,361100,41927,28487
2016,江西省,360000,上饶市,361100,51421,33125
2017,江西省,360000,上饶市,361100,60459,36741
2018,江西省,360000,上饶市,361100,70957,44024
2019,江西省,360000,上饶市,361100,84659,56587
2020,江西省,360000,上饶市,361100,70410,44817
2021,江西省,360000,上饶市,361100,86481,60850
2022,江西省,360000,上饶市,361100,68891,46541
2023,江西省,360000,上饶市,361100,30189,19817
2000,山东省,370000,济南市,370100,44965,31424
2001,山东省,370000,济南市,370100,25208,13288
2002,山东省,370000,济南市,370100,29930,15898
2003,山东省,370000,济南市,370100,38418,22466
2004,山东省,370000,济南市,370100,38363,21805
2005,山东省,370000,济南市,370100,39671,23877
2006,山东省,370000,济南市,370100,40739,20882
2007,山东省,370000,济南市,370100,47986,30400
2008,山东省,370000,济南市,370100,54111,35702
2009,山东省,370000,济南市,370100,66306,44932
2010,山东省,370000,济南市,370100,56966,35997
2011,山东省,370000,济南市,370100,56869,35061
2012,山东省,370000,济南市,370100,62080,39432
2013,山东省,370000,济南市,370100,74725,47816
2014,山东省,370000,济南市,370100,111996,67586
2015,山东省,370000,济南市,370100,130511,72878
2016,山东省,370000,济南市,370100,136071,68288
2017,山东省,370000,济南市,370100,151472,75780
2018,山东省,370000,济南市,370100,191090,74466
2019,山东省,370000,济南市,370100,272934,102184
2020,山东省,370000,济南市,370100,212709,70942
2021,山东省,370000,济南市,370100,172424,67584
2022,山东省,370000,济南市,370100,146535,58842
2023,山东省,370000,济南市,370100,63547,24640
2000,山东省,370000,青岛市,370200,37354,23179
2001,山东省,370000,青岛市,370200,33806,19523
2002,山东省,370000,青岛市,370200,36298,19226
2003,山东省,370000,青岛市,370200,44423,23401
2004,山东省,370000,青岛市,370200,43091,23087
2005,山东省,370000,青岛市,370200,56640,33473
2006,山东省,370000,青岛市,370200,42151,19585
2007,山东省,370000,青岛市,370200,46069,24421
2008,山东省,370000,青岛市,370200,48289,26580
2009,山东省,370000,青岛市,370200,66951,40205
2010,山东省,370000,青岛市,370200,73756,39890
2011,山东省,370000,青岛市,370200,77362,45875
2012,山东省,370000,青岛市,370200,78450,47495
2013,山东省,370000,青岛市,370200,120173,78179
2014,山东省,370000,青岛市,370200,160477,106418
2015,山东省,370000,青岛市,370200,197998,104339
2016,山东省,370000,青岛市,370200,183090,102545
2017,山东省,370000,青岛市,370200,238831,142904
2018,山东省,370000,青岛市,370200,247127,77532
2019,山东省,370000,青岛市,370200,289055,74992
2020,山东省,370000,青岛市,370200,273042,80555
2021,山东省,370000,青岛市,370200,187630,69131
2022,山东省,370000,青岛市,370200,151559,58731
2023,山东省,370000,青岛市,370200,68345,27616
2000,山东省,370000,淄博市,370300,23486,18078
2001,山东省,370000,淄博市,370300,16924,11264
2002,山东省,370000,淄博市,370300,14846,8489
2003,山东省,370000,淄博市,370300,17890,9840
2004,山东省,370000,淄博市,370300,18301,10957
2005,山东省,370000,淄博市,370300,22214,15656
2006,山东省,370000,淄博市,370300,16812,10228
2007,山东省,370000,淄博市,370300,19550,13858
2008,山东省,370000,淄博市,370300,18335,12787
2009,山东省,370000,淄博市,370300,23323,17100
2010,山东省,370000,淄博市,370300,23240,16439
2011,山东省,370000,淄博市,370300,23998,16886
2012,山东省,370000,淄博市,370300,22209,15802
2013,山东省,370000,淄博市,370300,27015,19422
2014,山东省,370000,淄博市,370300,30219,18171
2015,山东省,370000,淄博市,370300,74073,42781
2016,山东省,370000,淄博市,370300,65866,40223
2017,山东省,370000,淄博市,370300,82820,55267
2018,山东省,370000,淄博市,370300,70709,32382
2019,山东省,370000,淄博市,370300,85228,41895
2020,山东省,370000,淄博市,370300,78080,40116
2021,山东省,370000,淄博市,370300,67821,39219
2022,山东省,370000,淄博市,370300,58922,35697
2023,山东省,370000,淄博市,370300,25498,14696
2000,山东省,370000,枣庄市,370400,15770,13796
2001,山东省,370000,枣庄市,370400,9756,7901
2002,山东省,370000,枣庄市,370400,8793,6227
2003,山东省,370000,枣庄市,370400,11342,8280
2004,山东省,370000,枣庄市,370400,20127,16463
2005,山东省,370000,枣庄市,370400,11108,8048
2006,山东省,370000,枣庄市,370400,11582,8496
2007,山东省,370000,枣庄市,370400,13519,10891
2008,山东省,370000,枣庄市,370400,16548,13505
2009,山东省,370000,枣庄市,370400,20715,17109
2010,山东省,370000,枣庄市,370400,21560,17397
2011,山东省,370000,枣庄市,370400,20059,15923
2012,山东省,370000,枣庄市,370400,16643,12835
2013,山东省,370000,枣庄市,370400,27571,18605
2014,山东省,370000,枣庄市,370400,26495,17860
2015,山东省,370000,枣庄市,370400,34811,22875
2016,山东省,370000,枣庄市,370400,37673,24772
2017,山东省,370000,枣庄市,370400,43368,28171
2018,山东省,370000,枣庄市,370400,52460,23850
2019,山东省,370000,枣庄市,370400,73256,29745
2020,山东省,370000,枣庄市,370400,55467,24188
2021,山东省,370000,枣庄市,370400,47507,23977
2022,山东省,370000,枣庄市,370400,40969,21026
2023,山东省,370000,枣庄市,370400,21715,11033
2000,山东省,370000,东营市,370500,5251,1769
2001,山东省,370000,东营市,370500,4979,1498
2002,山东省,370000,东营市,370500,6189,2287
2003,山东省,370000,东营市,370500,11486,5811
2004,山东省,370000,东营市,370500,11024,5634
2005,山东省,370000,东营市,370500,11468,6623
2006,山东省,370000,东营市,370500,12098,7738
2007,山东省,370000,东营市,370500,13409,9816
2008,山东省,370000,东营市,370500,10541,7277
2009,山东省,370000,东营市,370500,12606,9081
2010,山东省,370000,东营市,370500,13125,8976
2011,山东省,370000,东营市,370500,11472,7507
2012,山东省,370000,东营市,370500,13306,9272
2013,山东省,370000,东营市,370500,15812,10973
2014,山东省,370000,东营市,370500,23935,15820
2015,山东省,370000,东营市,370500,28336,19140
2016,山东省,370000,东营市,370500,30780,19118
2017,山东省,370000,东营市,370500,32994,20555
2018,山东省,370000,东营市,370500,35489,17411
2019,山东省,370000,东营市,370500,57445,28856
2020,山东省,370000,东营市,370500,50199,27641
2021,山东省,370000,东营市,370500,39269,21850
2022,山东省,370000,东营市,370500,32409,16396
2023,山东省,370000,东营市,370500,14485,7774
2000,山东省,370000,烟台市,370600,23250,13597
2001,山东省,370000,烟台市,370600,20070,10185
2002,山东省,370000,烟台市,370600,19582,9249
2003,山东省,370000,烟台市,370600,46655,32927
2004,山东省,370000,烟台市,370600,35354,23578
2005,山东省,370000,烟台市,370600,29892,19006
2006,山东省,370000,烟台市,370600,25796,15944
2007,山东省,370000,烟台市,370600,28113,18447
2008,山东省,370000,烟台市,370600,26953,16143
2009,山东省,370000,烟台市,370600,31187,19676
2010,山东省,370000,烟台市,370600,30028,18146
2011,山东省,370000,烟台市,370600,35650,22444
2012,山东省,370000,烟台市,370600,35699,23461
2013,山东省,370000,烟台市,370600,43369,28347
2014,山东省,370000,烟台市,370600,70130,44059
2015,山东省,370000,烟台市,370600,139455,93904
2016,山东省,370000,烟台市,370600,164859,97676
2017,山东省,370000,烟台市,370600,117437,72288
2018,山东省,370000,烟台市,370600,127428,55799
2019,山东省,370000,烟台市,370600,158123,61143
2020,山东省,370000,烟台市,370600,109335,47243
2021,山东省,370000,烟台市,370600,97701,50211
2022,山东省,370000,烟台市,370600,84451,44760
2023,山东省,370000,烟台市,370600,38954,21159
2000,山东省,370000,潍坊市,370700,23516,14916
2001,山东省,370000,潍坊市,370700,13215,6273
2002,山东省,370000,潍坊市,370700,11663,4371
2003,山东省,370000,潍坊市,370700,23157,11642
2004,山东省,370000,潍坊市,370700,23006,12686
2005,山东省,370000,潍坊市,370700,24168,14512
2006,山东省,370000,潍坊市,370700,27245,17267
2007,山东省,370000,潍坊市,370700,37023,28659
2008,山东省,370000,潍坊市,370700,32559,23497
2009,山东省,370000,潍坊市,370700,51709,38723
2010,山东省,370000,潍坊市,370700,51929,37576
2011,山东省,370000,潍坊市,370700,50110,34566
2012,山东省,370000,潍坊市,370700,49347,35097
2013,山东省,370000,潍坊市,370700,61031,41735
2014,山东省,370000,潍坊市,370700,79675,45116
2015,山东省,370000,潍坊市,370700,121537,71701
2016,山东省,370000,潍坊市,370700,115548,61717
2017,山东省,370000,潍坊市,370700,126926,78176
2018,山东省,370000,潍坊市,370700,139137,56650
2019,山东省,370000,潍坊市,370700,171655,69148
2020,山东省,370000,潍坊市,370700,152597,60646
2021,山东省,370000,潍坊市,370700,166713,108178
2022,山东省,370000,潍坊市,370700,204026,154256
2023,山东省,370000,潍坊市,370700,51493,29262
2000,山东省,370000,济宁市,370800,14606,10700
2001,山东省,370000,济宁市,370800,11414,7973
2002,山东省,370000,济宁市,370800,12638,7485
2003,山东省,370000,济宁市,370800,20381,14668
2004,山东省,370000,济宁市,370800,20865,14670
2005,山东省,370000,济宁市,370800,14821,9260
2006,山东省,370000,济宁市,370800,16655,10920
2007,山东省,370000,济宁市,370800,21655,16086
2008,山东省,370000,济宁市,370800,20603,15070
2009,山东省,370000,济宁市,370800,33273,26190
2010,山东省,370000,济宁市,370800,28087,20038
2011,山东省,370000,济宁市,370800,26527,17651
2012,山东省,370000,济宁市,370800,29166,19662
2013,山东省,370000,济宁市,370800,53078,32349
2014,山东省,370000,济宁市,370800,65260,41525
2015,山东省,370000,济宁市,370800,119521,81739
2016,山东省,370000,济宁市,370800,79441,50321
2017,山东省,370000,济宁市,370800,90422,56933
2018,山东省,370000,济宁市,370800,103694,46346
2019,山东省,370000,济宁市,370800,131973,58087
2020,山东省,370000,济宁市,370800,119338,55642
2021,山东省,370000,济宁市,370800,106884,58894
2022,山东省,370000,济宁市,370800,93986,56197
2023,山东省,370000,济宁市,370800,46684,27399
2000,山东省,370000,泰安市,370900,16611,14582
2001,山东省,370000,泰安市,370900,13245,10733
2002,山东省,370000,泰安市,370900,9116,6623
2003,山东省,370000,泰安市,370900,12822,9503
2004,山东省,370000,泰安市,370900,23996,19458
2005,山东省,370000,泰安市,370900,15815,11807
2006,山东省,370000,泰安市,370900,13763,9634
2007,山东省,370000,泰安市,370900,17116,13340
2008,山东省,370000,泰安市,370900,20307,15648
2009,山东省,370000,泰安市,370900,24065,18427
2010,山东省,370000,泰安市,370900,21879,16232
2011,山东省,370000,泰安市,370900,24498,19166
2012,山东省,370000,泰安市,370900,20957,15771
2013,山东省,370000,泰安市,370900,24817,18549
2014,山东省,370000,泰安市,370900,33037,21480
2015,山东省,370000,泰安市,370900,46529,32797
2016,山东省,370000,泰安市,370900,42940,27288
2017,山东省,370000,泰安市,370900,55782,37494
2018,山东省,370000,泰安市,370900,58288,30449
2019,山东省,370000,泰安市,370900,70840,32083
2020,山东省,370000,泰安市,370900,61070,29154
2021,山东省,370000,泰安市,370900,62490,32953
2022,山东省,370000,泰安市,370900,54961,32342
2023,山东省,370000,泰安市,370900,26841,15451
2000,山东省,370000,威海市,371000,12535,7829
2001,山东省,370000,威海市,371000,8216,4332
2002,山东省,370000,威海市,371000,8647,4133
2003,山东省,370000,威海市,371000,10514,5210
2004,山东省,370000,威海市,371000,15690,9682
2005,山东省,370000,威海市,371000,13587,7788
2006,山东省,370000,威海市,371000,13897,7837
2007,山东省,370000,威海市,371000,14899,9057
2008,山东省,370000,威海市,371000,15416,9580
2009,山东省,370000,威海市,371000,17412,10709
2010,山东省,370000,威海市,371000,17678,10616
2011,山东省,370000,威海市,371000,18543,11391
2012,山东省,370000,威海市,371000,21474,15299
2013,山东省,370000,威海市,371000,20451,13382
2014,山东省,370000,威海市,371000,33949,21488
2015,山东省,370000,威海市,371000,45816,29984
2016,山东省,370000,威海市,371000,52901,31529
2017,山东省,370000,威海市,371000,51450,33793
2018,山东省,370000,威海市,371000,52146,29046
2019,山东省,370000,威海市,371000,68062,38290
2020,山东省,370000,威海市,371000,60752,35464
2021,山东省,370000,威海市,371000,55190,32821
2022,山东省,370000,威海市,371000,44183,27045
2023,山东省,370000,威海市,371000,21045,12827
2000,山东省,370000,日照市,371100,11290,8740
2001,山东省,370000,日照市,371100,5092,3197
2002,山东省,370000,日照市,371100,5514,3562
2003,山东省,370000,日照市,371100,5518,3182
2004,山东省,370000,日照市,371100,7905,5231
2005,山东省,370000,日照市,371100,7170,4229
2006,山东省,370000,日照市,371100,8367,5001
2007,山东省,370000,日照市,371100,12952,9545
2008,山东省,370000,日照市,371100,13556,10147
2009,山东省,370000,日照市,371100,19272,14577
2010,山东省,370000,日照市,371100,13499,9176
2011,山东省,370000,日照市,371100,14417,9715
2012,山东省,370000,日照市,371100,14536,10008
2013,山东省,370000,日照市,371100,19900,14041
2014,山东省,370000,日照市,371100,27687,18431
2015,山东省,370000,日照市,371100,34105,23293
2016,山东省,370000,日照市,371100,35063,22545
2017,山东省,370000,日照市,371100,40711,24144
2018,山东省,370000,日照市,371100,50198,23901
2019,山东省,370000,日照市,371100,62352,31916
2020,山东省,370000,日照市,371100,58469,30580
2021,山东省,370000,日照市,371100,61175,43183
2022,山东省,370000,日照市,371100,42194,25635
2023,山东省,370000,日照市,371100,17660,10426
2000,山东省,370000,临沂市,371300,43223,38256
2001,山东省,370000,临沂市,371300,14003,9852
2002,山东省,370000,临沂市,371300,12421,7522
2003,山东省,370000,临沂市,371300,22340,14642
2004,山东省,370000,临沂市,371300,21636,14317
2005,山东省,370000,临沂市,371300,18633,12606
2006,山东省,370000,临沂市,371300,21558,15435
2007,山东省,370000,临沂市,371300,24673,19342
2008,山东省,370000,临沂市,371300,31048,22808
2009,山东省,370000,临沂市,371300,36621,27141
2010,山东省,370000,临沂市,371300,34019,25046
2011,山东省,370000,临沂市,371300,31464,21271
2012,山东省,370000,临沂市,371300,33409,23478
2013,山东省,370000,临沂市,371300,48605,26585
2014,山东省,370000,临沂市,371300,60975,39008
2015,山东省,370000,临沂市,371300,83458,52435
2016,山东省,370000,临沂市,371300,93856,56632
2017,山东省,370000,临沂市,371300,114695,68254
2018,山东省,370000,临沂市,371300,136370,57371
2019,山东省,370000,临沂市,371300,188657,76441
2020,山东省,370000,临沂市,371300,190177,82810
2021,山东省,370000,临沂市,371300,178122,93537
2022,山东省,370000,临沂市,371300,144025,81361
2023,山东省,370000,临沂市,371300,69967,38405
2000,山东省,370000,德州市,371400,19476,16446
2001,山东省,370000,德州市,371400,9713,6763
2002,山东省,370000,德州市,371400,10301,7083
2003,山东省,370000,德州市,371400,17930,13100
2004,山东省,370000,德州市,371400,22514,17114
2005,山东省,370000,德州市,371400,25172,20608
2006,山东省,370000,德州市,371400,29974,23899
2007,山东省,370000,德州市,371400,25115,20184
2008,山东省,370000,德州市,371400,22005,17252
2009,山东省,370000,德州市,371400,30685,23236
2010,山东省,370000,德州市,371400,31570,23236
2011,山东省,370000,德州市,371400,31106,25275
2012,山东省,370000,德州市,371400,31338,25234
2013,山东省,370000,德州市,371400,39780,27439
2014,山东省,370000,德州市,371400,38234,28162
2015,山东省,370000,德州市,371400,62916,49623
2016,山东省,370000,德州市,371400,53666,36115
2017,山东省,370000,德州市,371400,63678,41460
2018,山东省,370000,德州市,371400,64630,38771
2019,山东省,370000,德州市,371400,70904,37696
2020,山东省,370000,德州市,371400,96368,60354
2021,山东省,370000,德州市,371400,76323,45796
2022,山东省,370000,德州市,371400,66446,40510
2023,山东省,370000,德州市,371400,32872,20051
2000,山东省,370000,聊城市,371500,17494,13431
2001,山东省,370000,聊城市,371500,7641,4479
2002,山东省,370000,聊城市,371500,6489,3407
2003,山东省,370000,聊城市,371500,17187,12188
2004,山东省,370000,聊城市,371500,13885,8995
2005,山东省,370000,聊城市,371500,11477,7324
2006,山东省,370000,聊城市,371500,10732,6457
2007,山东省,370000,聊城市,371500,17238,12646
2008,山东省,370000,聊城市,371500,15702,10507
2009,山东省,370000,聊城市,371500,18722,13049
2010,山东省,370000,聊城市,371500,24826,17765
2011,山东省,370000,聊城市,371500,18907,12442
2012,山东省,370000,聊城市,371500,27409,19973
2013,山东省,370000,聊城市,371500,39534,29135
2014,山东省,370000,聊城市,371500,47438,32414
2015,山东省,370000,聊城市,371500,66718,48883
2016,山东省,370000,聊城市,371500,53376,32639
2017,山东省,370000,聊城市,371500,71919,42664
2018,山东省,370000,聊城市,371500,74710,33466
2019,山东省,370000,聊城市,371500,106069,40908
2020,山东省,370000,聊城市,371500,88719,37631
2021,山东省,370000,聊城市,371500,75037,38972
2022,山东省,370000,聊城市,371500,60447,34869
2023,山东省,370000,聊城市,371500,27941,16519
2000,山东省,370000,滨州市,371600,18050,15274
2001,山东省,370000,滨州市,371600,12135,9822
2002,山东省,370000,滨州市,371600,7878,5450
2003,山东省,370000,滨州市,371600,11683,8349
2004,山东省,370000,滨州市,371600,13219,9499
2005,山东省,370000,滨州市,371600,12359,8651
2006,山东省,370000,滨州市,371600,14788,9490
2007,山东省,370000,滨州市,371600,24548,19063
2008,山东省,370000,滨州市,371600,19632,14612
2009,山东省,370000,滨州市,371600,23149,16520
2010,山东省,370000,滨州市,371600,26363,19650
2011,山东省,370000,滨州市,371600,27268,19767
2012,山东省,370000,滨州市,371600,22514,16977
2013,山东省,370000,滨州市,371600,22567,17107
2014,山东省,370000,滨州市,371600,37586,25988
2015,山东省,370000,滨州市,371600,54547,37570
2016,山东省,370000,滨州市,371600,51964,29565
2017,山东省,370000,滨州市,371600,55120,34977
2018,山东省,370000,滨州市,371600,58121,31074
2019,山东省,370000,滨州市,371600,68886,35998
2020,山东省,370000,滨州市,371600,66780,31811
2021,山东省,370000,滨州市,371600,56468,28845
2022,山东省,370000,滨州市,371600,55827,33142
2023,山东省,370000,滨州市,371600,30008,16193
2000,山东省,370000,菏泽市,371700,11093,8113
2001,山东省,370000,菏泽市,371700,15965,12715
2002,山东省,370000,菏泽市,371700,8279,4699
2003,山东省,370000,菏泽市,371700,26890,22697
2004,山东省,370000,菏泽市,371700,15594,11559
2005,山东省,370000,菏泽市,371700,13939,9946
2006,山东省,370000,菏泽市,371700,14613,10483
2007,山东省,370000,菏泽市,371700,33224,29461
2008,山东省,370000,菏泽市,371700,20084,15708
2009,山东省,370000,菏泽市,371700,26156,21243
2010,山东省,370000,菏泽市,371700,28089,22368
2011,山东省,370000,菏泽市,371700,30876,25074
2012,山东省,370000,菏泽市,371700,27229,21578
2013,山东省,370000,菏泽市,371700,38032,24217
2014,山东省,370000,菏泽市,371700,59070,39703
2015,山东省,370000,菏泽市,371700,98541,68338
2016,山东省,370000,菏泽市,371700,155325,54738
2017,山东省,370000,菏泽市,371700,120181,63425
2018,山东省,370000,菏泽市,371700,98751,45714
2019,山东省,370000,菏泽市,371700,115384,55645
2020,山东省,370000,菏泽市,371700,97987,40712
2021,山东省,370000,菏泽市,371700,93069,42945
2022,山东省,370000,菏泽市,371700,76553,38074
2023,山东省,370000,菏泽市,371700,46994,27439
2000,河南省,410000,郑州市,410100,13069,3716
2001,河南省,410000,郑州市,410100,13041,4234
2002,河南省,410000,郑州市,410100,15630,4469
2003,河南省,410000,郑州市,410100,22918,8531
2004,河南省,410000,郑州市,410100,37116,19210
2005,河南省,410000,郑州市,410100,47461,29430
2006,河南省,410000,郑州市,410100,46660,29622
2007,河南省,410000,郑州市,410100,70470,51453
2008,河南省,410000,郑州市,410100,79904,58495
2009,河南省,410000,郑州市,410100,83010,58375
2010,河南省,410000,郑州市,410100,82319,55512
2011,河南省,410000,郑州市,410100,103752,71083
2012,河南省,410000,郑州市,410100,105684,74857
2013,河南省,410000,郑州市,410100,114272,75994
2014,河南省,410000,郑州市,410100,148470,77668
2015,河南省,410000,郑州市,410100,179762,96476
2016,河南省,410000,郑州市,410100,201635,104461
2017,河南省,410000,郑州市,410100,252893,129965
2018,河南省,410000,郑州市,410100,256493,90339
2019,河南省,410000,郑州市,410100,275308,69155
2020,河南省,410000,郑州市,410100,231480,76079
2021,河南省,410000,郑州市,410100,223947,110070
2022,河南省,410000,郑州市,410100,268212,175500
2023,河南省,410000,郑州市,410100,85046,37126
2000,河南省,410000,开封市,410200,2087,1032
2001,河南省,410000,开封市,410200,1586,560
2002,河南省,410000,开封市,410200,1713,495
2003,河南省,410000,开封市,410200,2822,1093
2004,河南省,410000,开封市,410200,3988,2104
2005,河南省,410000,开封市,410200,3137,1176
2006,河南省,410000,开封市,410200,4683,2494
2007,河南省,410000,开封市,410200,8043,5433
2008,河南省,410000,开封市,410200,13553,9584
2009,河南省,410000,开封市,410200,14368,10170
2010,河南省,410000,开封市,410200,14483,10755
2011,河南省,410000,开封市,410200,17596,13816
2012,河南省,410000,开封市,410200,18661,14750
2013,河南省,410000,开封市,410200,28624,19681
2014,河南省,410000,开封市,410200,31980,21714
2015,河南省,410000,开封市,410200,33576,22571
2016,河南省,410000,开封市,410200,42029,27230
2017,河南省,410000,开封市,410200,50954,33470
2018,河南省,410000,开封市,410200,55240,28796
2019,河南省,410000,开封市,410200,79972,28455
2020,河南省,410000,开封市,410200,57011,26625
2021,河南省,410000,开封市,410200,56956,33984
2022,河南省,410000,开封市,410200,88595,66595
2023,河南省,410000,开封市,410200,21302,11699
2000,河南省,410000,洛阳市,410300,7034,4268
2001,河南省,410000,洛阳市,410300,5183,2060
2002,河南省,410000,洛阳市,410300,5943,2185
2003,河南省,410000,洛阳市,410300,9703,4542
2004,河南省,410000,洛阳市,410300,18928,13738
2005,河南省,410000,洛阳市,410300,19909,13988
2006,河南省,410000,洛阳市,410300,24023,18067
2007,河南省,410000,洛阳市,410300,31909,25754
2008,河南省,410000,洛阳市,410300,30541,23863
2009,河南省,410000,洛阳市,410300,39792,31058
2010,河南省,410000,洛阳市,410300,39700,32376
2011,河南省,410000,洛阳市,410300,48636,40465
2012,河南省,410000,洛阳市,410300,48824,40447
2013,河南省,410000,洛阳市,410300,56007,44974
2014,河南省,410000,洛阳市,410300,56872,40405
2015,河南省,410000,洛阳市,410300,72300,53816
2016,河南省,410000,洛阳市,410300,69800,47584
2017,河南省,410000,洛阳市,410300,85182,57709
2018,河南省,410000,洛阳市,410300,85606,49549
2019,河南省,410000,洛阳市,410300,87505,44350
2020,河南省,410000,洛阳市,410300,84672,48084
2021,河南省,410000,洛阳市,410300,90855,59686
2022,河南省,410000,洛阳市,410300,103686,77464
2023,河南省,410000,洛阳市,410300,36335,23562
2000,河南省,410000,平顶山市,410400,3797,2417
2001,河南省,410000,平顶山市,410400,2027,791
2002,河南省,410000,平顶山市,410400,2456,899
2003,河南省,410000,平顶山市,410400,3235,1392
2004,河南省,410000,平顶山市,410400,4288,1920
2005,河南省,410000,平顶山市,410400,6350,3952
2006,河南省,410000,平顶山市,410400,5032,3001
2007,河南省,410000,平顶山市,410400,8839,6381
2008,河南省,410000,平顶山市,410400,12925,10332
2009,河南省,410000,平顶山市,410400,14858,11915
2010,河南省,410000,平顶山市,410400,18237,14763
2011,河南省,410000,平顶山市,410400,30940,26850
2012,河南省,410000,平顶山市,410400,19339,15617
2013,河南省,410000,平顶山市,410400,22649,18099
2014,河南省,410000,平顶山市,410400,26650,18972
2015,河南省,410000,平顶山市,410400,33363,24644
2016,河南省,410000,平顶山市,410400,47330,35663
2017,河南省,410000,平顶山市,410400,47459,34708
2018,河南省,410000,平顶山市,410400,53817,32709
2019,河南省,410000,平顶山市,410400,59779,30863
2020,河南省,410000,平顶山市,410400,49670,27727
2021,河南省,410000,平顶山市,410400,51641,34146
2022,河南省,410000,平顶山市,410400,71959,58784
2023,河南省,410000,平顶山市,410400,20720,13783
2000,河南省,410000,安阳市,410500,2093,783
2001,河南省,410000,安阳市,410500,2005,433
2002,河南省,410000,安阳市,410500,2148,396
2003,河南省,410000,安阳市,410500,2622,697
2004,河南省,410000,安阳市,410500,5468,2742
2005,河南省,410000,安阳市,410500,4854,2298
2006,河南省,410000,安阳市,410500,6518,3975
2007,河南省,410000,安阳市,410500,11762,8615
2008,河南省,410000,安阳市,410500,20688,16905
2009,河南省,410000,安阳市,410500,30690,24960
2010,河南省,410000,安阳市,410500,27011,21822
2011,河南省,410000,安阳市,410500,26066,21631
2012,河南省,410000,安阳市,410500,25036,20861
2013,河南省,410000,安阳市,410500,34720,29279
2014,河南省,410000,安阳市,410500,29956,22991
2015,河南省,410000,安阳市,410500,42457,33134
2016,河南省,410000,安阳市,410500,48229,35259
2017,河南省,410000,安阳市,410500,55677,40844
2018,河南省,410000,安阳市,410500,57932,34811
2019,河南省,410000,安阳市,410500,59716,31872
2020,河南省,410000,安阳市,410500,57202,30383
2021,河南省,410000,安阳市,410500,62571,39953
2022,河南省,410000,安阳市,410500,109333,89674
2023,河南省,410000,安阳市,410500,30529,19877
2000,河南省,410000,鹤壁市,410600,1078,531
2001,河南省,410000,鹤壁市,410600,693,249
2002,河南省,410000,鹤壁市,410600,904,181
2003,河南省,410000,鹤壁市,410600,1021,341
2004,河南省,410000,鹤壁市,410600,1584,850
2005,河南省,410000,鹤壁市,410600,1706,839
2006,河南省,410000,鹤壁市,410600,1680,783
2007,河南省,410000,鹤壁市,410600,2668,1853
2008,河南省,410000,鹤壁市,410600,4093,2838
2009,河南省,410000,鹤壁市,410600,5966,4137
2010,河南省,410000,鹤壁市,410600,5765,4097
2011,河南省,410000,鹤壁市,410600,7860,6065
2012,河南省,410000,鹤壁市,410600,7657,5992
2013,河南省,410000,鹤壁市,410600,9470,7626
2014,河南省,410000,鹤壁市,410600,10242,7381
2015,河南省,410000,鹤壁市,410600,13026,9547
2016,河南省,410000,鹤壁市,410600,16392,12015
2017,河南省,410000,鹤壁市,410600,15747,10850
2018,河南省,410000,鹤壁市,410600,17533,10754
2019,河南省,410000,鹤壁市,410600,22227,12470
2020,河南省,410000,鹤壁市,410600,31678,14731
2021,河南省,410000,鹤壁市,410600,18208,11179
2022,河南省,410000,鹤壁市,410600,36488,29261
2023,河南省,410000,鹤壁市,410600,8433,5046
2000,河南省,410000,新乡市,410700,2233,690
2001,河南省,410000,新乡市,410700,2043,467
2002,河南省,410000,新乡市,410700,1975,427
2003,河南省,410000,新乡市,410700,2666,564
2004,河南省,410000,新乡市,410700,4724,1505
2005,河南省,410000,新乡市,410700,3824,1013
2006,河南省,410000,新乡市,410700,4535,1392
2007,河南省,410000,新乡市,410700,6503,2273
2008,河南省,410000,新乡市,410700,9250,3186
2009,河南省,410000,新乡市,410700,11151,3914
2010,河南省,410000,新乡市,410700,12340,4794
2011,河南省,410000,新乡市,410700,13338,4903
2012,河南省,410000,新乡市,410700,16771,6804
2013,河南省,410000,新乡市,410700,20631,7307
2014,河南省,410000,新乡市,410700,22835,6464
2015,河南省,410000,新乡市,410700,30457,10210
2016,河南省,410000,新乡市,410700,36866,7717
2017,河南省,410000,新乡市,410700,49692,7372
2018,河南省,410000,新乡市,410700,52717,5466
2019,河南省,410000,新乡市,410700,75451,7345
2020,河南省,410000,新乡市,410700,38360,7017
2021,河南省,410000,新乡市,410700,13831,8706
2022,河南省,410000,新乡市,410700,16517,10822
2023,河南省,410000,新乡市,410700,4343,2647
2000,河南省,410000,焦作市,410800,2753,1673
2001,河南省,410000,焦作市,410800,2031,918
2002,河南省,410000,焦作市,410800,2239,1021
2003,河南省,410000,焦作市,410800,3885,1654
2004,河南省,410000,焦作市,410800,6040,3641
2005,河南省,410000,焦作市,410800,5371,2749
2006,河南省,410000,焦作市,410800,5720,3201
2007,河南省,410000,焦作市,410800,7928,4951
2008,河南省,410000,焦作市,410800,11383,7764
2009,河南省,410000,焦作市,410800,14641,10693
2010,河南省,410000,焦作市,410800,14752,10917
2011,河南省,410000,焦作市,410800,15709,11826
2012,河南省,410000,焦作市,410800,16529,12787
2013,河南省,410000,焦作市,410800,20291,16470
2014,河南省,410000,焦作市,410800,20949,15526
2015,河南省,410000,焦作市,410800,26792,19897
2016,河南省,410000,焦作市,410800,34458,25544
2017,河南省,410000,焦作市,410800,40282,29729
2018,河南省,410000,焦作市,410800,40708,26953
2019,河南省,410000,焦作市,410800,45668,28593
2020,河南省,410000,焦作市,410800,39075,24101
2021,河南省,410000,焦作市,410800,42891,29819
2022,河南省,410000,焦作市,410800,69160,58650
2023,河南省,410000,焦作市,410800,19376,13645
2000,河南省,410000,濮阳市,410900,980,209
2001,河南省,410000,濮阳市,410900,924,169
2002,河南省,410000,濮阳市,410900,909,103
2003,河南省,410000,濮阳市,410900,2378,1105
2004,河南省,410000,濮阳市,410900,3089,1811
2005,河南省,410000,濮阳市,410900,13590,10632
2006,河南省,410000,濮阳市,410900,3478,2164
2007,河南省,410000,濮阳市,410900,8533,6606
2008,河南省,410000,濮阳市,410900,10850,8459
2009,河南省,410000,濮阳市,410900,24384,20636
2010,河南省,410000,濮阳市,410900,16662,13377
2011,河南省,410000,濮阳市,410900,20303,16466
2012,河南省,410000,濮阳市,410900,20164,16013
2013,河南省,410000,濮阳市,410900,26247,21485
2014,河南省,410000,濮阳市,410900,26171,19070
2015,河南省,410000,濮阳市,410900,29712,22791
2016,河南省,410000,濮阳市,410900,35715,26257
2017,河南省,410000,濮阳市,410900,43180,30173
2018,河南省,410000,濮阳市,410900,39346,22126
2019,河南省,410000,濮阳市,410900,42797,20524
2020,河南省,410000,濮阳市,410900,42849,23053
2021,河南省,410000,濮阳市,410900,48469,30914
2022,河南省,410000,濮阳市,410900,65218,51021
2023,河南省,410000,濮阳市,410900,18333,11218
2000,河南省,410000,许昌市,411000,8868,7158
2001,河南省,410000,许昌市,411000,3819,2614
2002,河南省,410000,许昌市,411000,4295,2734
2003,河南省,410000,许昌市,411000,6203,4311
2004,河南省,410000,许昌市,411000,8784,6388
2005,河南省,410000,许昌市,411000,7624,5036
2006,河南省,410000,许昌市,411000,7203,4955
2007,河南省,410000,许昌市,411000,12789,10079
2008,河南省,410000,许昌市,411000,13505,9998
2009,河南省,410000,许昌市,411000,13528,9852
2010,河南省,410000,许昌市,411000,14465,10054
2011,河南省,410000,许昌市,411000,19417,13980
2012,河南省,410000,许昌市,411000,18859,13263
2013,河南省,410000,许昌市,411000,29842,17746
2014,河南省,410000,许昌市,411000,26238,16771
2015,河南省,410000,许昌市,411000,29783,18522
2016,河南省,410000,许昌市,411000,41186,25319
2017,河南省,410000,许昌市,411000,47854,30913
2018,河南省,410000,许昌市,411000,45889,25014
2019,河南省,410000,许昌市,411000,49759,22355
2020,河南省,410000,许昌市,411000,42028,19322
2021,河南省,410000,许昌市,411000,44899,25338
2022,河南省,410000,许昌市,411000,61361,42281
2023,河南省,410000,许昌市,411000,24431,14632
2000,河南省,410000,漯河市,411100,976,476
2001,河南省,410000,漯河市,411100,772,301
2002,河南省,410000,漯河市,411100,1207,562
2003,河南省,410000,漯河市,411100,1781,931
2004,河南省,410000,漯河市,411100,2459,1560
2005,河南省,410000,漯河市,411100,1896,790
2006,河南省,410000,漯河市,411100,2111,1080
2007,河南省,410000,漯河市,411100,4430,3370
2008,河南省,410000,漯河市,411100,9090,7492
2009,河南省,410000,漯河市,411100,9649,8102
2010,河南省,410000,漯河市,411100,9000,7291
2011,河南省,410000,漯河市,411100,9902,7917
2012,河南省,410000,漯河市,411100,11182,9121
2013,河南省,410000,漯河市,411100,11017,8186
2014,河南省,410000,漯河市,411100,14320,10152
2015,河南省,410000,漯河市,411100,18159,13218
2016,河南省,410000,漯河市,411100,21727,15561
2017,河南省,410000,漯河市,411100,23824,16503
2018,河南省,410000,漯河市,411100,56949,26638
2019,河南省,410000,漯河市,411100,146921,23021
2020,河南省,410000,漯河市,411100,38327,22237
2021,河南省,410000,漯河市,411100,35180,24738
2022,河南省,410000,漯河市,411100,44688,36113
2023,河南省,410000,漯河市,411100,11490,7276
2000,河南省,410000,三门峡市,411200,3462,2375
2001,河南省,410000,三门峡市,411200,1567,931
2002,河南省,410000,三门峡市,411200,2004,1074
2003,河南省,410000,三门峡市,411200,2582,1460
2004,河南省,410000,三门峡市,411200,4054,2729
2005,河南省,410000,三门峡市,411200,2954,1702
2006,河南省,410000,三门峡市,411200,3503,2236
2007,河南省,410000,三门峡市,411200,4361,3014
2008,河南省,410000,三门峡市,411200,6903,5387
2009,河南省,410000,三门峡市,411200,8791,7043
2010,河南省,410000,三门峡市,411200,7803,6231
2011,河南省,410000,三门峡市,411200,9290,7430
2012,河南省,410000,三门峡市,411200,9967,7993
2013,河南省,410000,三门峡市,411200,11461,9046
2014,河南省,410000,三门峡市,411200,13325,10053
2015,河南省,410000,三门峡市,411200,14437,10642
2016,河南省,410000,三门峡市,411200,17776,13246
2017,河南省,410000,三门峡市,411200,22769,16025
2018,河南省,410000,三门峡市,411200,22686,14273
2019,河南省,410000,三门峡市,411200,24955,14771
2020,河南省,410000,三门峡市,411200,23248,12905
2021,河南省,410000,三门峡市,411200,24429,15459
2022,河南省,410000,三门峡市,411200,45019,37334
2023,河南省,410000,三门峡市,411200,10569,7319
2000,河南省,410000,南阳市,411300,3532,1245
2001,河南省,410000,南阳市,411300,2072,416
2002,河南省,410000,南阳市,411300,2782,535
2003,河南省,410000,南阳市,411300,4117,707
2004,河南省,410000,南阳市,411300,7757,4326
2005,河南省,410000,南阳市,411300,5412,2073
2006,河南省,410000,南阳市,411300,5813,2476
2007,河南省,410000,南阳市,411300,11906,7980
2008,河南省,410000,南阳市,411300,25137,19977
2009,河南省,410000,南阳市,411300,20474,15246
2010,河南省,410000,南阳市,411300,22150,16906
2011,河南省,410000,南阳市,411300,26189,20368
2012,河南省,410000,南阳市,411300,34626,28075
2013,河南省,410000,南阳市,411300,58323,48424
2014,河南省,410000,南阳市,411300,84246,64610
2015,河南省,410000,南阳市,411300,68369,50085
2016,河南省,410000,南阳市,411300,79353,56408
2017,河南省,410000,南阳市,411300,83076,58620
2018,河南省,410000,南阳市,411300,95290,51989
2019,河南省,410000,南阳市,411300,102455,52441
2020,河南省,410000,南阳市,411300,107705,58745
2021,河南省,410000,南阳市,411300,114017,77377
2022,河南省,410000,南阳市,411300,200887,163115
2023,河南省,410000,南阳市,411300,60743,39267
2000,河南省,410000,商丘市,411400,4748,2640
2001,河南省,410000,商丘市,411400,2659,1138
2002,河南省,410000,商丘市,411400,3195,1158
2003,河南省,410000,商丘市,411400,4420,2005
2004,河南省,410000,商丘市,411400,7352,4380
2005,河南省,410000,商丘市,411400,8622,5031
2006,河南省,410000,商丘市,411400,8697,5454
2007,河南省,410000,商丘市,411400,11632,8457
2008,河南省,410000,商丘市,411400,14403,10775
2009,河南省,410000,商丘市,411400,17861,14296
2010,河南省,410000,商丘市,411400,24045,19775
2011,河南省,410000,商丘市,411400,30653,25934
2012,河南省,410000,商丘市,411400,33064,25779
2013,河南省,410000,商丘市,411400,38121,29965
2014,河南省,410000,商丘市,411400,37351,25691
2015,河南省,410000,商丘市,411400,46854,34474
2016,河南省,410000,商丘市,411400,78396,58534
2017,河南省,410000,商丘市,411400,79713,57612
2018,河南省,410000,商丘市,411400,80961,43076
2019,河南省,410000,商丘市,411400,112957,47035
2020,河南省,410000,商丘市,411400,96373,53683
2021,河南省,410000,商丘市,411400,104647,79411
2022,河南省,410000,商丘市,411400,153091,133240
2023,河南省,410000,商丘市,411400,31504,20398
2000,河南省,410000,信阳市,411500,2159,1069
2001,河南省,410000,信阳市,411500,1170,371
2002,河南省,410000,信阳市,411500,1232,355
2003,河南省,410000,信阳市,411500,2802,1444
2004,河南省,410000,信阳市,411500,3620,2283
2005,河南省,410000,信阳市,411500,4789,2818
2006,河南省,410000,信阳市,411500,3271,1661
2007,河南省,410000,信阳市,411500,7456,5336
2008,河南省,410000,信阳市,411500,20726,17534
2009,河南省,410000,信阳市,411500,27645,21830
2010,河南省,410000,信阳市,411500,20466,16671
2011,河南省,410000,信阳市,411500,21897,17880
2012,河南省,410000,信阳市,411500,33902,28957
2013,河南省,410000,信阳市,411500,29090,23457
2014,河南省,410000,信阳市,411500,35251,26013
2015,河南省,410000,信阳市,411500,36584,25778
2016,河南省,410000,信阳市,411500,45354,30551
2017,河南省,410000,信阳市,411500,52601,36108
2018,河南省,410000,信阳市,411500,51595,30488
2019,河南省,410000,信阳市,411500,55186,30223
2020,河南省,410000,信阳市,411500,48688,26472
2021,河南省,410000,信阳市,411500,53078,33905
2022,河南省,410000,信阳市,411500,105296,88302
2023,河南省,410000,信阳市,411500,25607,17195
2000,河南省,410000,周口市,411600,4094,2635
2001,河南省,410000,周口市,411600,2791,1218
2002,河南省,410000,周口市,411600,2754,1119
2003,河南省,410000,周口市,411600,3504,1765
2004,河南省,410000,周口市,411600,5178,2888
2005,河南省,410000,周口市,411600,4717,2249
2006,河南省,410000,周口市,411600,5737,3335
2007,河南省,410000,周口市,411600,11531,8357
2008,河南省,410000,周口市,411600,19163,15219
2009,河南省,410000,周口市,411600,23839,19167
2010,河南省,410000,周口市,411600,21727,17624
2011,河南省,410000,周口市,411600,19638,15073
2012,河南省,410000,周口市,411600,26145,21298
2013,河南省,410000,周口市,411600,33994,24886
2014,河南省,410000,周口市,411600,38008,26634
2015,河南省,410000,周口市,411600,48499,33321
2016,河南省,410000,周口市,411600,70496,52436
2017,河南省,410000,周口市,411600,75805,53699
2018,河南省,410000,周口市,411600,84481,48755
2019,河南省,410000,周口市,411600,101604,48009
2020,河南省,410000,周口市,411600,87734,43622
2021,河南省,410000,周口市,411600,96272,67231
2022,河南省,410000,周口市,411600,163311,137474
2023,河南省,410000,周口市,411600,34467,21048
2000,河南省,410000,驻马店市,411700,1317,383
2001,河南省,410000,驻马店市,411700,1307,288
2002,河南省,410000,驻马店市,411700,1280,154
2003,河南省,410000,驻马店市,411700,2167,357
2004,河南省,410000,驻马店市,411700,2835,701
2005,河南省,410000,驻马店市,411700,2964,823
2006,河南省,410000,驻马店市,411700,3489,1685
2007,河南省,410000,驻马店市,411700,6754,4302
2008,河南省,410000,驻马店市,411700,11288,8589
2009,河南省,410000,驻马店市,411700,15569,12000
2010,河南省,410000,驻马店市,411700,21218,17070
2011,河南省,410000,驻马店市,411700,20662,16181
2012,河南省,410000,驻马店市,411700,24721,20610
2013,河南省,410000,驻马店市,411700,34572,23303
2014,河南省,410000,驻马店市,411700,36768,24802
2015,河南省,410000,驻马店市,411700,45851,32089
2016,河南省,410000,驻马店市,411700,65266,49582
2017,河南省,410000,驻马店市,411700,65636,47984
2018,河南省,410000,驻马店市,411700,61243,37131
2019,河南省,410000,驻马店市,411700,67052,37248
2020,河南省,410000,驻马店市,411700,60195,34149
2021,河南省,410000,驻马店市,411700,64508,45313
2022,河南省,410000,驻马店市,411700,126602,110565
2023,河南省,410000,驻马店市,411700,25041,16881
2000,河南省,410000,济源市,419001,307,104
2001,河南省,410000,济源市,419001,361,145
2002,河南省,410000,济源市,419001,481,202
2003,河南省,410000,济源市,419001,743,434
2004,河南省,410000,济源市,419001,705,351
2005,河南省,410000,济源市,419001,735,391
2006,河南省,410000,济源市,419001,1012,559
2007,河南省,410000,济源市,419001,1123,678
2008,河南省,410000,济源市,419001,1629,1126
2009,河南省,410000,济源市,419001,2268,1664
2010,河南省,410000,济源市,419001,1934,1347
2011,河南省,410000,济源市,419001,2305,1617
2012,河南省,410000,济源市,419001,3364,2494
2013,河南省,410000,济源市,419001,5057,3953
2014,河南省,410000,济源市,419001,4969,3464
2015,河南省,410000,济源市,419001,5178,3370
2016,河南省,410000,济源市,419001,6807,4344
2017,河南省,410000,济源市,419001,9512,6244
2018,河南省,410000,济源市,419001,9642,5497
2019,河南省,410000,济源市,419001,12429,6645
2020,河南省,410000,济源市,419001,9955,5174
2021,河南省,410000,济源市,419001,9374,6276
2022,河南省,410000,济源市,419001,13188,10244
2023,河南省,410000,济源市,419001,4766,3356
2000,湖北省,420000,武汉市,420100,48161,35541
2001,湖北省,420000,武汉市,420100,32994,19171
2002,湖北省,420000,武汉市,420100,39800,22319
2003,湖北省,420000,武汉市,420100,59540,38458
2004,湖北省,420000,武汉市,420100,77564,53461
2005,湖北省,420000,武汉市,420100,67612,45962
2006,湖北省,420000,武汉市,420100,60761,41297
2007,湖北省,420000,武汉市,420100,82957,61366
2008,湖北省,420000,武汉市,420100,95030,72611
2009,湖北省,420000,武汉市,420100,89166,62856
2010,湖北省,420000,武汉市,420100,89486,60010
2011,湖北省,420000,武汉市,420100,115816,80445
2012,湖北省,420000,武汉市,420100,115180,80567
2013,湖北省,420000,武汉市,420100,117724,74372
2014,湖北省,420000,武汉市,420100,151972,89781
2015,湖北省,420000,武汉市,420100,144617,73487
2016,湖北省,420000,武汉市,420100,159586,74287
2017,湖北省,420000,武汉市,420100,194959,92003
2018,湖北省,420000,武汉市,420100,181942,44175
2019,湖北省,420000,武汉市,420100,218880,43557
2020,湖北省,420000,武汉市,420100,154599,42735
2021,湖北省,420000,武汉市,420100,223868,91578
2022,湖北省,420000,武汉市,420100,290199,153382
2023,湖北省,420000,武汉市,420100,93265,33352
2000,湖北省,420000,黄石市,420200,3092,1931
2001,湖北省,420000,黄石市,420200,1681,657
2002,湖北省,420000,黄石市,420200,1665,699
2003,湖北省,420000,黄石市,420200,2993,1783
2004,湖北省,420000,黄石市,420200,5210,3690
2005,湖北省,420000,黄石市,420200,4016,2536
2006,湖北省,420000,黄石市,420200,4377,2832
2007,湖北省,420000,黄石市,420200,5757,4276
2008,湖北省,420000,黄石市,420200,11314,9684
2009,湖北省,420000,黄石市,420200,9174,7283
2010,湖北省,420000,黄石市,420200,9716,7533
2011,湖北省,420000,黄石市,420200,12485,9836
2012,湖北省,420000,黄石市,420200,18204,15179
2013,湖北省,420000,黄石市,420200,52443,46295
2014,湖北省,420000,黄石市,420200,20607,14851
2015,湖北省,420000,黄石市,420200,43144,33987
2016,湖北省,420000,黄石市,420200,27648,17911
2017,湖北省,420000,黄石市,420200,31515,21799
2018,湖北省,420000,黄石市,420200,27751,14807
2019,湖北省,420000,黄石市,420200,25574,11921
2020,湖北省,420000,黄石市,420200,20587,9288
2021,湖北省,420000,黄石市,420200,37242,25145
2022,湖北省,420000,黄石市,420200,60558,44935
2023,湖北省,420000,黄石市,420200,10156,4751
2000,湖北省,420000,十堰市,420300,2326,1285
2001,湖北省,420000,十堰市,420300,2093,733
2002,湖北省,420000,十堰市,420300,2568,846
2003,湖北省,420000,十堰市,420300,4388,2295
2004,湖北省,420000,十堰市,420300,10398,8010
2005,湖北省,420000,十堰市,420300,6316,3999
2006,湖北省,420000,十堰市,420300,8802,6132
2007,湖北省,420000,十堰市,420300,9249,6927
2008,湖北省,420000,十堰市,420300,16287,13883
2009,湖北省,420000,十堰市,420300,14599,12121
2010,湖北省,420000,十堰市,420300,14556,11527
2011,湖北省,420000,十堰市,420300,17866,14650
2012,湖北省,420000,十堰市,420300,21608,18201
2013,湖北省,420000,十堰市,420300,63873,58307
2014,湖北省,420000,十堰市,420300,31282,24221
2015,湖北省,420000,十堰市,420300,42440,34748
2016,湖北省,420000,十堰市,420300,41877,31785
2017,湖北省,420000,十堰市,420300,47580,34949
2018,湖北省,420000,十堰市,420300,64884,36976
2019,湖北省,420000,十堰市,420300,52850,33992
2020,湖北省,420000,十堰市,420300,31568,17257
2021,湖北省,420000,十堰市,420300,64916,52077
2022,湖北省,420000,十堰市,420300,83216,69480
2023,湖北省,420000,十堰市,420300,26405,18257
2000,湖北省,420000,宜昌市,420500,8417,5437
2001,湖北省,420000,宜昌市,420500,6178,2853
2002,湖北省,420000,宜昌市,420500,7257,3553
2003,湖北省,420000,宜昌市,420500,15617,11083
2004,湖北省,420000,宜昌市,420500,35197,30273
2005,湖北省,420000,宜昌市,420500,17167,13248
2006,湖北省,420000,宜昌市,420500,17151,13029
2007,湖北省,420000,宜昌市,420500,19744,16283
2008,湖北省,420000,宜昌市,420500,30964,27543
2009,湖北省,420000,宜昌市,420500,31039,26643
2010,湖北省,420000,宜昌市,420500,30544,25460
2011,湖北省,420000,宜昌市,420500,36254,30515
2012,湖北省,420000,宜昌市,420500,41640,34098
2013,湖北省,420000,宜昌市,420500,260990,209255
2014,湖北省,420000,宜昌市,420500,53472,41980
2015,湖北省,420000,宜昌市,420500,53076,40735
2016,湖北省,420000,宜昌市,420500,46616,31227
2017,湖北省,420000,宜昌市,420500,51861,35824
2018,湖北省,420000,宜昌市,420500,52800,30775
2019,湖北省,420000,宜昌市,420500,60497,32613
2020,湖北省,420000,宜昌市,420500,48728,28272
2021,湖北省,420000,宜昌市,420500,101311,81246
2022,湖北省,420000,宜昌市,420500,112251,81765
2023,湖北省,420000,宜昌市,420500,33964,19010
2000,湖北省,420000,襄阳市,420600,2964,1171
2001,湖北省,420000,襄阳市,420600,2454,603
2002,湖北省,420000,襄阳市,420600,3173,1160
2003,湖北省,420000,襄阳市,420600,11702,8291
2004,湖北省,420000,襄阳市,420600,11394,8016
2005,湖北省,420000,襄阳市,420600,8384,5337
2006,湖北省,420000,襄阳市,420600,9745,6628
2007,湖北省,420000,襄阳市,420600,13454,9919
2008,湖北省,420000,襄阳市,420600,22571,19208
2009,湖北省,420000,襄阳市,420600,20482,16538
2010,湖北省,420000,襄阳市,420600,23565,18558
2011,湖北省,420000,襄阳市,420600,32735,26260
2012,湖北省,420000,襄阳市,420600,47702,39500
2013,湖北省,420000,襄阳市,420600,100468,63769
2014,湖北省,420000,襄阳市,420600,54842,40786
2015,湖北省,420000,襄阳市,420600,82228,63030
2016,湖北省,420000,襄阳市,420600,55463,37709
2017,湖北省,420000,襄阳市,420600,64945,45499
2018,湖北省,420000,襄阳市,420600,56394,32872
2019,湖北省,420000,襄阳市,420600,53792,25694
2020,湖北省,420000,襄阳市,420600,51530,27637
2021,湖北省,420000,襄阳市,420600,80439,57255
2022,湖北省,420000,襄阳市,420600,107646,82795
2023,湖北省,420000,襄阳市,420600,32372,20682
2000,湖北省,420000,鄂州市,420700,470,78
2001,湖北省,420000,鄂州市,420700,541,46
2002,湖北省,420000,鄂州市,420700,599,56
2003,湖北省,420000,鄂州市,420700,1405,444
2004,湖北省,420000,鄂州市,420700,6393,5266
2005,湖北省,420000,鄂州市,420700,2485,1508
2006,湖北省,420000,鄂州市,420700,2412,1519
2007,湖北省,420000,鄂州市,420700,2260,1343
2008,湖北省,420000,鄂州市,420700,4388,3306
2009,湖北省,420000,鄂州市,420700,5570,4448
2010,湖北省,420000,鄂州市,420700,5799,4428
2011,湖北省,420000,鄂州市,420700,6745,5239
2012,湖北省,420000,鄂州市,420700,8422,6723
2013,湖北省,420000,鄂州市,420700,9077,7222
2014,湖北省,420000,鄂州市,420700,8897,6474
2015,湖北省,420000,鄂州市,420700,11068,8097
2016,湖北省,420000,鄂州市,420700,13025,9708
2017,湖北省,420000,鄂州市,420700,14716,10873
2018,湖北省,420000,鄂州市,420700,11916,7089
2019,湖北省,420000,鄂州市,420700,11894,6189
2020,湖北省,420000,鄂州市,420700,11096,6128
2021,湖北省,420000,鄂州市,420700,14360,9383
2022,湖北省,420000,鄂州市,420700,22848,18522
2023,湖北省,420000,鄂州市,420700,6624,4476
2000,湖北省,420000,荆门市,420800,2582,1593
2001,湖北省,420000,荆门市,420800,2185,875
2002,湖北省,420000,荆门市,420800,2253,1069
2003,湖北省,420000,荆门市,420800,5325,3312
2004,湖北省,420000,荆门市,420800,11506,10091
2005,湖北省,420000,荆门市,420800,6491,5169
2006,湖北省,420000,荆门市,420800,5555,4072
2007,湖北省,420000,荆门市,420800,7338,5919
2008,湖北省,420000,荆门市,420800,12107,10640
2009,湖北省,420000,荆门市,420800,12943,10031
2010,湖北省,420000,荆门市,420800,15828,13357
2011,湖北省,420000,荆门市,420800,21957,18998
2012,湖北省,420000,荆门市,420800,23204,20361
2013,湖北省,420000,荆门市,420800,27118,23243
2014,湖北省,420000,荆门市,420800,19158,14010
2015,湖北省,420000,荆门市,420800,27602,21277
2016,湖北省,420000,荆门市,420800,20889,13227
2017,湖北省,420000,荆门市,420800,28516,19466
2018,湖北省,420000,荆门市,420800,24571,13998
2019,湖北省,420000,荆门市,420800,23706,13337
2020,湖北省,420000,荆门市,420800,20240,11034
2021,湖北省,420000,荆门市,420800,45791,35780
2022,湖北省,420000,荆门市,420800,58249,42439
2023,湖北省,420000,荆门市,420800,20739,10348
2000,湖北省,420000,孝感市,420900,1547,560
2001,湖北省,420000,孝感市,420900,1360,258
2002,湖北省,420000,孝感市,420900,1806,321
2003,湖北省,420000,孝感市,420900,4437,2850
2004,湖北省,420000,孝感市,420900,4292,2447
2005,湖北省,420000,孝感市,420900,5253,3443
2006,湖北省,420000,孝感市,420900,5860,3728
2007,湖北省,420000,孝感市,420900,11132,9166
2008,湖北省,420000,孝感市,420900,15885,13825
2009,湖北省,420000,孝感市,420900,18180,15316
2010,湖北省,420000,孝感市,420900,19065,15907
2011,湖北省,420000,孝感市,420900,24523,20312
2012,湖北省,420000,孝感市,420900,31053,26627
2013,湖北省,420000,孝感市,420900,60480,54322
2014,湖北省,420000,孝感市,420900,28541,22254
2015,湖北省,420000,孝感市,420900,30228,21573
2016,湖北省,420000,孝感市,420900,33652,21060
2017,湖北省,420000,孝感市,420900,35955,21729
2018,湖北省,420000,孝感市,420900,33422,18866
2019,湖北省,420000,孝感市,420900,31430,16070
2020,湖北省,420000,孝感市,420900,25712,14214
2021,湖北省,420000,孝感市,420900,49706,41172
2022,湖北省,420000,孝感市,420900,76784,66366
2023,湖北省,420000,孝感市,420900,31059,15280
2000,湖北省,420000,荆州市,421000,4280,2644
2001,湖北省,420000,荆州市,421000,2440,586
2002,湖北省,420000,荆州市,421000,2895,884
2003,湖北省,420000,荆州市,421000,10642,8562
2004,湖北省,420000,荆州市,421000,28270,25351
2005,湖北省,420000,荆州市,421000,8704,6587
2006,湖北省,420000,荆州市,421000,10215,7778
2007,湖北省,420000,荆州市,421000,11528,9269
2008,湖北省,420000,荆州市,421000,37134,34641
2009,湖北省,420000,荆州市,421000,23157,19892
2010,湖北省,420000,荆州市,421000,28156,24072
2011,湖北省,420000,荆州市,421000,34076,29720
2012,湖北省,420000,荆州市,421000,43347,38578
2013,湖北省,420000,荆州市,421000,42229,36075
2014,湖北省,420000,荆州市,421000,51482,43228
2015,湖北省,420000,荆州市,421000,52674,43194
2016,湖北省,420000,荆州市,421000,39900,29128
2017,湖北省,420000,荆州市,421000,51692,39235
2018,湖北省,420000,荆州市,421000,48938,28135
2019,湖北省,420000,荆州市,421000,41431,22303
2020,湖北省,420000,荆州市,421000,35827,18714
2021,湖北省,420000,荆州市,421000,62959,47513
2022,湖北省,420000,荆州市,421000,85144,65481
2023,湖北省,420000,荆州市,421000,21287,13240
2000,湖北省,420000,黄冈市,421100,1836,549
2001,湖北省,420000,黄冈市,421100,1403,223
2002,湖北省,420000,黄冈市,421100,1813,276
2003,湖北省,420000,黄冈市,421100,3768,1979
2004,湖北省,420000,黄冈市,421100,23388,15960
2005,湖北省,420000,黄冈市,421100,18086,15017
2006,湖北省,420000,黄冈市,421100,13693,11288
2007,湖北省,420000,黄冈市,421100,20217,14441
2008,湖北省,420000,黄冈市,421100,37021,34478
2009,湖北省,420000,黄冈市,421100,33260,30001
2010,湖北省,420000,黄冈市,421100,38789,34645
2011,湖北省,420000,黄冈市,421100,36154,31833
2012,湖北省,420000,黄冈市,421100,46491,41796
2013,湖北省,420000,黄冈市,421100,54376,48731
2014,湖北省,420000,黄冈市,421100,63869,54239
2015,湖北省,420000,黄冈市,421100,74849,61870
2016,湖北省,420000,黄冈市,421100,54449,38776
2017,湖北省,420000,黄冈市,421100,59030,41662
2018,湖北省,420000,黄冈市,421100,52017,29591
2019,湖北省,420000,黄冈市,421100,49994,23008
2020,湖北省,420000,黄冈市,421100,41165,22577
2021,湖北省,420000,黄冈市,421100,65495,49545
2022,湖北省,420000,黄冈市,421100,88646,72422
2023,湖北省,420000,黄冈市,421100,23764,15377
2000,湖北省,420000,咸宁市,421200,2384,1587
2001,湖北省,420000,咸宁市,421200,1602,991
2002,湖北省,420000,咸宁市,421200,1833,1228
2003,湖北省,420000,咸宁市,421200,2704,1733
2004,湖北省,420000,咸宁市,421200,9874,8484
2005,湖北省,420000,咸宁市,421200,6573,5020
2006,湖北省,420000,咸宁市,421200,5838,4664
2007,湖北省,420000,咸宁市,421200,7648,6406
2008,湖北省,420000,咸宁市,421200,16137,14953
2009,湖北省,420000,咸宁市,421200,12528,11100
2010,湖北省,420000,咸宁市,421200,16920,14971
2011,湖北省,420000,咸宁市,421200,17116,14801
2012,湖北省,420000,咸宁市,421200,21842,19393
2013,湖北省,420000,咸宁市,421200,27348,24303
2014,湖北省,420000,咸宁市,421200,24788,20363
2015,湖北省,420000,咸宁市,421200,35786,30230
2016,湖北省,420000,咸宁市,421200,23705,15290
2017,湖北省,420000,咸宁市,421200,30634,20935
2018,湖北省,420000,咸宁市,421200,30666,16119
2019,湖北省,420000,咸宁市,421200,41787,18252
2020,湖北省,420000,咸宁市,421200,39594,15324
2021,湖北省,420000,咸宁市,421200,41784,27937
2022,湖北省,420000,咸宁市,421200,64966,46782
2023,湖北省,420000,咸宁市,421200,12786,8104
2000,湖北省,420000,随州市,421300,1712,38
2001,湖北省,420000,随州市,421300,654,15
2002,湖北省,420000,随州市,421300,924,29
2003,湖北省,420000,随州市,421300,2048,1113
2004,湖北省,420000,随州市,421300,7337,5746
2005,湖北省,420000,随州市,421300,3260,1772
2006,湖北省,420000,随州市,421300,2643,1578
2007,湖北省,420000,随州市,421300,4403,3327
2008,湖北省,420000,随州市,421300,5726,4476
2009,湖北省,420000,随州市,421300,6570,4980
2010,湖北省,420000,随州市,421300,7107,5307
2011,湖北省,420000,随州市,421300,18513,16503
2012,湖北省,420000,随州市,421300,19382,17398
2013,湖北省,420000,随州市,421300,22501,19769
2014,湖北省,420000,随州市,421300,24407,20963
2015,湖北省,420000,随州市,421300,26923,22382
2016,湖北省,420000,随州市,421300,22254,15637
2017,湖北省,420000,随州市,421300,24026,18017
2018,湖北省,420000,随州市,421300,26874,14747
2019,湖北省,420000,随州市,421300,37539,12778
2020,湖北省,420000,随州市,421300,17044,9991
2021,湖北省,420000,随州市,421300,25983,19327
2022,湖北省,420000,随州市,421300,43943,37673
2023,湖北省,420000,随州市,421300,9553,5870
2000,湖北省,420000,恩施土家族苗族自治州,422800,888,399
2001,湖北省,420000,恩施土家族苗族自治州,422800,694,181
2002,湖北省,420000,恩施土家族苗族自治州,422800,940,284
2003,湖北省,420000,恩施土家族苗族自治州,422800,2333,1246
2004,湖北省,420000,恩施土家族苗族自治州,422800,10892,9634
2005,湖北省,420000,恩施土家族苗族自治州,422800,5444,4239
2006,湖北省,420000,恩施土家族苗族自治州,422800,6165,4670
2007,湖北省,420000,恩施土家族苗族自治州,422800,13338,11614
2008,湖北省,420000,恩施土家族苗族自治州,422800,19791,17907
2009,湖北省,420000,恩施土家族苗族自治州,422800,19708,17637
2010,湖北省,420000,恩施土家族苗族自治州,422800,20096,17194
2011,湖北省,420000,恩施土家族苗族自治州,422800,21268,18274
2012,湖北省,420000,恩施土家族苗族自治州,422800,30321,26358
2013,湖北省,420000,恩施土家族苗族自治州,422800,30550,26236
2014,湖北省,420000,恩施土家族苗族自治州,422800,55282,49091
2015,湖北省,420000,恩施土家族苗族自治州,422800,41120,31397
2016,湖北省,420000,恩施土家族苗族自治州,422800,36581,23822
2017,湖北省,420000,恩施土家族苗族自治州,422800,38007,24505
2018,湖北省,420000,恩施土家族苗族自治州,422800,41172,20346
2019,湖北省,420000,恩施土家族苗族自治州,422800,46858,20513
2020,湖北省,420000,恩施土家族苗族自治州,422800,44581,28668
2021,湖北省,420000,恩施土家族苗族自治州,422800,58694,44371
2022,湖北省,420000,恩施土家族苗族自治州,422800,64589,49856
2023,湖北省,420000,恩施土家族苗族自治州,422800,23995,15304
2000,湖北省,420000,仙桃市,429004,364,14
2001,湖北省,420000,仙桃市,429004,364,6
2002,湖北省,420000,仙桃市,429004,354,5
2003,湖北省,420000,仙桃市,429004,2062,1578
2004,湖北省,420000,仙桃市,429004,3001,2548
2005,湖北省,420000,仙桃市,429004,2288,1879
2006,湖北省,420000,仙桃市,429004,2272,1753
2007,湖北省,420000,仙桃市,429004,6600,6169
2008,湖北省,420000,仙桃市,429004,5946,5539
2009,湖北省,420000,仙桃市,429004,4880,4179
2010,湖北省,420000,仙桃市,429004,6556,5800
2011,湖北省,420000,仙桃市,429004,8122,6974
2012,湖北省,420000,仙桃市,429004,10671,9197
2013,湖北省,420000,仙桃市,429004,9427,7522
2014,湖北省,420000,仙桃市,429004,9620,7026
2015,湖北省,420000,仙桃市,429004,12013,8529
2016,湖北省,420000,仙桃市,429004,24199,18618
2017,湖北省,420000,仙桃市,429004,15114,11439
2018,湖北省,420000,仙桃市,429004,9457,4286
2019,湖北省,420000,仙桃市,429004,8624,3710
2020,湖北省,420000,仙桃市,429004,9648,3767
2021,湖北省,420000,仙桃市,429004,14126,8210
2022,湖北省,420000,仙桃市,429004,21509,15466
2023,湖北省,420000,仙桃市,429004,5155,2324
2000,湖北省,420000,潜江市,429005,338,83
2001,湖北省,420000,潜江市,429005,283,40
2002,湖北省,420000,潜江市,429005,288,29
2003,湖北省,420000,潜江市,429005,1215,880
2004,湖北省,420000,潜江市,429005,903,514
2005,湖北省,420000,潜江市,429005,1706,1277
2006,湖北省,420000,潜江市,429005,1192,701
2007,湖北省,420000,潜江市,429005,1947,1516
2008,湖北省,420000,潜江市,429005,3624,3233
2009,湖北省,420000,潜江市,429005,3499,2810
2010,湖北省,420000,潜江市,429005,4172,3262
2011,湖北省,420000,潜江市,429005,4836,3878
2012,湖北省,420000,潜江市,429005,5720,4679
2013,湖北省,420000,潜江市,429005,5671,4372
2014,湖北省,420000,潜江市,429005,6868,5350
2015,湖北省,420000,潜江市,429005,8743,6778
2016,湖北省,420000,潜江市,429005,5981,3578
2017,湖北省,420000,潜江市,429005,8115,5719
2018,湖北省,420000,潜江市,429005,7160,4445
2019,湖北省,420000,潜江市,429005,7316,4282
2020,湖北省,420000,潜江市,429005,5673,3128
2021,湖北省,420000,潜江市,429005,12312,9421
2022,湖北省,420000,潜江市,429005,21262,17717
2023,湖北省,420000,潜江市,429005,4976,3334
2000,湖北省,420000,天门市,429006,270,17
2001,湖北省,420000,天门市,429006,508,10
2002,湖北省,420000,天门市,429006,337,13
2003,湖北省,420000,天门市,429006,331,29
2004,湖北省,420000,天门市,429006,311,47
2005,湖北省,420000,天门市,429006,271,32
2006,湖北省,420000,天门市,429006,257,32
2007,湖北省,420000,天门市,429006,1307,978
2008,湖北省,420000,天门市,429006,4511,3945
2009,湖北省,420000,天门市,429006,6310,5574
2010,湖北省,420000,天门市,429006,4439,3863
2011,湖北省,420000,天门市,429006,5086,4396
2012,湖北省,420000,天门市,429006,6503,5627
2013,湖北省,420000,天门市,429006,7448,5640
2014,湖北省,420000,天门市,429006,6028,4174
2015,湖北省,420000,天门市,429006,23767,22018
2016,湖北省,420000,天门市,429006,7186,4641
2017,湖北省,420000,天门市,429006,9015,5991
2018,湖北省,420000,天门市,429006,10051,4444
2019,湖北省,420000,天门市,429006,10521,4355
2020,湖北省,420000,天门市,429006,7898,3273
2021,湖北省,420000,天门市,429006,12255,8181
2022,湖北省,420000,天门市,429006,17581,12820
2023,湖北省,420000,天门市,429006,4611,2332
2000,湖北省,420000,神农架林区,429021,49,5
2001,湖北省,420000,神农架林区,429021,45,1
2002,湖北省,420000,神农架林区,429021,66,6
2003,湖北省,420000,神农架林区,429021,115,25
2004,湖北省,420000,神农架林区,429021,917,837
2005,湖北省,420000,神农架林区,429021,262,205
2006,湖北省,420000,神农架林区,429021,316,251
2007,湖北省,420000,神农架林区,429021,335,285
2008,湖北省,420000,神农架林区,429021,794,717
2009,湖北省,420000,神农架林区,429021,787,696
2010,湖北省,420000,神农架林区,429021,1002,899
2011,湖北省,420000,神农架林区,429021,1404,1241
2012,湖北省,420000,神农架林区,429021,1659,1485
2013,湖北省,420000,神农架林区,429021,2094,1864
2014,湖北省,420000,神农架林区,429021,1722,1416
2015,湖北省,420000,神农架林区,429021,1505,1191
2016,湖北省,420000,神农架林区,429021,1225,883
2017,湖北省,420000,神农架林区,429021,1253,905
2018,湖北省,420000,神农架林区,429021,1371,1030
2019,湖北省,420000,神农架林区,429021,2159,1707
2020,湖北省,420000,神农架林区,429021,1771,1356
2021,湖北省,420000,神农架林区,429021,1534,1213
2022,湖北省,420000,神农架林区,429021,1200,935
2023,湖北省,420000,神农架林区,429021,592,448
2000,湖南省,430000,长沙市,430100,49367,28038
2001,湖南省,430000,长沙市,430100,27928,14802
2002,湖南省,430000,长沙市,430100,24122,11846
2003,湖南省,430000,长沙市,430100,40186,20972
2004,湖南省,430000,长沙市,430100,46747,22158
2005,湖南省,430000,长沙市,430100,40191,20688
2006,湖南省,430000,长沙市,430100,36898,18797
2007,湖南省,430000,长沙市,430100,57742,37833
2008,湖南省,430000,长沙市,430100,61406,36186
2009,湖南省,430000,长沙市,430100,60927,37617
2010,湖南省,430000,长沙市,430100,64700,37193
2011,湖南省,430000,长沙市,430100,73052,41191
2012,湖南省,430000,长沙市,430100,68406,39758
2013,湖南省,430000,长沙市,430100,84457,49162
2014,湖南省,430000,长沙市,430100,122903,65993
2015,湖南省,430000,长沙市,430100,128615,69457
2016,湖南省,430000,长沙市,430100,147966,79245
2017,湖南省,430000,长沙市,430100,182587,104476
2018,湖南省,430000,长沙市,430100,161396,57090
2019,湖南省,430000,长沙市,430100,197975,56893
2020,湖南省,430000,长沙市,430100,184426,64066
2021,湖南省,430000,长沙市,430100,158129,63417
2022,湖南省,430000,长沙市,430100,226933,119504
2023,湖南省,430000,长沙市,430100,90607,34816
2000,湖南省,430000,株洲市,430200,13271,9496
2001,湖南省,430000,株洲市,430200,7405,4293
2002,湖南省,430000,株洲市,430200,6754,3763
2003,湖南省,430000,株洲市,430200,13620,9295
2004,湖南省,430000,株洲市,430200,23782,17136
2005,湖南省,430000,株洲市,430200,12909,8508
2006,湖南省,430000,株洲市,430200,12588,8532
2007,湖南省,430000,株洲市,430200,13341,9671
2008,湖南省,430000,株洲市,430200,25068,19529
2009,湖南省,430000,株洲市,430200,25056,18881
2010,湖南省,430000,株洲市,430200,24546,18449
2011,湖南省,430000,株洲市,430200,19794,14089
2012,湖南省,430000,株洲市,430200,26225,18783
2013,湖南省,430000,株洲市,430200,41718,28027
2014,湖南省,430000,株洲市,430200,29358,19208
2015,湖南省,430000,株洲市,430200,30170,20645
2016,湖南省,430000,株洲市,430200,39615,28606
2017,湖南省,430000,株洲市,430200,41021,28764
2018,湖南省,430000,株洲市,430200,38939,21724
2019,湖南省,430000,株洲市,430200,40854,20983
2020,湖南省,430000,株洲市,430200,41031,22943
2021,湖南省,430000,株洲市,430200,35104,21514
2022,湖南省,430000,株洲市,430200,79920,43959
2023,湖南省,430000,株洲市,430200,35826,17795
2000,湖南省,430000,湘潭市,430300,14801,9513
2001,湖南省,430000,湘潭市,430300,4201,2006
2002,湖南省,430000,湘潭市,430300,4071,2085
2003,湖南省,430000,湘潭市,430300,4853,2407
2004,湖南省,430000,湘潭市,430300,8279,5413
2005,湖南省,430000,湘潭市,430300,9434,6663
2006,湖南省,430000,湘潭市,430300,6713,4641
2007,湖南省,430000,湘潭市,430300,8304,6321
2008,湖南省,430000,湘潭市,430300,10378,8670
2009,湖南省,430000,湘潭市,430300,10078,8273
2010,湖南省,430000,湘潭市,430300,9737,7456
2011,湖南省,430000,湘潭市,430300,9484,7018
2012,湖南省,430000,湘潭市,430300,12516,10099
2013,湖南省,430000,湘潭市,430300,16551,13541
2014,湖南省,430000,湘潭市,430300,15084,10943
2015,湖南省,430000,湘潭市,430300,18220,13330
2016,湖南省,430000,湘潭市,430300,22331,16293
2017,湖南省,430000,湘潭市,430300,30645,23525
2018,湖南省,430000,湘潭市,430300,24313,14325
2019,湖南省,430000,湘潭市,430300,25044,13854
2020,湖南省,430000,湘潭市,430300,20831,11835
2021,湖南省,430000,湘潭市,430300,28254,21315
2022,湖南省,430000,湘潭市,430300,43008,32852
2023,湖南省,430000,湘潭市,430300,8586,5569
2000,湖南省,430000,衡阳市,430400,10395,6803
2001,湖南省,430000,衡阳市,430400,5879,3211
2002,湖南省,430000,衡阳市,430400,9110,5549
2003,湖南省,430000,衡阳市,430400,7930,4797
2004,湖南省,430000,衡阳市,430400,12822,8537
2005,湖南省,430000,衡阳市,430400,10280,6497
2006,湖南省,430000,衡阳市,430400,10529,6855
2007,湖南省,430000,衡阳市,430400,15063,11047
2008,湖南省,430000,衡阳市,430400,17008,13055
2009,湖南省,430000,衡阳市,430400,21219,16511
2010,湖南省,430000,衡阳市,430400,24806,19513
2011,湖南省,430000,衡阳市,430400,30665,23330
2012,湖南省,430000,衡阳市,430400,32149,24128
2013,湖南省,430000,衡阳市,430400,38047,30018
2014,湖南省,430000,衡阳市,430400,27682,18297
2015,湖南省,430000,衡阳市,430400,38497,27297
2016,湖南省,430000,衡阳市,430400,38894,28271
2017,湖南省,430000,衡阳市,430400,49961,37240
2018,湖南省,430000,衡阳市,430400,58885,32015
2019,湖南省,430000,衡阳市,430400,64732,32551
2020,湖南省,430000,衡阳市,430400,58248,36273
2021,湖南省,430000,衡阳市,430400,61449,46017
2022,湖南省,430000,衡阳市,430400,83794,59089
2023,湖南省,430000,衡阳市,430400,34180,18470
2000,湖南省,430000,邵阳市,430500,13186,8437
2001,湖南省,430000,邵阳市,430500,3392,1483
2002,湖南省,430000,邵阳市,430500,4795,1966
2003,湖南省,430000,邵阳市,430500,7271,4373
2004,湖南省,430000,邵阳市,430500,19033,14426
2005,湖南省,430000,邵阳市,430500,9459,6394
2006,湖南省,430000,邵阳市,430500,10353,7002
2007,湖南省,430000,邵阳市,430500,16283,12273
2008,湖南省,430000,邵阳市,430500,19811,15160
2009,湖南省,430000,邵阳市,430500,32028,24327
2010,湖南省,430000,邵阳市,430500,24077,18412
2011,湖南省,430000,邵阳市,430500,27838,20503
2012,湖南省,430000,邵阳市,430500,30077,21812
2013,湖南省,430000,邵阳市,430500,43616,31186
2014,湖南省,430000,邵阳市,430500,32688,21963
2015,湖南省,430000,邵阳市,430500,36487,24329
2016,湖南省,430000,邵阳市,430500,43557,33111
2017,湖南省,430000,邵阳市,430500,44423,31086
2018,湖南省,430000,邵阳市,430500,56015,29720
2019,湖南省,430000,邵阳市,430500,52487,30734
2020,湖南省,430000,邵阳市,430500,51059,32429
2021,湖南省,430000,邵阳市,430500,42776,29265
2022,湖南省,430000,邵阳市,430500,83371,49222
2023,湖南省,430000,邵阳市,430500,21308,14051
2000,湖南省,430000,岳阳市,430600,11207,7158
2001,湖南省,430000,岳阳市,430600,6236,3664
2002,湖南省,430000,岳阳市,430600,5108,2758
2003,湖南省,430000,岳阳市,430600,10280,6671
2004,湖南省,430000,岳阳市,430600,13863,9196
2005,湖南省,430000,岳阳市,430600,11650,7480
2006,湖南省,430000,岳阳市,430600,15623,9706
2007,湖南省,430000,岳阳市,430600,20499,14358
2008,湖南省,430000,岳阳市,430600,23637,17460
2009,湖南省,430000,岳阳市,430600,39298,28046
2010,湖南省,430000,岳阳市,430600,34298,24414
2011,湖南省,430000,岳阳市,430600,40118,27024
2012,湖南省,430000,岳阳市,430600,39996,26396
2013,湖南省,430000,岳阳市,430600,49472,32201
2014,湖南省,430000,岳阳市,430600,42727,24493
2015,湖南省,430000,岳阳市,430600,37652,23096
2016,湖南省,430000,岳阳市,430600,35078,24320
2017,湖南省,430000,岳阳市,430600,44312,31073
2018,湖南省,430000,岳阳市,430600,43693,23754
2019,湖南省,430000,岳阳市,430600,47285,23279
2020,湖南省,430000,岳阳市,430600,40346,22094
2021,湖南省,430000,岳阳市,430600,41877,24232
2022,湖南省,430000,岳阳市,430600,85111,57603
2023,湖南省,430000,岳阳市,430600,22864,13895
2000,湖南省,430000,常德市,430700,16418,12733
2001,湖南省,430000,常德市,430700,9462,6827
2002,湖南省,430000,常德市,430700,8422,5355
2003,湖南省,430000,常德市,430700,10146,6697
2004,湖南省,430000,常德市,430700,13300,9317
2005,湖南省,430000,常德市,430700,11560,8056
2006,湖南省,430000,常德市,430700,14850,10084
2007,湖南省,430000,常德市,430700,22011,15596
2008,湖南省,430000,常德市,430700,39787,28704
2009,湖南省,430000,常德市,430700,35339,24496
2010,湖南省,430000,常德市,430700,41440,28502
2011,湖南省,430000,常德市,430700,34399,22004
2012,湖南省,430000,常德市,430700,35838,23410
2013,湖南省,430000,常德市,430700,52956,23245
2014,湖南省,430000,常德市,430700,29549,17704
2015,湖南省,430000,常德市,430700,35794,22344
2016,湖南省,430000,常德市,430700,36327,25262
2017,湖南省,430000,常德市,430700,45132,32082
2018,湖南省,430000,常德市,430700,50749,27096
2019,湖南省,430000,常德市,430700,55145,24567
2020,湖南省,430000,常德市,430700,40974,24746
2021,湖南省,430000,常德市,430700,36818,24856
2022,湖南省,430000,常德市,430700,79772,46134
2023,湖南省,430000,常德市,430700,23992,11789
2000,湖南省,430000,张家界市,430800,3685,2595
2001,湖南省,430000,张家界市,430800,2576,1730
2002,湖南省,430000,张家界市,430800,2504,1731
2003,湖南省,430000,张家界市,430800,4221,3100
2004,湖南省,430000,张家界市,430800,10077,8168
2005,湖南省,430000,张家界市,430800,3836,2847
2006,湖南省,430000,张家界市,430800,4097,3020
2007,湖南省,430000,张家界市,430800,4939,3246
2008,湖南省,430000,张家界市,430800,5353,3622
2009,湖南省,430000,张家界市,430800,9070,5419
2010,湖南省,430000,张家界市,430800,6409,4206
2011,湖南省,430000,张家界市,430800,6673,4202
2012,湖南省,430000,张家界市,430800,7640,4657
2013,湖南省,430000,张家界市,430800,9339,4929
2014,湖南省,430000,张家界市,430800,7657,3668
2015,湖南省,430000,张家界市,430800,11199,6213
2016,湖南省,430000,张家界市,430800,11298,6783
2017,湖南省,430000,张家界市,430800,14902,9337
2018,湖南省,430000,张家界市,430800,16087,8824
2019,湖南省,430000,张家界市,430800,16528,8089
2020,湖南省,430000,张家界市,430800,13679,7162
2021,湖南省,430000,张家界市,430800,18967,10317
2022,湖南省,430000,张家界市,430800,14652,10719
2023,湖南省,430000,张家界市,430800,5461,3238
2000,湖南省,430000,益阳市,430900,5036,3325
2001,湖南省,430000,益阳市,430900,5813,3803
2002,湖南省,430000,益阳市,430900,4912,2889
2003,湖南省,430000,益阳市,430900,9206,6741
2004,湖南省,430000,益阳市,430900,14260,10850
2005,湖南省,430000,益阳市,430900,9004,6823
2006,湖南省,430000,益阳市,430900,7769,5384
2007,湖南省,430000,益阳市,430900,17420,12047
2008,湖南省,430000,益阳市,430900,18840,12509
2009,湖南省,430000,益阳市,430900,18243,13284
2010,湖南省,430000,益阳市,430900,23728,17321
2011,湖南省,430000,益阳市,430900,30153,20681
2012,湖南省,430000,益阳市,430900,28947,19437
2013,湖南省,430000,益阳市,430900,36767,20289
2014,湖南省,430000,益阳市,430900,26167,16110
2015,湖南省,430000,益阳市,430900,28470,19016
2016,湖南省,430000,益阳市,430900,34391,25042
2017,湖南省,430000,益阳市,430900,43197,31751
2018,湖南省,430000,益阳市,430900,37815,21416
2019,湖南省,430000,益阳市,430900,37101,17447
2020,湖南省,430000,益阳市,430900,36797,20005
2021,湖南省,430000,益阳市,430900,26991,16875
2022,湖南省,430000,益阳市,430900,54294,37345
2023,湖南省,430000,益阳市,430900,13078,8410
2000,湖南省,430000,郴州市,431000,11626,8690
2001,湖南省,430000,郴州市,431000,9096,7208
2002,湖南省,430000,郴州市,431000,6388,4505
2003,湖南省,430000,郴州市,431000,9067,6256
2004,湖南省,430000,郴州市,431000,12827,9256
2005,湖南省,430000,郴州市,431000,10461,7506
2006,湖南省,430000,郴州市,431000,12195,8492
2007,湖南省,430000,郴州市,431000,12267,8544
2008,湖南省,430000,郴州市,431000,14134,9812
2009,湖南省,430000,郴州市,431000,23756,17247
2010,湖南省,430000,郴州市,431000,23795,17394
2011,湖南省,430000,郴州市,431000,21035,15022
2012,湖南省,430000,郴州市,431000,24426,17268
2013,湖南省,430000,郴州市,431000,35004,23806
2014,湖南省,430000,郴州市,431000,37863,24417
2015,湖南省,430000,郴州市,431000,33312,22571
2016,湖南省,430000,郴州市,431000,37738,27658
2017,湖南省,430000,郴州市,431000,42993,32637
2018,湖南省,430000,郴州市,431000,41863,26808
2019,湖南省,430000,郴州市,431000,44749,26324
2020,湖南省,430000,郴州市,431000,37357,22577
2021,湖南省,430000,郴州市,431000,33559,21743
2022,湖南省,430000,郴州市,431000,62574,43127
2023,湖南省,430000,郴州市,431000,14993,10181
2000,湖南省,430000,永州市,431100,3622,2089
2001,湖南省,430000,永州市,431100,1900,708
2002,湖南省,430000,永州市,431100,2150,795
2003,湖南省,430000,永州市,431100,8059,5466
2004,湖南省,430000,永州市,431100,13027,9494
2005,湖南省,430000,永州市,431100,8273,5656
2006,湖南省,430000,永州市,431100,8180,5525
2007,湖南省,430000,永州市,431100,14439,11312
2008,湖南省,430000,永州市,431100,18352,13719
2009,湖南省,430000,永州市,431100,25631,19016
2010,湖南省,430000,永州市,431100,23579,18045
2011,湖南省,430000,永州市,431100,24591,19289
2012,湖南省,430000,永州市,431100,24760,19595
2013,湖南省,430000,永州市,431100,32093,24932
2014,湖南省,430000,永州市,431100,32525,22840
2015,湖南省,430000,永州市,431100,33434,25222
2016,湖南省,430000,永州市,431100,36718,27956
2017,湖南省,430000,永州市,431100,45662,33520
2018,湖南省,430000,永州市,431100,45847,28684
2019,湖南省,430000,永州市,431100,45718,26117
2020,湖南省,430000,永州市,431100,45145,27834
2021,湖南省,430000,永州市,431100,40740,29514
2022,湖南省,430000,永州市,431100,80033,57334
2023,湖南省,430000,永州市,431100,21631,14866
2000,湖南省,430000,怀化市,431200,10054,7151
2001,湖南省,430000,怀化市,431200,4344,2827
2002,湖南省,430000,怀化市,431200,4266,2741
2003,湖南省,430000,怀化市,431200,5917,3964
2004,湖南省,430000,怀化市,431200,23348,18526
2005,湖南省,430000,怀化市,431200,7822,5493
2006,湖南省,430000,怀化市,431200,8913,6165
2007,湖南省,430000,怀化市,431200,12618,9184
2008,湖南省,430000,怀化市,431200,17705,13361
2009,湖南省,430000,怀化市,431200,19728,14661
2010,湖南省,430000,怀化市,431200,39900,31167
2011,湖南省,430000,怀化市,431200,19874,14262
2012,湖南省,430000,怀化市,431200,23726,16171
2013,湖南省,430000,怀化市,431200,25797,17529
2014,湖南省,430000,怀化市,431200,34807,23245
2015,湖南省,430000,怀化市,431200,32623,22582
2016,湖南省,430000,怀化市,431200,36387,28833
2017,湖南省,430000,怀化市,431200,35721,26613
2018,湖南省,430000,怀化市,431200,35878,22748
2019,湖南省,430000,怀化市,431200,37467,23187
2020,湖南省,430000,怀化市,431200,34901,24344
2021,湖南省,430000,怀化市,431200,30580,22132
2022,湖南省,430000,怀化市,431200,59547,41871
2023,湖南省,430000,怀化市,431200,16400,11407
2000,湖南省,430000,娄底市,431300,11915,9522
2001,湖南省,430000,娄底市,431300,4922,3469
2002,湖南省,430000,娄底市,431300,3458,2276
2003,湖南省,430000,娄底市,431300,4045,2534
2004,湖南省,430000,娄底市,431300,9625,7089
2005,湖南省,430000,娄底市,431300,5696,3673
2006,湖南省,430000,娄底市,431300,7296,5065
2007,湖南省,430000,娄底市,431300,7262,5048
2008,湖南省,430000,娄底市,431300,12442,9377
2009,湖南省,430000,娄底市,431300,12600,9770
2010,湖南省,430000,娄底市,431300,13928,10628
2011,湖南省,430000,娄底市,431300,15491,11890
2012,湖南省,430000,娄底市,431300,17500,13219
2013,湖南省,430000,娄底市,431300,43948,32545
2014,湖南省,430000,娄底市,431300,18202,11724
2015,湖南省,430000,娄底市,431300,23669,16889
2016,湖南省,430000,娄底市,431300,26731,18417
2017,湖南省,430000,娄底市,431300,35559,24872
2018,湖南省,430000,娄底市,431300,66693,37663
2019,湖南省,430000,娄底市,431300,33851,15446
2020,湖南省,430000,娄底市,431300,33657,18084
2021,湖南省,430000,娄底市,431300,24011,14549
2022,湖南省,430000,娄底市,431300,51106,34602
2023,湖南省,430000,娄底市,431300,15045,7832
2000,湖南省,430000,湘西土家族苗族自治州,433100,9550,7779
2001,湖南省,430000,湘西土家族苗族自治州,433100,3202,2297
2002,湖南省,430000,湘西土家族苗族自治州,433100,2802,1973
2003,湖南省,430000,湘西土家族苗族自治州,433100,3658,2627
2004,湖南省,430000,湘西土家族苗族自治州,433100,8443,6931
2005,湖南省,430000,湘西土家族苗族自治州,433100,5066,3843
2006,湖南省,430000,湘西土家族苗族自治州,433100,5829,4382
2007,湖南省,430000,湘西土家族苗族自治州,433100,6822,5194
2008,湖南省,430000,湘西土家族苗族自治州,433100,10525,7935
2009,湖南省,430000,湘西土家族苗族自治州,433100,16880,12035
2010,湖南省,430000,湘西土家族苗族自治州,433100,13592,10251
2011,湖南省,430000,湘西土家族苗族自治州,433100,11394,8329
2012,湖南省,430000,湘西土家族苗族自治州,433100,12027,8605
2013,湖南省,430000,湘西土家族苗族自治州,433100,16671,11454
2014,湖南省,430000,湘西土家族苗族自治州,433100,15529,10238
2015,湖南省,430000,湘西土家族苗族自治州,433100,18181,12207
2016,湖南省,430000,湘西土家族苗族自治州,433100,17803,12907
2017,湖南省,430000,湘西土家族苗族自治州,433100,20773,14520
2018,湖南省,430000,湘西土家族苗族自治州,433100,22116,14372
2019,湖南省,430000,湘西土家族苗族自治州,433100,23455,15041
2020,湖南省,430000,湘西土家族苗族自治州,433100,22037,15129
2021,湖南省,430000,湘西土家族苗族自治州,433100,20287,14338
2022,湖南省,430000,湘西土家族苗族自治州,433100,41241,32782
2023,湖南省,430000,湘西土家族苗族自治州,433100,8771,6661
2000,广东省,440000,广州市,440100,83338,50927
2001,广东省,440000,广州市,440100,72609,44314
2002,广东省,440000,广州市,440100,71425,41671
2003,广东省,440000,广州市,440100,85209,48691
2004,广东省,440000,广州市,440100,91006,51469
2005,广东省,440000,广州市,440100,101650,66775
2006,广东省,440000,广州市,440100,89969,54608
2007,广东省,440000,广州市,440100,168813,128318
2008,广东省,440000,广州市,440100,134552,94997
2009,广东省,440000,广州市,440100,151265,105677
2010,广东省,440000,广州市,440100,152904,99264
2011,广东省,440000,广州市,440100,167358,104998
2012,广东省,440000,广州市,440100,142369,84732
2013,广东省,440000,广州市,440100,152789,83749
2014,广东省,440000,广州市,440100,186989,80233
2015,广东省,440000,广州市,440100,210326,77107
2016,广东省,440000,广州市,440100,258287,87010
2017,广东省,440000,广州市,440100,353806,103879
2018,广东省,440000,广州市,440100,380646,45843
2019,广东省,440000,广州市,440100,405885,35934
2020,广东省,440000,广州市,440100,456868,34660
2021,广东省,440000,广州市,440100,419308,40725
2022,广东省,440000,广州市,440100,310965,77395
2023,广东省,440000,广州市,440100,171979,55386
2000,广东省,440000,韶关市,440200,14227,12381
2001,广东省,440000,韶关市,440200,6711,5112
2002,广东省,440000,韶关市,440200,7407,5707
2003,广东省,440000,韶关市,440200,10118,7385
2004,广东省,440000,韶关市,440200,11459,9592
2005,广东省,440000,韶关市,440200,9289,7667
2006,广东省,440000,韶关市,440200,10174,8415
2007,广东省,440000,韶关市,440200,16684,14815
2008,广东省,440000,韶关市,440200,15360,13587
2009,广东省,440000,韶关市,440200,16142,14055
2010,广东省,440000,韶关市,440200,13261,10869
2011,广东省,440000,韶关市,440200,13370,11024
2012,广东省,440000,韶关市,440200,16123,13401
2013,广东省,440000,韶关市,440200,18047,14358
2014,广东省,440000,韶关市,440200,17769,13665
2015,广东省,440000,韶关市,440200,20228,16077
2016,广东省,440000,韶关市,440200,22133,16945
2017,广东省,440000,韶关市,440200,27712,20841
2018,广东省,440000,韶关市,440200,30051,20771
2019,广东省,440000,韶关市,440200,30903,21242
2020,广东省,440000,韶关市,440200,31876,22999
2021,广东省,440000,韶关市,440200,30055,22611
2022,广东省,440000,韶关市,440200,25920,19017
2023,广东省,440000,韶关市,440200,12365,9129
2000,广东省,440000,深圳市,440300,63535,36344
2001,广东省,440000,深圳市,440300,77519,45398
2002,广东省,440000,深圳市,440300,58358,28200
2003,广东省,440000,深圳市,440300,66566,28655
2004,广东省,440000,深圳市,440300,76997,28686
2005,广东省,440000,深圳市,440300,193909,116866
2006,广东省,440000,深圳市,440300,117564,55137
2007,广东省,440000,深圳市,440300,97156,46537
2008,广东省,440000,深圳市,440300,116028,72732
2009,广东省,440000,深圳市,440300,110063,58104
2010,广东省,440000,深圳市,440300,129020,62869
2011,广东省,440000,深圳市,440300,176267,89253
2012,广东省,440000,深圳市,440300,170444,73843
2013,广东省,440000,深圳市,440300,373582,168161
2014,广东省,440000,深圳市,440300,438877,164104
2015,广东省,440000,深圳市,440300,453468,118081
2016,广东省,440000,深圳市,440300,570755,120068
2017,广东省,440000,深圳市,440300,551666,121776
2018,广东省,440000,深圳市,440300,463800,117637
2019,广东省,440000,深圳市,440300,495113,124521
2020,广东省,440000,深圳市,440300,467915,139121
2021,广东省,440000,深圳市,440300,365739,121194
2022,广东省,440000,深圳市,440300,318114,98698
2023,广东省,440000,深圳市,440300,150340,44108
2000,广东省,440000,珠海市,440400,6963,2334
2001,广东省,440000,珠海市,440400,6052,2111
2002,广东省,440000,珠海市,440400,13717,7955
2003,广东省,440000,珠海市,440400,13023,7578
2004,广东省,440000,珠海市,440400,14035,8205
2005,广东省,440000,珠海市,440400,12904,6999
2006,广东省,440000,珠海市,440400,14971,7925
2007,广东省,440000,珠海市,440400,22763,14785
2008,广东省,440000,珠海市,440400,17205,11980
2009,广东省,440000,珠海市,440400,16524,11289
2010,广东省,440000,珠海市,440400,17626,11374
2011,广东省,440000,珠海市,440400,17694,10900
2012,广东省,440000,珠海市,440400,17995,10874
2013,广东省,440000,珠海市,440400,28879,14856
2014,广东省,440000,珠海市,440400,29459,12387
2015,广东省,440000,珠海市,440400,37929,14552
2016,广东省,440000,珠海市,440400,43639,15441
2017,广东省,440000,珠海市,440400,51727,17387
2018,广东省,440000,珠海市,440400,63453,13674
2019,广东省,440000,珠海市,440400,51684,13609
2020,广东省,440000,珠海市,440400,37189,10945
2021,广东省,440000,珠海市,440400,32770,10741
2022,广东省,440000,珠海市,440400,37172,17779
2023,广东省,440000,珠海市,440400,21094,11405
2000,广东省,440000,汕头市,440500,16923,13229
2001,广东省,440000,汕头市,440500,10244,7618
2002,广东省,440000,汕头市,440500,8680,5778
2003,广东省,440000,汕头市,440500,8411,5537
2004,广东省,440000,汕头市,440500,10357,6940
2005,广东省,440000,汕头市,440500,7790,4658
2006,广东省,440000,汕头市,440500,7667,4726
2007,广东省,440000,汕头市,440500,18543,15324
2008,广东省,440000,汕头市,440500,13236,10270
2009,广东省,440000,汕头市,440500,19307,15465
2010,广东省,440000,汕头市,440500,19266,15305
2011,广东省,440000,汕头市,440500,18757,14450
2012,广东省,440000,汕头市,440500,22714,17962
2013,广东省,440000,汕头市,440500,30672,25283
2014,广东省,440000,汕头市,440500,29538,22943
2015,广东省,440000,汕头市,440500,30488,23184
2016,广东省,440000,汕头市,440500,31899,22780
2017,广东省,440000,汕头市,440500,41489,30397
2018,广东省,440000,汕头市,440500,43834,23530
2019,广东省,440000,汕头市,440500,46423,21970
2020,广东省,440000,汕头市,440500,39672,19670
2021,广东省,440000,汕头市,440500,34541,20801
2022,广东省,440000,汕头市,440500,37888,26728
2023,广东省,440000,汕头市,440500,32403,25952
2000,广东省,440000,佛山市,440600,21658,11982
2001,广东省,440000,佛山市,440600,26268,13576
2002,广东省,440000,佛山市,440600,31043,17174
2003,广东省,440000,佛山市,440600,37310,22002
2004,广东省,440000,佛山市,440600,41539,26152
2005,广东省,440000,佛山市,440600,42483,27488
2006,广东省,440000,佛山市,440600,42070,27246
2007,广东省,440000,佛山市,440600,64014,45025
2008,广东省,440000,佛山市,440600,45965,33021
2009,广东省,440000,佛山市,440600,53662,38027
2010,广东省,440000,佛山市,440600,48776,31655
2011,广东省,440000,佛山市,440600,52465,33808
2012,广东省,440000,佛山市,440600,55303,36048
2013,广东省,440000,佛山市,440600,58671,34951
2014,广东省,440000,佛山市,440600,78630,41248
2015,广东省,440000,佛山市,440600,78704,41218
2016,广东省,440000,佛山市,440600,88617,42399
2017,广东省,440000,佛山市,440600,122888,62139
2018,广东省,440000,佛山市,440600,137876,29549
2019,广东省,440000,佛山市,440600,165084,29542
2020,广东省,440000,佛山市,440600,131998,29563
2021,广东省,440000,佛山市,440600,123494,36319
2022,广东省,440000,佛山市,440600,173311,88235
2023,广东省,440000,佛山市,440600,100800,57547
2000,广东省,440000,江门市,440700,13698,10188
2001,广东省,440000,江门市,440700,13126,9068
2002,广东省,440000,江门市,440700,15673,11348
2003,广东省,440000,江门市,440700,18329,13147
2004,广东省,440000,江门市,440700,20469,15420
2005,广东省,440000,江门市,440700,20778,15285
2006,广东省,440000,江门市,440700,19663,14254
2007,广东省,440000,江门市,440700,29860,23875
2008,广东省,440000,江门市,440700,25430,20788
2009,广东省,440000,江门市,440700,27426,22253
2010,广东省,440000,江门市,440700,28657,22699
2011,广东省,440000,江门市,440700,30040,23650
2012,广东省,440000,江门市,440700,29045,21842
2013,广东省,440000,江门市,440700,32948,24431
2014,广东省,440000,江门市,440700,39119,29548
2015,广东省,440000,江门市,440700,42240,32599
2016,广东省,440000,江门市,440700,41880,30468
2017,广东省,440000,江门市,440700,61795,39302
2018,广东省,440000,江门市,440700,115941,29967
2019,广东省,440000,江门市,440700,69378,28021
2020,广东省,440000,江门市,440700,60308,28779
2021,广东省,440000,江门市,440700,46104,28581
2022,广东省,440000,江门市,440700,44728,29496
2023,广东省,440000,江门市,440700,27764,20140
2000,广东省,440000,湛江市,440800,16418,13671
2001,广东省,440000,湛江市,440800,9510,7167
2002,广东省,440000,湛江市,440800,9380,7081
2003,广东省,440000,湛江市,440800,14621,11568
2004,广东省,440000,湛江市,440800,12589,9798
2005,广东省,440000,湛江市,440800,13147,10192
2006,广东省,440000,湛江市,440800,12839,9570
2007,广东省,440000,湛江市,440800,23830,20364
2008,广东省,440000,湛江市,440800,19653,16363
2009,广东省,440000,湛江市,440800,21152,16804
2010,广东省,440000,湛江市,440800,21009,15814
2011,广东省,440000,湛江市,440800,24918,17281
2012,广东省,440000,湛江市,440800,23146,18709
2013,广东省,440000,湛江市,440800,30753,23667
2014,广东省,440000,湛江市,440800,31993,24870
2015,广东省,440000,湛江市,440800,32856,25300
2016,广东省,440000,湛江市,440800,38751,28863
2017,广东省,440000,湛江市,440800,45524,33097
2018,广东省,440000,湛江市,440800,52828,28395
2019,广东省,440000,湛江市,440800,52393,27382
2020,广东省,440000,湛江市,440800,47766,28020
2021,广东省,440000,湛江市,440800,41435,27457
2022,广东省,440000,湛江市,440800,65388,50222
2023,广东省,440000,湛江市,440800,119220,109894
2000,广东省,440000,茂名市,440900,26067,22724
2001,广东省,440000,茂名市,440900,9944,7561
2002,广东省,440000,茂名市,440900,9310,6937
2003,广东省,440000,茂名市,440900,10412,7570
2004,广东省,440000,茂名市,440900,9429,7073
2005,广东省,440000,茂名市,440900,9101,6791
2006,广东省,440000,茂名市,440900,12739,9918
2007,广东省,440000,茂名市,440900,22528,19168
2008,广东省,440000,茂名市,440900,14372,11621
2009,广东省,440000,茂名市,440900,15386,12403
2010,广东省,440000,茂名市,440900,15613,12716
2011,广东省,440000,茂名市,440900,18127,11816
2012,广东省,440000,茂名市,440900,17529,13121
2013,广东省,440000,茂名市,440900,18787,13612
2014,广东省,440000,茂名市,440900,20355,14661
2015,广东省,440000,茂名市,440900,24795,18181
2016,广东省,440000,茂名市,440900,31905,23341
2017,广东省,440000,茂名市,440900,36120,24964
2018,广东省,440000,茂名市,440900,42227,22044
2019,广东省,440000,茂名市,440900,48968,22844
2020,广东省,440000,茂名市,440900,43636,24058
2021,广东省,440000,茂名市,440900,44354,31308
2022,广东省,440000,茂名市,440900,59064,46463
2023,广东省,440000,茂名市,440900,30936,24438
2000,广东省,440000,肇庆市,441200,19862,16572
2001,广东省,440000,肇庆市,441200,8613,6189
2002,广东省,440000,肇庆市,441200,11853,8209
2003,广东省,440000,肇庆市,441200,9015,6095
2004,广东省,440000,肇庆市,441200,15638,12684
2005,广东省,440000,肇庆市,441200,12539,9096
2006,广东省,440000,肇庆市,441200,13416,9843
2007,广东省,440000,肇庆市,441200,22770,18697
2008,广东省,440000,肇庆市,441200,23276,19826
2009,广东省,440000,肇庆市,441200,20064,16974
2010,广东省,440000,肇庆市,441200,20009,16310
2011,广东省,440000,肇庆市,441200,20016,16262
2012,广东省,440000,肇庆市,441200,19976,16326
2013,广东省,440000,肇庆市,441200,22392,17107
2014,广东省,440000,肇庆市,441200,23389,18335
2015,广东省,440000,肇庆市,441200,27873,22271
2016,广东省,440000,肇庆市,441200,30849,23471
2017,广东省,440000,肇庆市,441200,44906,34040
2018,广东省,440000,肇庆市,441200,44550,24906
2019,广东省,440000,肇庆市,441200,48782,26198
2020,广东省,440000,肇庆市,441200,43929,27235
2021,广东省,440000,肇庆市,441200,39120,27745
2022,广东省,440000,肇庆市,441200,41938,32039
2023,广东省,440000,肇庆市,441200,49597,43741
2000,广东省,440000,惠州市,441300,16329,13391
2001,广东省,440000,惠州市,441300,7642,4961
2002,广东省,440000,惠州市,441300,7928,4888
2003,广东省,440000,惠州市,441300,14488,9641
2004,广东省,440000,惠州市,441300,20884,15032
2005,广东省,440000,惠州市,441300,25381,18759
2006,广东省,440000,惠州市,441300,25981,18229
2007,广东省,440000,惠州市,441300,50898,41775
2008,广东省,440000,惠州市,441300,34709,28461
2009,广东省,440000,惠州市,441300,32506,25411
2010,广东省,440000,惠州市,441300,37719,28531
2011,广东省,440000,惠州市,441300,36768,26765
2012,广东省,440000,惠州市,441300,40090,29635
2013,广东省,440000,惠州市,441300,44512,30906
2014,广东省,440000,惠州市,441300,52399,33724
2015,广东省,440000,惠州市,441300,60777,39854
2016,广东省,440000,惠州市,441300,71663,43097
2017,广东省,440000,惠州市,441300,98728,60496
2018,广东省,440000,惠州市,441300,108514,41126
2019,广东省,440000,惠州市,441300,122154,37749
2020,广东省,440000,惠州市,441300,93981,29377
2021,广东省,440000,惠州市,441300,86486,30951
2022,广东省,440000,惠州市,441300,97682,41896
2023,广东省,440000,惠州市,441300,50380,25035
2000,广东省,440000,梅州市,441400,21764,19424
2001,广东省,440000,梅州市,441400,8939,7316
2002,广东省,440000,梅州市,441400,6488,5046
2003,广东省,440000,梅州市,441400,9149,7011
2004,广东省,440000,梅州市,441400,9807,8065
2005,广东省,440000,梅州市,441400,10226,8318
2006,广东省,440000,梅州市,441400,9855,7967
2007,广东省,440000,梅州市,441400,20552,18295
2008,广东省,440000,梅州市,441400,14364,12452
2009,广东省,440000,梅州市,441400,16229,13562
2010,广东省,440000,梅州市,441400,19340,16530
2011,广东省,440000,梅州市,441400,21415,18157
2012,广东省,440000,梅州市,441400,22951,19137
2013,广东省,440000,梅州市,441400,22335,17491
2014,广东省,440000,梅州市,441400,26979,20681
2015,广东省,440000,梅州市,441400,26855,20557
2016,广东省,440000,梅州市,441400,31490,23649
2017,广东省,440000,梅州市,441400,38153,27505
2018,广东省,440000,梅州市,441400,44289,26525
2019,广东省,440000,梅州市,441400,44081,25891
2020,广东省,440000,梅州市,441400,43940,26130
2021,广东省,440000,梅州市,441400,34055,25460
2022,广东省,440000,梅州市,441400,37765,29698
2023,广东省,440000,梅州市,441400,19138,15373
2000,广东省,440000,汕尾市,441500,9154,8022
2001,广东省,440000,汕尾市,441500,3035,2320
2002,广东省,440000,汕尾市,441500,2675,2011
2003,广东省,440000,汕尾市,441500,5113,4247
2004,广东省,440000,汕尾市,441500,6744,5649
2005,广东省,440000,汕尾市,441500,4421,3389
2006,广东省,440000,汕尾市,441500,4228,3418
2007,广东省,440000,汕尾市,441500,9633,8735
2008,广东省,440000,汕尾市,441500,8022,7192
2009,广东省,440000,汕尾市,441500,7795,6755
2010,广东省,440000,汕尾市,441500,11922,9941
2011,广东省,440000,汕尾市,441500,10691,8213
2012,广东省,440000,汕尾市,441500,9517,7906
2013,广东省,440000,汕尾市,441500,9766,8334
2014,广东省,440000,汕尾市,441500,12471,10092
2015,广东省,440000,汕尾市,441500,13796,11160
2016,广东省,440000,汕尾市,441500,14120,10831
2017,广东省,440000,汕尾市,441500,25960,20902
2018,广东省,440000,汕尾市,441500,26951,17076
2019,广东省,440000,汕尾市,441500,25569,13970
2020,广东省,440000,汕尾市,441500,22602,13644
2021,广东省,440000,汕尾市,441500,24902,17714
2022,广东省,440000,汕尾市,441500,31256,24391
2023,广东省,440000,汕尾市,441500,19369,15792
2000,广东省,440000,河源市,441600,15682,14169
2001,广东省,440000,河源市,441600,6599,5239
2002,广东省,440000,河源市,441600,4373,3322
2003,广东省,440000,河源市,441600,7487,5760
2004,广东省,440000,河源市,441600,9814,8140
2005,广东省,440000,河源市,441600,7047,5603
2006,广东省,440000,河源市,441600,7665,6056
2007,广东省,440000,河源市,441600,11653,9864
2008,广东省,440000,河源市,441600,9575,7819
2009,广东省,440000,河源市,441600,15902,13608
2010,广东省,440000,河源市,441600,13693,11234
2011,广东省,440000,河源市,441600,13530,10471
2012,广东省,440000,河源市,441600,16163,12980
2013,广东省,440000,河源市,441600,17854,14187
2014,广东省,440000,河源市,441600,20411,14757
2015,广东省,440000,河源市,441600,21190,15425
2016,广东省,440000,河源市,441600,24798,17661
2017,广东省,440000,河源市,441600,34169,24395
2018,广东省,440000,河源市,441600,33139,19908
2019,广东省,440000,河源市,441600,34972,19039
2020,广东省,440000,河源市,441600,33648,20000
2021,广东省,440000,河源市,441600,27437,19188
2022,广东省,440000,河源市,441600,25678,18797
2023,广东省,440000,河源市,441600,12048,8776
2000,广东省,440000,阳江市,441700,4553,3502
2001,广东省,440000,阳江市,441700,4378,3057
2002,广东省,440000,阳江市,441700,4847,3390
2003,广东省,440000,阳江市,441700,6039,3851
2004,广东省,440000,阳江市,441700,7932,6376
2005,广东省,440000,阳江市,441700,9820,8132
2006,广东省,440000,阳江市,441700,7450,5830
2007,广东省,440000,阳江市,441700,11645,10003
2008,广东省,440000,阳江市,441700,10064,8524
2009,广东省,440000,阳江市,441700,13281,11197
2010,广东省,440000,阳江市,441700,15259,11783
2011,广东省,440000,阳江市,441700,13162,10171
2012,广东省,440000,阳江市,441700,15002,12402
2013,广东省,440000,阳江市,441700,16319,12759
2014,广东省,440000,阳江市,441700,17270,13173
2015,广东省,440000,阳江市,441700,17887,13800
2016,广东省,440000,阳江市,441700,22100,16898
2017,广东省,440000,阳江市,441700,22874,17172
2018,广东省,440000,阳江市,441700,23796,14835
2019,广东省,440000,阳江市,441700,26667,15461
2020,广东省,440000,阳江市,441700,30003,19827
2021,广东省,440000,阳江市,441700,26064,17543
2022,广东省,440000,阳江市,441700,29942,21475
2023,广东省,440000,阳江市,441700,17244,12947
2000,广东省,440000,清远市,441800,14266,12247
2001,广东省,440000,清远市,441800,9545,7746
2002,广东省,440000,清远市,441800,9582,7683
2003,广东省,440000,清远市,441800,12365,9918
2004,广东省,440000,清远市,441800,11901,9810
2005,广东省,440000,清远市,441800,10689,8528
2006,广东省,440000,清远市,441800,12069,9572
2007,广东省,440000,清远市,441800,20861,18153
2008,广东省,440000,清远市,441800,17923,15376
2009,广东省,440000,清远市,441800,21705,18554
2010,广东省,440000,清远市,441800,19191,15884
2011,广东省,440000,清远市,441800,20870,17110
2012,广东省,440000,清远市,441800,20130,16586
2013,广东省,440000,清远市,441800,21573,17314
2014,广东省,440000,清远市,441800,25060,19245
2015,广东省,440000,清远市,441800,29982,22188
2016,广东省,440000,清远市,441800,34057,24748
2017,广东省,440000,清远市,441800,38892,28292
2018,广东省,440000,清远市,441800,37425,21139
2019,广东省,440000,清远市,441800,42252,22245
2020,广东省,440000,清远市,441800,41956,24841
2021,广东省,440000,清远市,441800,37407,27195
2022,广东省,440000,清远市,441800,34035,24934
2023,广东省,440000,清远市,441800,16695,12496
2000,广东省,440000,东莞市,441900,17957,9864
2001,广东省,440000,东莞市,441900,22239,11915
2002,广东省,440000,东莞市,441900,43666,24139
2003,广东省,440000,东莞市,441900,34841,19584
2004,广东省,440000,东莞市,441900,39145,21716
2005,广东省,440000,东莞市,441900,72095,43511
2006,广东省,440000,东莞市,441900,62444,33455
2007,广东省,440000,东莞市,441900,95429,58834
2008,广东省,440000,东莞市,441900,67582,41910
2009,广东省,440000,东莞市,441900,71499,43861
2010,广东省,440000,东莞市,441900,83415,49722
2011,广东省,440000,东莞市,441900,77444,42207
2012,广东省,440000,东莞市,441900,83108,47025
2013,广东省,440000,东莞市,441900,94180,48344
2014,广东省,440000,东莞市,441900,103071,40988
2015,广东省,440000,东莞市,441900,112290,41572
2016,广东省,440000,东莞市,441900,159307,45234
2017,广东省,440000,东莞市,441900,205162,61669
2018,广东省,440000,东莞市,441900,207306,18156
2019,广东省,440000,东莞市,441900,199127,8026
2020,广东省,440000,东莞市,441900,145265,6020
2021,广东省,440000,东莞市,441900,122748,6373
2022,广东省,440000,东莞市,441900,156898,53125
2023,广东省,440000,东莞市,441900,79893,34833
2000,广东省,440000,中山市,442000,15759,9669
2001,广东省,440000,中山市,442000,15802,9559
2002,广东省,440000,中山市,442000,18349,10814
2003,广东省,440000,中山市,442000,20837,12174
2004,广东省,440000,中山市,442000,22161,13105
2005,广东省,440000,中山市,442000,22444,14141
2006,广东省,440000,中山市,442000,22889,13428
2007,广东省,440000,中山市,442000,34756,21500
2008,广东省,440000,中山市,442000,31264,21054
2009,广东省,440000,中山市,442000,33867,23770
2010,广东省,440000,中山市,442000,37710,25800
2011,广东省,440000,中山市,442000,38502,21134
2012,广东省,440000,中山市,442000,46540,22344
2013,广东省,440000,中山市,442000,43904,22245
2014,广东省,440000,中山市,442000,51047,23525
2015,广东省,440000,中山市,442000,50028,23001
2016,广东省,440000,中山市,442000,54361,21664
2017,广东省,440000,中山市,442000,66822,26287
2018,广东省,440000,中山市,442000,62355,8064
2019,广东省,440000,中山市,442000,77322,7253
2020,广东省,440000,中山市,442000,56356,6062
2021,广东省,440000,中山市,442000,42092,6711
2022,广东省,440000,中山市,442000,64400,28071
2023,广东省,440000,中山市,442000,38329,21891
2000,广东省,440000,潮州市,445100,4477,3314
2001,广东省,440000,潮州市,445100,5553,4315
2002,广东省,440000,潮州市,445100,3709,2609
2003,广东省,440000,潮州市,445100,4100,2230
2004,广东省,440000,潮州市,445100,4207,2739
2005,广东省,440000,潮州市,445100,3643,2562
2006,广东省,440000,潮州市,445100,2839,1854
2007,广东省,440000,潮州市,445100,5657,4622
2008,广东省,440000,潮州市,445100,5930,4854
2009,广东省,440000,潮州市,445100,6067,4220
2010,广东省,440000,潮州市,445100,6456,4850
2011,广东省,440000,潮州市,445100,5840,4102
2012,广东省,440000,潮州市,445100,8762,6769
2013,广东省,440000,潮州市,445100,8519,6146
2014,广东省,440000,潮州市,445100,9763,6998
2015,广东省,440000,潮州市,445100,12502,9324
2016,广东省,440000,潮州市,445100,12853,9003
2017,广东省,440000,潮州市,445100,16744,12165
2018,广东省,440000,潮州市,445100,15994,8131
2019,广东省,440000,潮州市,445100,19748,8518
2020,广东省,440000,潮州市,445100,19312,9780
2021,广东省,440000,潮州市,445100,24736,17924
2022,广东省,440000,潮州市,445100,24832,18463
2023,广东省,440000,潮州市,445100,16711,13464
2000,广东省,440000,揭阳市,445200,9396,7944
2001,广东省,440000,揭阳市,445200,7053,6008
2002,广东省,440000,揭阳市,445200,2937,1817
2003,广东省,440000,揭阳市,445200,3838,2421
2004,广东省,440000,揭阳市,445200,7064,5585
2005,广东省,440000,揭阳市,445200,4195,3037
2006,广东省,440000,揭阳市,445200,4410,3218
2007,广东省,440000,揭阳市,445200,10635,8879
2008,广东省,440000,揭阳市,445200,7951,6625
2009,广东省,440000,揭阳市,445200,10024,8138
2010,广东省,440000,揭阳市,445200,10843,8137
2011,广东省,440000,揭阳市,445200,9987,7298
2012,广东省,440000,揭阳市,445200,12639,9691
2013,广东省,440000,揭阳市,445200,14474,11381
2014,广东省,440000,揭阳市,445200,21455,17098
2015,广东省,440000,揭阳市,445200,21303,16730
2016,广东省,440000,揭阳市,445200,27046,19547
2017,广东省,440000,揭阳市,445200,38206,28348
2018,广东省,440000,揭阳市,445200,40229,20796
2019,广东省,440000,揭阳市,445200,46254,19033
2020,广东省,440000,揭阳市,445200,35350,19141
2021,广东省,440000,揭阳市,445200,29456,21139
2022,广东省,440000,揭阳市,445200,38608,30218
2023,广东省,440000,揭阳市,445200,29619,25586
2000,广东省,440000,云浮市,445300,18425,16905
2001,广东省,440000,云浮市,445300,5032,4203
2002,广东省,440000,云浮市,445300,7976,6763
2003,广东省,440000,云浮市,445300,7941,5936
2004,广东省,440000,云浮市,445300,8082,6701
2005,广东省,440000,云浮市,445300,6856,5569
2006,广东省,440000,云浮市,445300,6262,5039
2007,广东省,440000,云浮市,445300,9266,7879
2008,广东省,440000,云浮市,445300,9782,8494
2009,广东省,440000,云浮市,445300,9765,8479
2010,广东省,440000,云浮市,445300,9457,7834
2011,广东省,440000,云浮市,445300,9384,7887
2012,广东省,440000,云浮市,445300,11082,9256
2013,广东省,440000,云浮市,445300,15713,10426
2014,广东省,440000,云浮市,445300,13114,9562
2015,广东省,440000,云浮市,445300,13050,10216
2016,广东省,440000,云浮市,445300,14871,11209
2017,广东省,440000,云浮市,445300,19714,14725
2018,广东省,440000,云浮市,445300,23095,15781
2019,广东省,440000,云浮市,445300,21873,14273
2020,广东省,440000,云浮市,445300,20944,13881
2021,广东省,440000,云浮市,445300,18875,14188
2022,广东省,440000,云浮市,445300,20432,15930
2023,广东省,440000,云浮市,445300,11676,7875
2000,广西壮族自治区,450000,南宁市,450100,59111,47279
2001,广西壮族自治区,450000,南宁市,450100,19205,11840
2002,广西壮族自治区,450000,南宁市,450100,21092,13510
2003,广西壮族自治区,450000,南宁市,450100,21027,12420
2004,广西壮族自治区,450000,南宁市,450100,30808,20097
2005,广西壮族自治区,450000,南宁市,450100,29903,19479
2006,广西壮族自治区,450000,南宁市,450100,27743,17829
2007,广西壮族自治区,450000,南宁市,450100,36607,24384
2008,广西壮族自治区,450000,南宁市,450100,45714,34759
2009,广西壮族自治区,450000,南宁市,450100,43762,28985
2010,广西壮族自治区,450000,南宁市,450100,46341,30719
2011,广西壮族自治区,450000,南宁市,450100,50065,27201
2012,广西壮族自治区,450000,南宁市,450100,59207,35754
2013,广西壮族自治区,450000,南宁市,450100,70644,44005
2014,广西壮族自治区,450000,南宁市,450100,86363,47504
2015,广西壮族自治区,450000,南宁市,450100,119069,65375
2016,广西壮族自治区,450000,南宁市,450100,115645,59128
2017,广西壮族自治区,450000,南宁市,450100,116688,64966
2018,广西壮族自治区,450000,南宁市,450100,121589,51809
2019,广西壮族自治区,450000,南宁市,450100,137121,53555
2020,广西壮族自治区,450000,南宁市,450100,110990,45327
2021,广西壮族自治区,450000,南宁市,450100,107102,49705
2022,广西壮族自治区,450000,南宁市,450100,112554,64962
2023,广西壮族自治区,450000,南宁市,450100,37216,19098
2000,广西壮族自治区,450000,柳州市,450200,20188,17285
2001,广西壮族自治区,450000,柳州市,450200,7373,5054
2002,广西壮族自治区,450000,柳州市,450200,8122,5304
2003,广西壮族自治区,450000,柳州市,450200,10058,6700
2004,广西壮族自治区,450000,柳州市,450200,13088,9338
2005,广西壮族自治区,450000,柳州市,450200,11014,7854
2006,广西壮族自治区,450000,柳州市,450200,11138,8003
2007,广西壮族自治区,450000,柳州市,450200,14460,10524
2008,广西壮族自治区,450000,柳州市,450200,15008,11718
2009,广西壮族自治区,450000,柳州市,450200,17142,12964
2010,广西壮族自治区,450000,柳州市,450200,18133,13655
2011,广西壮族自治区,450000,柳州市,450200,23285,16886
2012,广西壮族自治区,450000,柳州市,450200,21732,13685
2013,广西壮族自治区,450000,柳州市,450200,30306,21396
2014,广西壮族自治区,450000,柳州市,450200,28960,19491
2015,广西壮族自治区,450000,柳州市,450200,35159,24669
2016,广西壮族自治区,450000,柳州市,450200,37888,25572
2017,广西壮族自治区,450000,柳州市,450200,46195,31968
2018,广西壮族自治区,450000,柳州市,450200,44864,26687
2019,广西壮族自治区,450000,柳州市,450200,50564,28838
2020,广西壮族自治区,450000,柳州市,450200,48974,30510
2021,广西壮族自治区,450000,柳州市,450200,38617,26754
2022,广西壮族自治区,450000,柳州市,450200,51154,38628
2023,广西壮族自治区,450000,柳州市,450200,12851,10601
2000,广西壮族自治区,450000,桂林市,450300,26484,23183
2001,广西壮族自治区,450000,桂林市,450300,11330,8059
2002,广西壮族自治区,450000,桂林市,450300,10720,7344
2003,广西壮族自治区,450000,桂林市,450300,12919,8909
2004,广西壮族自治区,450000,桂林市,450300,18251,14042
2005,广西壮族自治区,450000,桂林市,450300,13919,9970
2006,广西壮族自治区,450000,桂林市,450300,14789,10990
2007,广西壮族自治区,450000,桂林市,450300,17737,13404
2008,广西壮族自治区,450000,桂林市,450300,21353,16901
2009,广西壮族自治区,450000,桂林市,450300,23880,18330
2010,广西壮族自治区,450000,桂林市,450300,23505,17828
2011,广西壮族自治区,450000,桂林市,450300,22546,15602
2012,广西壮族自治区,450000,桂林市,450300,25382,16725
2013,广西壮族自治区,450000,桂林市,450300,29244,20762
2014,广西壮族自治区,450000,桂林市,450300,30285,21298
2015,广西壮族自治区,450000,桂林市,450300,40531,29392
2016,广西壮族自治区,450000,桂林市,450300,43713,30573
2017,广西壮族自治区,450000,桂林市,450300,48991,33894
2018,广西壮族自治区,450000,桂林市,450300,55760,36710
2019,广西壮族自治区,450000,桂林市,450300,57222,34907
2020,广西壮族自治区,450000,桂林市,450300,67613,49947
2021,广西壮族自治区,450000,桂林市,450300,56175,40135
2022,广西壮族自治区,450000,桂林市,450300,58116,44304
2023,广西壮族自治区,450000,桂林市,450300,18597,16059
2000,广西壮族自治区,450000,梧州市,450400,9227,7894
2001,广西壮族自治区,450000,梧州市,450400,3479,2353
2002,广西壮族自治区,450000,梧州市,450400,4432,3310
2003,广西壮族自治区,450000,梧州市,450400,4219,2810
2004,广西壮族自治区,450000,梧州市,450400,6982,5358
2005,广西壮族自治区,450000,梧州市,450400,6018,4510
2006,广西壮族自治区,450000,梧州市,450400,5955,4508
2007,广西壮族自治区,450000,梧州市,450400,7946,6351
2008,广西壮族自治区,450000,梧州市,450400,9327,7723
2009,广西壮族自治区,450000,梧州市,450400,10323,8003
2010,广西壮族自治区,450000,梧州市,450400,9816,7606
2011,广西壮族自治区,450000,梧州市,450400,12180,7165
2012,广西壮族自治区,450000,梧州市,450400,13638,8063
2013,广西壮族自治区,450000,梧州市,450400,15393,9259
2014,广西壮族自治区,450000,梧州市,450400,14320,10060
2015,广西壮族自治区,450000,梧州市,450400,20600,15715
2016,广西壮族自治区,450000,梧州市,450400,17877,12974
2017,广西壮族自治区,450000,梧州市,450400,20357,14483
2018,广西壮族自治区,450000,梧州市,450400,23875,16696
2019,广西壮族自治区,450000,梧州市,450400,28453,18410
2020,广西壮族自治区,450000,梧州市,450400,29041,20071
2021,广西壮族自治区,450000,梧州市,450400,26738,19331
2022,广西壮族自治区,450000,梧州市,450400,32240,25935
2023,广西壮族自治区,450000,梧州市,450400,9370,8262
2000,广西壮族自治区,450000,北海市,450500,3831,3396
2001,广西壮族自治区,450000,北海市,450500,2140,1603
2002,广西壮族自治区,450000,北海市,450500,2225,1687
2003,广西壮族自治区,450000,北海市,450500,2671,2045
2004,广西壮族自治区,450000,北海市,450500,4281,3479
2005,广西壮族自治区,450000,北海市,450500,3408,2630
2006,广西壮族自治区,450000,北海市,450500,3779,2993
2007,广西壮族自治区,450000,北海市,450500,5125,4066
2008,广西壮族自治区,450000,北海市,450500,6122,4953
2009,广西壮族自治区,450000,北海市,450500,6915,5178
2010,广西壮族自治区,450000,北海市,450500,7731,5420
2011,广西壮族自治区,450000,北海市,450500,7302,5265
2012,广西壮族自治区,450000,北海市,450500,7028,4621
2013,广西壮族自治区,450000,北海市,450500,8708,5593
2014,广西壮族自治区,450000,北海市,450500,12576,8208
2015,广西壮族自治区,450000,北海市,450500,16236,10832
2016,广西壮族自治区,450000,北海市,450500,16513,11065
2017,广西壮族自治区,450000,北海市,450500,22707,14999
2018,广西壮族自治区,450000,北海市,450500,23938,13360
2019,广西壮族自治区,450000,北海市,450500,30203,16116
2020,广西壮族自治区,450000,北海市,450500,30696,19004
2021,广西壮族自治区,450000,北海市,450500,21587,15351
2022,广西壮族自治区,450000,北海市,450500,28287,23537
2023,广西壮族自治区,450000,北海市,450500,8526,7299
2000,广西壮族自治区,450000,防城港市,450600,5217,4751
2001,广西壮族自治区,450000,防城港市,450600,3147,2589
2002,广西壮族自治区,450000,防城港市,450600,2520,1999
2003,广西壮族自治区,450000,防城港市,450600,3299,2663
2004,广西壮族自治区,450000,防城港市,450600,4188,3379
2005,广西壮族自治区,450000,防城港市,450600,2636,1972
2006,广西壮族自治区,450000,防城港市,450600,3036,2317
2007,广西壮族自治区,450000,防城港市,450600,4510,3594
2008,广西壮族自治区,450000,防城港市,450600,5000,3987
2009,广西壮族自治区,450000,防城港市,450600,5303,4141
2010,广西壮族自治区,450000,防城港市,450600,6260,4804
2011,广西壮族自治区,450000,防城港市,450600,8159,6477
2012,广西壮族自治区,450000,防城港市,450600,8547,6535
2013,广西壮族自治区,450000,防城港市,450600,9935,7608
2014,广西壮族自治区,450000,防城港市,450600,9835,7242
2015,广西壮族自治区,450000,防城港市,450600,10933,7762
2016,广西壮族自治区,450000,防城港市,450600,10835,7621
2017,广西壮族自治区,450000,防城港市,450600,12572,9047
2018,广西壮族自治区,450000,防城港市,450600,13891,8424
2019,广西壮族自治区,450000,防城港市,450600,15915,9751
2020,广西壮族自治区,450000,防城港市,450600,17771,12636
2021,广西壮族自治区,450000,防城港市,450600,13598,9205
2022,广西壮族自治区,450000,防城港市,450600,13267,10135
2023,广西壮族自治区,450000,防城港市,450600,6184,5393
2000,广西壮族自治区,450000,钦州市,450700,11282,10662
2001,广西壮族自治区,450000,钦州市,450700,3219,2614
2002,广西壮族自治区,450000,钦州市,450700,3077,2125
2003,广西壮族自治区,450000,钦州市,450700,4379,3385
2004,广西壮族自治区,450000,钦州市,450700,8064,6920
2005,广西壮族自治区,450000,钦州市,450700,5579,4557
2006,广西壮族自治区,450000,钦州市,450700,5784,4628
2007,广西壮族自治区,450000,钦州市,450700,6817,5376
2008,广西壮族自治区,450000,钦州市,450700,7657,6333
2009,广西壮族自治区,450000,钦州市,450700,10934,9192
2010,广西壮族自治区,450000,钦州市,450700,10729,8162
2011,广西壮族自治区,450000,钦州市,450700,9962,7356
2012,广西壮族自治区,450000,钦州市,450700,10741,7211
2013,广西壮族自治区,450000,钦州市,450700,12601,8525
2014,广西壮族自治区,450000,钦州市,450700,14524,10596
2015,广西壮族自治区,450000,钦州市,450700,20935,15426
2016,广西壮族自治区,450000,钦州市,450700,22665,16736
2017,广西壮族自治区,450000,钦州市,450700,25941,18834
2018,广西壮族自治区,450000,钦州市,450700,27617,16261
2019,广西壮族自治区,450000,钦州市,450700,27249,15106
2020,广西壮族自治区,450000,钦州市,450700,92954,23374
2021,广西壮族自治区,450000,钦州市,450700,33230,16770
2022,广西壮族自治区,450000,钦州市,450700,33062,18534
2023,广西壮族自治区,450000,钦州市,450700,7120,5983
2000,广西壮族自治区,450000,贵港市,450800,18671,17417
2001,广西壮族自治区,450000,贵港市,450800,5730,4784
2002,广西壮族自治区,450000,贵港市,450800,4439,3539
2003,广西壮族自治区,450000,贵港市,450800,7286,5889
2004,广西壮族自治区,450000,贵港市,450800,11397,9760
2005,广西壮族自治区,450000,贵港市,450800,8652,7361
2006,广西壮族自治区,450000,贵港市,450800,7066,5907
2007,广西壮族自治区,450000,贵港市,450800,8186,6906
2008,广西壮族自治区,450000,贵港市,450800,8606,7426
2009,广西壮族自治区,450000,贵港市,450800,11496,8659
2010,广西壮族自治区,450000,贵港市,450800,11456,9447
2011,广西壮族自治区,450000,贵港市,450800,14283,11705
2012,广西壮族自治区,450000,贵港市,450800,15952,11802
2013,广西壮族自治区,450000,贵港市,450800,16947,12617
2014,广西壮族自治区,450000,贵港市,450800,17362,12537
2015,广西壮族自治区,450000,贵港市,450800,25722,19719
2016,广西壮族自治区,450000,贵港市,450800,30548,22262
2017,广西壮族自治区,450000,贵港市,450800,34049,25667
2018,广西壮族自治区,450000,贵港市,450800,36972,22975
2019,广西壮族自治区,450000,贵港市,450800,51111,28548
2020,广西壮族自治区,450000,贵港市,450800,43919,28068
2021,广西壮族自治区,450000,贵港市,450800,32069,22330
2022,广西壮族自治区,450000,贵港市,450800,41017,32087
2023,广西壮族自治区,450000,贵港市,450800,10935,9345
2000,广西壮族自治区,450000,玉林市,450900,12842,10605
2001,广西壮族自治区,450000,玉林市,450900,5735,3979
2002,广西壮族自治区,450000,玉林市,450900,6280,4332
2003,广西壮族自治区,450000,玉林市,450900,7979,5416
2004,广西壮族自治区,450000,玉林市,450900,9331,6906
2005,广西壮族自治区,450000,玉林市,450900,8885,6511
2006,广西壮族自治区,450000,玉林市,450900,8491,6294
2007,广西壮族自治区,450000,玉林市,450900,10633,7954
2008,广西壮族自治区,450000,玉林市,450900,12408,9700
2009,广西壮族自治区,450000,玉林市,450900,15446,12364
2010,广西壮族自治区,450000,玉林市,450900,14401,11120
2011,广西壮族自治区,450000,玉林市,450900,18041,10664
2012,广西壮族自治区,450000,玉林市,450900,19370,12095
2013,广西壮族自治区,450000,玉林市,450900,19817,13099
2014,广西壮族自治区,450000,玉林市,450900,18039,12283
2015,广西壮族自治区,450000,玉林市,450900,32122,23578
2016,广西壮族自治区,450000,玉林市,450900,34584,24490
2017,广西壮族自治区,450000,玉林市,450900,39229,27343
2018,广西壮族自治区,450000,玉林市,450900,48881,26748
2019,广西壮族自治区,450000,玉林市,450900,51424,26069
2020,广西壮族自治区,450000,玉林市,450900,48495,26566
2021,广西壮族自治区,450000,玉林市,450900,38187,24027
2022,广西壮族自治区,450000,玉林市,450900,60904,47794
2023,广西壮族自治区,450000,玉林市,450900,14895,11106
2000,广西壮族自治区,450000,百色市,451000,17888,16754
2001,广西壮族自治区,450000,百色市,451000,5128,4306
2002,广西壮族自治区,450000,百色市,451000,5231,4314
2003,广西壮族自治区,450000,百色市,451000,7382,6072
2004,广西壮族自治区,450000,百色市,451000,10728,9270
2005,广西壮族自治区,450000,百色市,451000,9506,8169
2006,广西壮族自治区,450000,百色市,451000,10380,8905
2007,广西壮族自治区,450000,百色市,451000,12196,10695
2008,广西壮族自治区,450000,百色市,451000,15432,13968
2009,广西壮族自治区,450000,百色市,451000,16833,14705
2010,广西壮族自治区,450000,百色市,451000,16170,13749
2011,广西壮族自治区,450000,百色市,451000,16029,13458
2012,广西壮族自治区,450000,百色市,451000,18788,14364
2013,广西壮族自治区,450000,百色市,451000,21824,15593
2014,广西壮族自治区,450000,百色市,451000,21176,14972
2015,广西壮族自治区,450000,百色市,451000,29037,22240
2016,广西壮族自治区,450000,百色市,451000,28802,21263
2017,广西壮族自治区,450000,百色市,451000,32993,25211
2018,广西壮族自治区,450000,百色市,451000,32734,23361
2019,广西壮族自治区,450000,百色市,451000,32480,21802
2020,广西壮族自治区,450000,百色市,451000,41430,31107
2021,广西壮族自治区,450000,百色市,451000,31349,22867
2022,广西壮族自治区,450000,百色市,451000,40311,33020
2023,广西壮族自治区,450000,百色市,451000,10923,9660
2000,广西壮族自治区,450000,贺州市,451100,4943,4069
2001,广西壮族自治区,450000,贺州市,451100,2370,1626
2002,广西壮族自治区,450000,贺州市,451100,2049,1228
2003,广西壮族自治区,450000,贺州市,451100,2361,1651
2004,广西壮族自治区,450000,贺州市,451100,3112,2203
2005,广西壮族自治区,450000,贺州市,451100,3145,2311
2006,广西壮族自治区,450000,贺州市,451100,3518,2640
2007,广西壮族自治区,450000,贺州市,451100,4254,3190
2008,广西壮族自治区,450000,贺州市,451100,6103,5323
2009,广西壮族自治区,450000,贺州市,451100,7089,6044
2010,广西壮族自治区,450000,贺州市,451100,6901,5542
2011,广西壮族自治区,450000,贺州市,451100,7016,5791
2012,广西壮族自治区,450000,贺州市,451100,8710,6462
2013,广西壮族自治区,450000,贺州市,451100,10423,7199
2014,广西壮族自治区,450000,贺州市,451100,10629,7373
2015,广西壮族自治区,450000,贺州市,451100,14380,11207
2016,广西壮族自治区,450000,贺州市,451100,15910,11974
2017,广西壮族自治区,450000,贺州市,451100,18384,13984
2018,广西壮族自治区,450000,贺州市,451100,18931,12995
2019,广西壮族自治区,450000,贺州市,451100,20410,13638
2020,广西壮族自治区,450000,贺州市,451100,25031,14987
2021,广西壮族自治区,450000,贺州市,451100,17330,12070
2022,广西壮族自治区,450000,贺州市,451100,20778,15656
2023,广西壮族自治区,450000,贺州市,451100,5938,4957
2000,广西壮族自治区,450000,河池市,451200,14454,13600
2001,广西壮族自治区,450000,河池市,451200,6208,5078
2002,广西壮族自治区,450000,河池市,451200,6246,5221
2003,广西壮族自治区,450000,河池市,451200,7224,5981
2004,广西壮族自治区,450000,河池市,451200,8693,7209
2005,广西壮族自治区,450000,河池市,451200,7516,6163
2006,广西壮族自治区,450000,河池市,451200,8986,7671
2007,广西壮族自治区,450000,河池市,451200,9653,8217
2008,广西壮族自治区,450000,河池市,451200,11107,9709
2009,广西壮族自治区,450000,河池市,451200,14434,12839
2010,广西壮族自治区,450000,河池市,451200,12292,10507
2011,广西壮族自治区,450000,河池市,451200,12986,10926
2012,广西壮族自治区,450000,河池市,451200,15106,11317
2013,广西壮族自治区,450000,河池市,451200,18452,13112
2014,广西壮族自治区,450000,河池市,451200,18451,13451
2015,广西壮族自治区,450000,河池市,451200,25730,19304
2016,广西壮族自治区,450000,河池市,451200,25311,18486
2017,广西壮族自治区,450000,河池市,451200,25578,19313
2018,广西壮族自治区,450000,河池市,451200,26589,20162
2019,广西壮族自治区,450000,河池市,451200,28646,21251
2020,广西壮族自治区,450000,河池市,451200,36551,29173
2021,广西壮族自治区,450000,河池市,451200,27628,21404
2022,广西壮族自治区,450000,河池市,451200,33969,27773
2023,广西壮族自治区,450000,河池市,451200,10465,9471
2000,广西壮族自治区,450000,来宾市,451300,10070,9339
2001,广西壮族自治区,450000,来宾市,451300,3307,2739
2002,广西壮族自治区,450000,来宾市,451300,3526,3099
2003,广西壮族自治区,450000,来宾市,451300,3743,3004
2004,广西壮族自治区,450000,来宾市,451300,5415,4551
2005,广西壮族自治区,450000,来宾市,451300,5422,4419
2006,广西壮族自治区,450000,来宾市,451300,4581,3732
2007,广西壮族自治区,450000,来宾市,451300,5292,4235
2008,广西壮族自治区,450000,来宾市,451300,6434,5590
2009,广西壮族自治区,450000,来宾市,451300,8378,7082
2010,广西壮族自治区,450000,来宾市,451300,7601,6230
2011,广西壮族自治区,450000,来宾市,451300,7191,5973
2012,广西壮族自治区,450000,来宾市,451300,8961,6695
2013,广西壮族自治区,450000,来宾市,451300,11838,8612
2014,广西壮族自治区,450000,来宾市,451300,12528,9802
2015,广西壮族自治区,450000,来宾市,451300,16950,13398
2016,广西壮族自治区,450000,来宾市,451300,19047,14651
2017,广西壮族自治区,450000,来宾市,451300,19933,14353
2018,广西壮族自治区,450000,来宾市,451300,19039,13057
2019,广西壮族自治区,450000,来宾市,451300,19868,13497
2020,广西壮族自治区,450000,来宾市,451300,22149,15637
2021,广西壮族自治区,450000,来宾市,451300,20592,15833
2022,广西壮族自治区,450000,来宾市,451300,22920,18798
2023,广西壮族自治区,450000,来宾市,451300,6171,5460
2000,广西壮族自治区,450000,崇左市,451400,17955,17514
2001,广西壮族自治区,450000,崇左市,451400,5986,5537
2002,广西壮族自治区,450000,崇左市,451400,5722,5181
2003,广西壮族自治区,450000,崇左市,451400,5447,4932
2004,广西壮族自治区,450000,崇左市,451400,10332,9520
2005,广西壮族自治区,450000,崇左市,451400,6383,5534
2006,广西壮族自治区,450000,崇左市,451400,6733,5904
2007,广西壮族自治区,450000,崇左市,451400,8178,7086
2008,广西壮族自治区,450000,崇左市,451400,8194,7278
2009,广西壮族自治区,450000,崇左市,451400,8379,7167
2010,广西壮族自治区,450000,崇左市,451400,9633,8335
2011,广西壮族自治区,450000,崇左市,451400,10544,9013
2012,广西壮族自治区,450000,崇左市,451400,12050,9746
2013,广西壮族自治区,450000,崇左市,451400,12598,9886
2014,广西壮族自治区,450000,崇左市,451400,13191,10833
2015,广西壮族自治区,450000,崇左市,451400,16904,13221
2016,广西壮族自治区,450000,崇左市,451400,17615,13441
2017,广西壮族自治区,450000,崇左市,451400,20545,16186
2018,广西壮族自治区,450000,崇左市,451400,21672,16569
2019,广西壮族自治区,450000,崇左市,451400,22259,16667
2020,广西壮族自治区,450000,崇左市,451400,25147,19730
2021,广西壮族自治区,450000,崇左市,451400,22239,17876
2022,广西壮族自治区,450000,崇左市,451400,26698,21546
2023,广西壮族自治区,450000,崇左市,451400,10884,10214
2000,海南省,460000,海口市,460100,6363,1592
2001,海南省,460000,海口市,460100,5902,1334
2002,海南省,460000,海口市,460100,6368,1777
2003,海南省,460000,海口市,460100,10510,4759
2004,海南省,460000,海口市,460100,14772,8245
2005,海南省,460000,海口市,460100,15468,8451
2006,海南省,460000,海口市,460100,15608,8202
2007,海南省,460000,海口市,460100,20655,12829
2008,海南省,460000,海口市,460100,17863,10679
2009,海南省,460000,海口市,460100,19894,11896
2010,海南省,460000,海口市,460100,24128,13214
2011,海南省,460000,海口市,460100,23851,13378
2012,海南省,460000,海口市,460100,22425,12574
2013,海南省,460000,海口市,460100,27335,14287
2014,海南省,460000,海口市,460100,35357,17536
2015,海南省,460000,海口市,460100,45576,25154
2016,海南省,460000,海口市,460100,56486,31613
2017,海南省,460000,海口市,460100,54386,27934
2018,海南省,460000,海口市,460100,62111,14508
2019,海南省,460000,海口市,460100,97026,23751
2020,海南省,460000,海口市,460100,94127,23070
2021,海南省,460000,海口市,460100,122747,38920
2022,海南省,460000,海口市,460100,204179,72537
2023,海南省,460000,海口市,460100,92055,35644
2000,海南省,460000,三亚市,460200,786,267
2001,海南省,460000,三亚市,460200,1101,518
2002,海南省,460000,三亚市,460200,1541,764
2003,海南省,460000,三亚市,460200,2268,1150
2004,海南省,460000,三亚市,460200,3311,1806
2005,海南省,460000,三亚市,460200,3272,1688
2006,海南省,460000,三亚市,460200,3773,1861
2007,海南省,460000,三亚市,460200,7097,4790
2008,海南省,460000,三亚市,460200,5221,3451
2009,海南省,460000,三亚市,460200,5888,3857
2010,海南省,460000,三亚市,460200,5971,3260
2011,海南省,460000,三亚市,460200,6081,3570
2012,海南省,460000,三亚市,460200,6164,3632
2013,海南省,460000,三亚市,460200,7434,4281
2014,海南省,460000,三亚市,460200,10394,6236
2015,海南省,460000,三亚市,460200,11352,6484
2016,海南省,460000,三亚市,460200,13738,8324
2017,海南省,460000,三亚市,460200,25506,16872
2018,海南省,460000,三亚市,460200,20883,7661
2019,海南省,460000,三亚市,460200,37282,17190
2020,海南省,460000,三亚市,460200,39638,13655
2021,海南省,460000,三亚市,460200,49031,18439
2022,海南省,460000,三亚市,460200,38942,14166
2023,海南省,460000,三亚市,460200,21412,8128
2000,海南省,460000,三沙市,460300,1,
2002,海南省,460000,三沙市,460300,2,1
2003,海南省,460000,三沙市,460300,1,1
2004,海南省,460000,三沙市,460300,5,5
2005,海南省,460000,三沙市,460300,7,7
2007,海南省,460000,三沙市,460300,1,1
2009,海南省,460000,三沙市,460300,4,
2010,海南省,460000,三沙市,460300,2,
2011,海南省,460000,三沙市,460300,3,2
2012,海南省,460000,三沙市,460300,11,
2013,海南省,460000,三沙市,460300,17,2
2014,海南省,460000,三沙市,460300,82,46
2015,海南省,460000,三沙市,460300,55,1
2016,海南省,460000,三沙市,460300,15,1
2017,海南省,460000,三沙市,460300,16,2
2018,海南省,460000,三沙市,460300,14,4
2019,海南省,460000,三沙市,460300,17,7
2020,海南省,460000,三沙市,460300,12,2
2021,海南省,460000,三沙市,460300,8,4
2022,海南省,460000,三沙市,460300,7,
2023,海南省,460000,三沙市,460300,4,
2000,海南省,460000,儋州市,460400,1521,1127
2001,海南省,460000,儋州市,460400,567,187
2002,海南省,460000,儋州市,460400,764,400
2003,海南省,460000,儋州市,460400,877,521
2004,海南省,460000,儋州市,460400,2070,1660
2005,海南省,460000,儋州市,460400,2048,1658
2006,海南省,460000,儋州市,460400,2372,1945
2007,海南省,460000,儋州市,460400,3117,2765
2008,海南省,460000,儋州市,460400,2065,1553
2009,海南省,460000,儋州市,460400,2991,2126
2010,海南省,460000,儋州市,460400,2804,2176
2011,海南省,460000,儋州市,460400,2779,2121
2012,海南省,460000,儋州市,460400,3132,2324
2013,海南省,460000,儋州市,460400,3165,2278
2014,海南省,460000,儋州市,460400,4513,3296
2015,海南省,460000,儋州市,460400,5320,3750
2016,海南省,460000,儋州市,460400,5825,3763
2017,海南省,460000,儋州市,460400,7357,4974
2018,海南省,460000,儋州市,460400,10543,5855
2019,海南省,460000,儋州市,460400,14771,9953
2020,海南省,460000,儋州市,460400,17453,6608
2021,海南省,460000,儋州市,460400,16127,6824
2022,海南省,460000,儋州市,460400,13948,4734
2023,海南省,460000,儋州市,460400,6534,1948
2000,海南省,460000,五指山市,469001,96,68
2001,海南省,460000,五指山市,469001,82,31
2002,海南省,460000,五指山市,469001,326,264
2003,海南省,460000,五指山市,469001,189,108
2004,海南省,460000,五指山市,469001,570,491
2005,海南省,460000,五指山市,469001,389,309
2006,海南省,460000,五指山市,469001,320,246
2007,海南省,460000,五指山市,469001,725,595
2008,海南省,460000,五指山市,469001,439,327
2009,海南省,460000,五指山市,469001,486,355
2010,海南省,460000,五指山市,469001,554,385
2011,海南省,460000,五指山市,469001,544,383
2012,海南省,460000,五指山市,469001,678,473
2013,海南省,460000,五指山市,469001,729,484
2014,海南省,460000,五指山市,469001,890,628
2015,海南省,460000,五指山市,469001,814,569
2016,海南省,460000,五指山市,469001,785,545
2017,海南省,460000,五指山市,469001,979,694
2018,海南省,460000,五指山市,469001,1408,1025
2019,海南省,460000,五指山市,469001,3052,2399
2020,海南省,460000,五指山市,469001,23038,4103
2021,海南省,460000,五指山市,469001,2790,1422
2022,海南省,460000,五指山市,469001,1697,901
2023,海南省,460000,五指山市,469001,1877,1019
2000,海南省,460000,琼海市,469002,951,721
2001,海南省,460000,琼海市,469002,575,299
2002,海南省,460000,琼海市,469002,613,335
2003,海南省,460000,琼海市,469002,992,685
2004,海南省,460000,琼海市,469002,2617,2239
2005,海南省,460000,琼海市,469002,1391,1168
2006,海南省,460000,琼海市,469002,1521,1255
2007,海南省,460000,琼海市,469002,2351,1974
2008,海南省,460000,琼海市,469002,2299,1912
2009,海南省,460000,琼海市,469002,2477,2018
2010,海南省,460000,琼海市,469002,2429,1762
2011,海南省,460000,琼海市,469002,2349,1825
2012,海南省,460000,琼海市,469002,2732,2244
2013,海南省,460000,琼海市,469002,3605,2889
2014,海南省,460000,琼海市,469002,3958,3147
2015,海南省,460000,琼海市,469002,3840,2944
2016,海南省,460000,琼海市,469002,4483,3381
2017,海南省,460000,琼海市,469002,5148,3906
2018,海南省,460000,琼海市,469002,5190,2810
2019,海南省,460000,琼海市,469002,11313,5658
2020,海南省,460000,琼海市,469002,16097,4963
2021,海南省,460000,琼海市,469002,7371,3943
2022,海南省,460000,琼海市,469002,9484,3516
2023,海南省,460000,琼海市,469002,4357,1384
2000,海南省,460000,文昌市,469005,787,573
2001,海南省,460000,文昌市,469005,603,397
2002,海南省,460000,文昌市,469005,733,581
2003,海南省,460000,文昌市,469005,1330,1123
2004,海南省,460000,文昌市,469005,2692,2389
2005,海南省,460000,文昌市,469005,1933,1660
2006,海南省,460000,文昌市,469005,1918,1625
2007,海南省,460000,文昌市,469005,2464,2175
2008,海南省,460000,文昌市,469005,2354,1917
2009,海南省,460000,文昌市,469005,2898,2456
2010,海南省,460000,文昌市,469005,2771,2147
2011,海南省,460000,文昌市,469005,2625,2130
2012,海南省,460000,文昌市,469005,2857,2265
2013,海南省,460000,文昌市,469005,3087,2441
2014,海南省,460000,文昌市,469005,3292,2519
2015,海南省,460000,文昌市,469005,3991,3131
2016,海南省,460000,文昌市,469005,3961,2931
2017,海南省,460000,文昌市,469005,5008,3768
2018,海南省,460000,文昌市,469005,4949,3095
2019,海南省,460000,文昌市,469005,10708,5400
2020,海南省,460000,文昌市,469005,12345,4347
2021,海南省,460000,文昌市,469005,9395,5680
2022,海南省,460000,文昌市,469005,14364,3644
2023,海南省,460000,文昌市,469005,4221,1456
2000,海南省,460000,万宁市,469006,320,148
2001,海南省,460000,万宁市,469006,230,67
2002,海南省,460000,万宁市,469006,271,91
2003,海南省,460000,万宁市,469006,383,217
2004,海南省,460000,万宁市,469006,1409,1172
2005,海南省,460000,万宁市,469006,758,584
2006,海南省,460000,万宁市,469006,706,562
2007,海南省,460000,万宁市,469006,1613,1430
2008,海南省,460000,万宁市,469006,1938,1620
2009,海南省,460000,万宁市,469006,1851,1550
2010,海南省,460000,万宁市,469006,2315,1847
2011,海南省,460000,万宁市,469006,2207,1663
2012,海南省,460000,万宁市,469006,2760,2179
2013,海南省,460000,万宁市,469006,3134,2500
2014,海南省,460000,万宁市,469006,3274,2519
2015,海南省,460000,万宁市,469006,3015,2164
2016,海南省,460000,万宁市,469006,3283,2450
2017,海南省,460000,万宁市,469006,3832,2818
2018,海南省,460000,万宁市,469006,4831,2513
2019,海南省,460000,万宁市,469006,8602,4166
2020,海南省,460000,万宁市,469006,11241,4152
2021,海南省,460000,万宁市,469006,8645,4964
2022,海南省,460000,万宁市,469006,6601,2746
2023,海南省,460000,万宁市,469006,3207,1294
2000,海南省,460000,东方市,469007,686,521
2001,海南省,460000,东方市,469007,470,261
2002,海南省,460000,东方市,469007,496,303
2003,海南省,460000,东方市,469007,741,569
2004,海南省,460000,东方市,469007,1291,1077
2005,海南省,460000,东方市,469007,1173,938
2006,海南省,460000,东方市,469007,1061,861
2007,海南省,460000,东方市,469007,1192,982
2008,海南省,460000,东方市,469007,1597,1331
2009,海南省,460000,东方市,469007,1645,1126
2010,海南省,460000,东方市,469007,1532,1199
2011,海南省,460000,东方市,469007,1574,1105
2012,海南省,460000,东方市,469007,1902,1533
2013,海南省,460000,东方市,469007,2040,1676
2014,海南省,460000,东方市,469007,2904,2387
2015,海南省,460000,东方市,469007,3727,2939
2016,海南省,460000,东方市,469007,3419,2592
2017,海南省,460000,东方市,469007,5071,3807
2018,海南省,460000,东方市,469007,4306,2213
2019,海南省,460000,东方市,469007,6142,2999
2020,海南省,460000,东方市,469007,6268,2771
2021,海南省,460000,东方市,469007,6710,3903
2022,海南省,460000,东方市,469007,7090,2871
2023,海南省,460000,东方市,469007,3450,1604
2000,海南省,460000,定安县,469021,1413,1291
2001,海南省,460000,定安县,469021,273,219
2002,海南省,460000,定安县,469021,204,135
2003,海南省,460000,定安县,469021,482,392
2004,海南省,460000,定安县,469021,957,872
2005,海南省,460000,定安县,469021,607,519
2006,海南省,460000,定安县,469021,665,579
2007,海南省,460000,定安县,469021,1196,1098
2008,海南省,460000,定安县,469021,1656,1484
2009,海南省,460000,定安县,469021,1630,1411
2010,海南省,460000,定安县,469021,1799,1506
2011,海南省,460000,定安县,469021,1634,1303
2012,海南省,460000,定安县,469021,1539,1281
2013,海南省,460000,定安县,469021,1690,1409
2014,海南省,460000,定安县,469021,1783,1494
2015,海南省,460000,定安县,469021,2036,1651
2016,海南省,460000,定安县,469021,2010,1667
2017,海南省,460000,定安县,469021,2080,1703
2018,海南省,460000,定安县,469021,2094,1418
2019,海南省,460000,定安县,469021,5895,4605
2020,海南省,460000,定安县,469021,7456,3899
2021,海南省,460000,定安县,469021,5143,3889
2022,海南省,460000,定安县,469021,3391,1507
2023,海南省,460000,定安县,469021,2926,835
2000,海南省,460000,屯昌县,469022,41,5
2001,海南省,460000,屯昌县,469022,47,4
2002,海南省,460000,屯昌县,469022,52,12
2003,海南省,460000,屯昌县,469022,333,289
2004,海南省,460000,屯昌县,469022,1761,1534
2005,海南省,460000,屯昌县,469022,1142,587
2006,海南省,460000,屯昌县,469022,707,479
2007,海南省,460000,屯昌县,469022,724,578
2008,海南省,460000,屯昌县,469022,1198,1021
2009,海南省,460000,屯昌县,469022,1145,957
2010,海南省,460000,屯昌县,469022,1058,846
2011,海南省,460000,屯昌县,469022,1772,975
2012,海南省,460000,屯昌县,469022,1232,959
2013,海南省,460000,屯昌县,469022,1522,1261
2014,海南省,460000,屯昌县,469022,1765,1449
2015,海南省,460000,屯昌县,469022,1801,1444
2016,海南省,460000,屯昌县,469022,1883,1376
2017,海南省,460000,屯昌县,469022,2064,1710
2018,海南省,460000,屯昌县,469022,2197,1757
2019,海南省,460000,屯昌县,469022,4329,3657
2020,海南省,460000,屯昌县,469022,5015,2994
2021,海南省,460000,屯昌县,469022,3397,1953
2022,海南省,460000,屯昌县,469022,3218,1749
2023,海南省,460000,屯昌县,469022,4161,748
2000,海南省,460000,澄迈县,469023,744,600
2001,海南省,460000,澄迈县,469023,362,235
2002,海南省,460000,澄迈县,469023,388,290
2003,海南省,460000,澄迈县,469023,753,649
2004,海南省,460000,澄迈县,469023,1078,841
2005,海南省,460000,澄迈县,469023,674,499
2006,海南省,460000,澄迈县,469023,726,557
2007,海南省,460000,澄迈县,469023,1082,876
2008,海南省,460000,澄迈县,469023,1372,1047
2009,海南省,460000,澄迈县,469023,1908,1555
2010,海南省,460000,澄迈县,469023,1695,1163
2011,海南省,460000,澄迈县,469023,1951,1470
2012,海南省,460000,澄迈县,469023,1927,1408
2013,海南省,460000,澄迈县,469023,2282,1679
2014,海南省,460000,澄迈县,469023,3174,2416
2015,海南省,460000,澄迈县,469023,3449,2490
2016,海南省,460000,澄迈县,469023,3306,2284
2017,海南省,460000,澄迈县,469023,4015,2518
2018,海南省,460000,澄迈县,469023,4638,2578
2019,海南省,460000,澄迈县,469023,7592,3847
2020,海南省,460000,澄迈县,469023,10046,3094
2021,海南省,460000,澄迈县,469023,11057,3398
2022,海南省,460000,澄迈县,469023,8363,3089
2023,海南省,460000,澄迈县,469023,5824,2121
2000,海南省,460000,临高县,469024,250,138
2001,海南省,460000,临高县,469024,104,30
2002,海南省,460000,临高县,469024,108,27
2003,海南省,460000,临高县,469024,146,81
2004,海南省,460000,临高县,469024,790,674
2005,海南省,460000,临高县,469024,501,393
2006,海南省,460000,临高县,469024,980,866
2007,海南省,460000,临高县,469024,700,586
2008,海南省,460000,临高县,469024,915,755
2009,海南省,460000,临高县,469024,811,685
2010,海南省,460000,临高县,469024,1047,883
2011,海南省,460000,临高县,469024,1132,926
2012,海南省,460000,临高县,469024,1159,932
2013,海南省,460000,临高县,469024,1440,1236
2014,海南省,460000,临高县,469024,1640,1374
2015,海南省,460000,临高县,469024,1686,1371
2016,海南省,460000,临高县,469024,1860,1514
2017,海南省,460000,临高县,469024,2259,1748
2018,海南省,460000,临高县,469024,3607,2146
2019,海南省,460000,临高县,469024,4135,3111
2020,海南省,460000,临高县,469024,3922,2766
2021,海南省,460000,临高县,469024,5289,2625
2022,海南省,460000,临高县,469024,4107,2467
2023,海南省,460000,临高县,469024,4521,2054
2000,海南省,460000,白沙黎族自治县,469025,419,375
2001,海南省,460000,白沙黎族自治县,469025,269,213
2002,海南省,460000,白沙黎族自治县,469025,621,562
2003,海南省,460000,白沙黎族自治县,469025,287,244
2004,海南省,460000,白沙黎族自治县,469025,853,782
2005,海南省,460000,白沙黎族自治县,469025,646,574
2006,海南省,460000,白沙黎族自治县,469025,518,466
2007,海南省,460000,白沙黎族自治县,469025,707,662
2008,海南省,460000,白沙黎族自治县,469025,457,405
2009,海南省,460000,白沙黎族自治县,469025,712,653
2010,海南省,460000,白沙黎族自治县,469025,616,497
2011,海南省,460000,白沙黎族自治县,469025,618,480
2012,海南省,460000,白沙黎族自治县,469025,637,473
2013,海南省,460000,白沙黎族自治县,469025,802,625
2014,海南省,460000,白沙黎族自治县,469025,1121,940
2015,海南省,460000,白沙黎族自治县,469025,977,819
2016,海南省,460000,白沙黎族自治县,469025,981,711
2017,海南省,460000,白沙黎族自治县,469025,1027,782
2018,海南省,460000,白沙黎族自治县,469025,1107,896
2019,海南省,460000,白沙黎族自治县,469025,1750,1534
2020,海南省,460000,白沙黎族自治县,469025,1790,1415
2021,海南省,460000,白沙黎族自治县,469025,2320,1608
2022,海南省,460000,白沙黎族自治县,469025,1541,1132
2023,海南省,460000,白沙黎族自治县,469025,1369,989
2000,海南省,460000,昌江黎族自治县,469026,90,2
2001,海南省,460000,昌江黎族自治县,469026,60,4
2002,海南省,460000,昌江黎族自治县,469026,62,8
2003,海南省,460000,昌江黎族自治县,469026,87,18
2004,海南省,460000,昌江黎族自治县,469026,1474,1327
2005,海南省,460000,昌江黎族自治县,469026,830,714
2006,海南省,460000,昌江黎族自治县,469026,612,501
2007,海南省,460000,昌江黎族自治县,469026,1123,1008
2008,海南省,460000,昌江黎族自治县,469026,587,462
2009,海南省,460000,昌江黎族自治县,469026,689,548
2010,海南省,460000,昌江黎族自治县,469026,660,511
2011,海南省,460000,昌江黎族自治县,469026,993,798
2012,海南省,460000,昌江黎族自治县,469026,953,753
2013,海南省,460000,昌江黎族自治县,469026,973,726
2014,海南省,460000,昌江黎族自治县,469026,1118,870
2015,海南省,460000,昌江黎族自治县,469026,1474,1084
2016,海南省,460000,昌江黎族自治县,469026,1693,1286
2017,海南省,460000,昌江黎族自治县,469026,1584,1255
2018,海南省,460000,昌江黎族自治县,469026,1849,1203
2019,海南省,460000,昌江黎族自治县,469026,2334,1510
2020,海南省,460000,昌江黎族自治县,469026,2148,1425
2021,海南省,460000,昌江黎族自治县,469026,2549,1726
2022,海南省,460000,昌江黎族自治县,469026,2131,1383
2023,海南省,460000,昌江黎族自治县,469026,1075,626
2000,海南省,460000,乐东黎族自治县,469027,309,228
2001,海南省,460000,乐东黎族自治县,469027,153,88
2002,海南省,460000,乐东黎族自治县,469027,121,76
2003,海南省,460000,乐东黎族自治县,469027,286,230
2004,海南省,460000,乐东黎族自治县,469027,1091,1029
2005,海南省,460000,乐东黎族自治县,469027,645,498
2006,海南省,460000,乐东黎族自治县,469027,523,436
2007,海南省,460000,乐东黎族自治县,469027,544,456
2008,海南省,460000,乐东黎族自治县,469027,1021,880
2009,海南省,460000,乐东黎族自治县,469027,1346,1080
2010,海南省,460000,乐东黎族自治县,469027,1499,1192
2011,海南省,460000,乐东黎族自治县,469027,1546,1154
2012,海南省,460000,乐东黎族自治县,469027,1362,1074
2013,海南省,460000,乐东黎族自治县,469027,2165,1793
2014,海南省,460000,乐东黎族自治县,469027,2230,1805
2015,海南省,460000,乐东黎族自治县,469027,2254,1735
2016,海南省,460000,乐东黎族自治县,469027,2336,1790
2017,海南省,460000,乐东黎族自治县,469027,2704,1966
2018,海南省,460000,乐东黎族自治县,469027,3410,2117
2019,海南省,460000,乐东黎族自治县,469027,4490,2800
2020,海南省,460000,乐东黎族自治县,469027,3960,2730
2021,海南省,460000,乐东黎族自治县,469027,4643,3090
2022,海南省,460000,乐东黎族自治县,469027,4524,3123
2023,海南省,460000,乐东黎族自治县,469027,4213,1934
2000,海南省,460000,陵水黎族自治县,469028,70,3
2001,海南省,460000,陵水黎族自治县,469028,58,6
2002,海南省,460000,陵水黎族自治县,469028,48,1
2003,海南省,460000,陵水黎族自治县,469028,113,52
2004,海南省,460000,陵水黎族自治县,469028,917,829
2005,海南省,460000,陵水黎族自治县,469028,700,535
2006,海南省,460000,陵水黎族自治县,469028,683,586
2007,海南省,460000,陵水黎族自治县,469028,771,682
2008,海南省,460000,陵水黎族自治县,469028,1005,869
2009,海南省,460000,陵水黎族自治县,469028,1386,1226
2010,海南省,460000,陵水黎族自治县,469028,1437,1136
2011,海南省,460000,陵水黎族自治县,469028,1474,1146
2012,海南省,460000,陵水黎族自治县,469028,1530,1229
2013,海南省,460000,陵水黎族自治县,469028,1877,1485
2014,海南省,460000,陵水黎族自治县,469028,2380,1909
2015,海南省,460000,陵水黎族自治县,469028,3005,2359
2016,海南省,460000,陵水黎族自治县,469028,3598,2648
2017,海南省,460000,陵水黎族自治县,469028,4748,3262
2018,海南省,460000,陵水黎族自治县,469028,4946,3088
2019,海南省,460000,陵水黎族自治县,469028,6387,3527
2020,海南省,460000,陵水黎族自治县,469028,5446,3085
2021,海南省,460000,陵水黎族自治县,469028,8207,4472
2022,海南省,460000,陵水黎族自治县,469028,7109,3827
2023,海南省,460000,陵水黎族自治县,469028,3867,1858
2000,海南省,460000,保亭黎族苗族自治县,469029,418,328
2001,海南省,460000,保亭黎族苗族自治县,469029,160,95
2002,海南省,460000,保亭黎族苗族自治县,469029,141,91
2003,海南省,460000,保亭黎族苗族自治县,469029,168,120
2004,海南省,460000,保亭黎族苗族自治县,469029,559,475
2005,海南省,460000,保亭黎族苗族自治县,469029,495,398
2006,海南省,460000,保亭黎族苗族自治县,469029,444,378
2007,海南省,460000,保亭黎族苗族自治县,469029,532,463
2008,海南省,460000,保亭黎族苗族自治县,469029,667,537
2009,海南省,460000,保亭黎族苗族自治县,469029,514,414
2010,海南省,460000,保亭黎族苗族自治县,469029,667,371
2011,海南省,460000,保亭黎族苗族自治县,469029,704,503
2012,海南省,460000,保亭黎族苗族自治县,469029,802,500
2013,海南省,460000,保亭黎族苗族自治县,469029,877,588
2014,海南省,460000,保亭黎族苗族自治县,469029,926,609
2015,海南省,460000,保亭黎族苗族自治县,469029,847,579
2016,海南省,460000,保亭黎族苗族自治县,469029,794,558
2017,海南省,460000,保亭黎族苗族自治县,469029,1133,738
2018,海南省,460000,保亭黎族苗族自治县,469029,854,533
2019,海南省,460000,保亭黎族苗族自治县,469029,1679,1342
2020,海南省,460000,保亭黎族苗族自治县,469029,1590,1190
2021,海南省,460000,保亭黎族苗族自治县,469029,2779,2079
2022,海南省,460000,保亭黎族苗族自治县,469029,1780,1240
2023,海南省,460000,保亭黎族苗族自治县,469029,2989,1655
2000,海南省,460000,琼中黎族苗族自治县,469030,781,708
2001,海南省,460000,琼中黎族苗族自治县,469030,159,106
2002,海南省,460000,琼中黎族苗族自治县,469030,121,54
2003,海南省,460000,琼中黎族苗族自治县,469030,132,78
2004,海南省,460000,琼中黎族苗族自治县,469030,422,365
2005,海南省,460000,琼中黎族苗族自治县,469030,404,327
2006,海南省,460000,琼中黎族苗族自治县,469030,426,366
2007,海南省,460000,琼中黎族苗族自治县,469030,463,393
2008,海南省,460000,琼中黎族苗族自治县,469030,672,544
2009,海南省,460000,琼中黎族苗族自治县,469030,597,489
2010,海南省,460000,琼中黎族苗族自治县,469030,645,519
2011,海南省,460000,琼中黎族苗族自治县,469030,578,451
2012,海南省,460000,琼中黎族苗族自治县,469030,648,504
2013,海南省,460000,琼中黎族苗族自治县,469030,1196,980
2014,海南省,460000,琼中黎族苗族自治县,469030,964,707
2015,海南省,460000,琼中黎族苗族自治县,469030,1141,861
2016,海南省,460000,琼中黎族苗族自治县,469030,1278,894
2017,海南省,460000,琼中黎族苗族自治县,469030,1420,959
2018,海南省,460000,琼中黎族苗族自治县,469030,1298,929
2019,海南省,460000,琼中黎族苗族自治县,469030,1559,1228
2020,海南省,460000,琼中黎族苗族自治县,469030,1805,1328
2021,海南省,460000,琼中黎族苗族自治县,469030,2573,1726
2022,海南省,460000,琼中黎族苗族自治县,469030,2046,1440
2023,海南省,460000,琼中黎族苗族自治县,469030,2321,1684
2000,重庆市,500000,重庆市,500100,82260,59422
2001,重庆市,500000,重庆市,500100,45950,26024
2002,重庆市,500000,重庆市,500100,53252,31755
2003,重庆市,500000,重庆市,500100,76726,48901
2004,重庆市,500000,重庆市,500100,92859,63795
2005,重庆市,500000,重庆市,500100,78116,51853
2006,重庆市,500000,重庆市,500100,79238,52431
2007,重庆市,500000,重庆市,500100,103440,72622
2008,重庆市,500000,重庆市,500100,131107,93223
2009,重庆市,500000,重庆市,500100,163025,123098
2010,重庆市,500000,重庆市,500100,173101,117110
2011,重庆市,500000,重庆市,500100,224630,136720
2012,重庆市,500000,重庆市,500100,221332,135151
2013,重庆市,500000,重庆市,500100,224003,130756
2014,重庆市,500000,重庆市,500100,251347,136112
2015,重庆市,500000,重庆市,500100,298875,166748
2016,重庆市,500000,重庆市,500100,333449,186315
2017,重庆市,500000,重庆市,500100,352376,214931
2018,重庆市,500000,重庆市,500100,332981,143399
2019,重庆市,500000,重庆市,500100,373217,160376
2020,重庆市,500000,重庆市,500100,366143,173663
2021,重庆市,500000,重庆市,500100,364369,189614
2022,重庆市,500000,重庆市,500100,319423,183531
2023,重庆市,500000,重庆市,500100,142533,77957
2000,重庆市,500000,重庆市,500200,82260,59422
2001,重庆市,500000,重庆市,500200,45950,26024
2002,重庆市,500000,重庆市,500200,53252,31755
2003,重庆市,500000,重庆市,500200,76726,48901
2004,重庆市,500000,重庆市,500200,92859,63795
2005,重庆市,500000,重庆市,500200,78116,51853
2006,重庆市,500000,重庆市,500200,79238,52431
2007,重庆市,500000,重庆市,500200,103440,72622
2008,重庆市,500000,重庆市,500200,131107,93223
2009,重庆市,500000,重庆市,500200,163025,123098
2010,重庆市,500000,重庆市,500200,173101,117110
2011,重庆市,500000,重庆市,500200,224630,136720
2012,重庆市,500000,重庆市,500200,221332,135151
2013,重庆市,500000,重庆市,500200,224003,130756
2014,重庆市,500000,重庆市,500200,251347,136112
2015,重庆市,500000,重庆市,500200,298875,166748
2016,重庆市,500000,重庆市,500200,333449,186315
2017,重庆市,500000,重庆市,500200,352376,214931
2018,重庆市,500000,重庆市,500200,332981,143399
2019,重庆市,500000,重庆市,500200,373217,160376
2020,重庆市,500000,重庆市,500200,366143,173663
2021,重庆市,500000,重庆市,500200,364369,189614
2022,重庆市,500000,重庆市,500200,319423,183531
2023,重庆市,500000,重庆市,500200,142533,77957
2000,四川省,510000,成都市,510100,62287,41818
2001,四川省,510000,成都市,510100,53189,32101
2002,四川省,510000,成都市,510100,48499,26629
2003,四川省,510000,成都市,510100,79760,51192
2004,四川省,510000,成都市,510100,113486,81765
2005,四川省,510000,成都市,510100,102907,67503
2006,四川省,510000,成都市,510100,102545,66689
2007,四川省,510000,成都市,510100,104641,70458
2008,四川省,510000,成都市,510100,139613,106963
2009,四川省,510000,成都市,510100,116191,78799
2010,四川省,510000,成都市,510100,114708,72798
2011,四川省,510000,成都市,510100,138009,89299
2012,四川省,510000,成都市,510100,137328,85938
2013,四川省,510000,成都市,510100,162604,92709
2014,四川省,510000,成都市,510100,195874,90831
2015,四川省,510000,成都市,510100,258391,118583
2016,四川省,510000,成都市,510100,334734,148440
2017,四川省,510000,成都市,510100,470370,228055
2018,四川省,510000,成都市,510100,461099,126759
2019,四川省,510000,成都市,510100,494915,160602
2020,四川省,510000,成都市,510100,472081,134949
2021,四川省,510000,成都市,510100,441061,172741
2022,四川省,510000,成都市,510100,417100,187470
2023,四川省,510000,成都市,510100,163295,46472
2000,四川省,510000,自贡市,510300,4135,2527
2001,四川省,510000,自贡市,510300,3041,1524
2002,四川省,510000,自贡市,510300,3528,1720
2003,四川省,510000,自贡市,510300,6513,3954
2004,四川省,510000,自贡市,510300,15700,13148
2005,四川省,510000,自贡市,510300,9145,6446
2006,四川省,510000,自贡市,510300,8371,5546
2007,四川省,510000,自贡市,510300,8785,6694
2008,四川省,510000,自贡市,510300,10750,8773
2009,四川省,510000,自贡市,510300,11393,8866
2010,四川省,510000,自贡市,510300,10289,8017
2011,四川省,510000,自贡市,510300,11210,8907
2012,四川省,510000,自贡市,510300,13047,10575
2013,四川省,510000,自贡市,510300,13026,10042
2014,四川省,510000,自贡市,510300,12861,8904
2015,四川省,510000,自贡市,510300,16590,10961
2016,四川省,510000,自贡市,510300,18882,12526
2017,四川省,510000,自贡市,510300,25243,18575
2018,四川省,510000,自贡市,510300,22479,14982
2019,四川省,510000,自贡市,510300,22007,13961
2020,四川省,510000,自贡市,510300,23327,15183
2021,四川省,510000,自贡市,510300,21662,16169
2022,四川省,510000,自贡市,510300,20514,15305
2023,四川省,510000,自贡市,510300,9200,6645
2000,四川省,510000,攀枝花市,510400,5855,4970
2001,四川省,510000,攀枝花市,510400,2287,1359
2002,四川省,510000,攀枝花市,510400,2612,1383
2003,四川省,510000,攀枝花市,510400,4700,2997
2004,四川省,510000,攀枝花市,510400,12113,10163
2005,四川省,510000,攀枝花市,510400,5783,4160
2006,四川省,510000,攀枝花市,510400,5849,4248
2007,四川省,510000,攀枝花市,510400,6364,4706
2008,四川省,510000,攀枝花市,510400,8104,6764
2009,四川省,510000,攀枝花市,510400,7605,6179
2010,四川省,510000,攀枝花市,510400,7822,6351
2011,四川省,510000,攀枝花市,510400,10003,8306
2012,四川省,510000,攀枝花市,510400,12162,10426
2013,四川省,510000,攀枝花市,510400,10206,8020
2014,四川省,510000,攀枝花市,510400,10133,7548
2015,四川省,510000,攀枝花市,510400,10598,7897
2016,四川省,510000,攀枝花市,510400,11775,8714
2017,四川省,510000,攀枝花市,510400,13364,10124
2018,四川省,510000,攀枝花市,510400,13446,9993
2019,四川省,510000,攀枝花市,510400,16098,11814
2020,四川省,510000,攀枝花市,510400,14581,11121
2021,四川省,510000,攀枝花市,510400,14878,11576
2022,四川省,510000,攀枝花市,510400,11822,8824
2023,四川省,510000,攀枝花市,510400,5232,3792
2000,四川省,510000,泸州市,510500,15337,13191
2001,四川省,510000,泸州市,510500,5307,3092
2002,四川省,510000,泸州市,510500,5408,2795
2003,四川省,510000,泸州市,510500,6508,3820
2004,四川省,510000,泸州市,510500,8298,5796
2005,四川省,510000,泸州市,510500,7730,4727
2006,四川省,510000,泸州市,510500,8145,5248
2007,四川省,510000,泸州市,510500,9666,6494
2008,四川省,510000,泸州市,510500,12694,9602
2009,四川省,510000,泸州市,510500,16498,13249
2010,四川省,510000,泸州市,510500,17863,14635
2011,四川省,510000,泸州市,510500,16739,13602
2012,四川省,510000,泸州市,510500,19772,16494
2013,四川省,510000,泸州市,510500,20204,16495
2014,四川省,510000,泸州市,510500,23572,17295
2015,四川省,510000,泸州市,510500,27956,21176
2016,四川省,510000,泸州市,510500,31907,21510
2017,四川省,510000,泸州市,510500,38803,28387
2018,四川省,510000,泸州市,510500,34879,20487
2019,四川省,510000,泸州市,510500,34347,20165
2020,四川省,510000,泸州市,510500,34610,21038
2021,四川省,510000,泸州市,510500,47141,35788
2022,四川省,510000,泸州市,510500,39232,28269
2023,四川省,510000,泸州市,510500,16786,10915
2000,四川省,510000,德阳市,510600,7020,5316
2001,四川省,510000,德阳市,510600,3181,1304
2002,四川省,510000,德阳市,510600,3608,1451
2003,四川省,510000,德阳市,510600,7062,4765
2004,四川省,510000,德阳市,510600,14157,11457
2005,四川省,510000,德阳市,510600,9067,6167
2006,四川省,510000,德阳市,510600,10983,7852
2007,四川省,510000,德阳市,510600,10066,7409
2008,四川省,510000,德阳市,510600,15351,12083
2009,四川省,510000,德阳市,510600,16887,13521
2010,四川省,510000,德阳市,510600,14615,11187
2011,四川省,510000,德阳市,510600,15140,11382
2012,四川省,510000,德阳市,510600,19238,15429
2013,四川省,510000,德阳市,510600,16036,11842
2014,四川省,510000,德阳市,510600,16177,10705
2015,四川省,510000,德阳市,510600,21163,14964
2016,四川省,510000,德阳市,510600,24213,16840
2017,四川省,510000,德阳市,510600,32041,23584
2018,四川省,510000,德阳市,510600,28671,17716
2019,四川省,510000,德阳市,510600,31661,19824
2020,四川省,510000,德阳市,510600,33861,21988
2021,四川省,510000,德阳市,510600,29374,20542
2022,四川省,510000,德阳市,510600,25358,18363
2023,四川省,510000,德阳市,510600,10234,6673
2000,四川省,510000,绵阳市,510700,20018,16236
2001,四川省,510000,绵阳市,510700,7345,3717
2002,四川省,510000,绵阳市,510700,8455,4191
2003,四川省,510000,绵阳市,510700,10309,5307
2004,四川省,510000,绵阳市,510700,17235,12269
2005,四川省,510000,绵阳市,510700,12695,8077
2006,四川省,510000,绵阳市,510700,13444,8969
2007,四川省,510000,绵阳市,510700,16647,12664
2008,四川省,510000,绵阳市,510700,25260,21042
2009,四川省,510000,绵阳市,510700,27220,22047
2010,四川省,510000,绵阳市,510700,26943,22172
2011,四川省,510000,绵阳市,510700,26556,21309
2012,四川省,510000,绵阳市,510700,30817,24906
2013,四川省,510000,绵阳市,510700,30447,24214
2014,四川省,510000,绵阳市,510700,32140,21551
2015,四川省,510000,绵阳市,510700,34487,23259
2016,四川省,510000,绵阳市,510700,37563,23855
2017,四川省,510000,绵阳市,510700,49436,33771
2018,四川省,510000,绵阳市,510700,43941,23439
2019,四川省,510000,绵阳市,510700,46057,23747
2020,四川省,510000,绵阳市,510700,44253,23349
2021,四川省,510000,绵阳市,510700,45928,31003
2022,四川省,510000,绵阳市,510700,73097,52548
2023,四川省,510000,绵阳市,510700,69936,40251
2000,四川省,510000,广元市,510800,5711,4080
2001,四川省,510000,广元市,510800,2908,1371
2002,四川省,510000,广元市,510800,3225,1779
2003,四川省,510000,广元市,510800,5434,3644
2004,四川省,510000,广元市,510800,6444,5059
2005,四川省,510000,广元市,510800,5538,3816
2006,四川省,510000,广元市,510800,5828,4372
2007,四川省,510000,广元市,510800,7045,5636
2008,四川省,510000,广元市,510800,11041,9038
2009,四川省,510000,广元市,510800,13560,11670
2010,四川省,510000,广元市,510800,14668,12817
2011,四川省,510000,广元市,510800,13282,11345
2012,四川省,510000,广元市,510800,15445,13305
2013,四川省,510000,广元市,510800,14884,12342
2014,四川省,510000,广元市,510800,14678,10900
2015,四川省,510000,广元市,510800,18374,14005
2016,四川省,510000,广元市,510800,21285,15460
2017,四川省,510000,广元市,510800,27459,20995
2018,四川省,510000,广元市,510800,21336,15043
2019,四川省,510000,广元市,510800,22466,14035
2020,四川省,510000,广元市,510800,22806,14059
2021,四川省,510000,广元市,510800,19312,13800
2022,四川省,510000,广元市,510800,17479,12341
2023,四川省,510000,广元市,510800,8178,5677
2000,四川省,510000,遂宁市,510900,3961,3342
2001,四川省,510000,遂宁市,510900,1879,1189
2002,四川省,510000,遂宁市,510900,1836,1130
2003,四川省,510000,遂宁市,510900,4726,3342
2004,四川省,510000,遂宁市,510900,17638,14958
2005,四川省,510000,遂宁市,510900,7947,6296
2006,四川省,510000,遂宁市,510900,7307,5570
2007,四川省,510000,遂宁市,510900,9053,7535
2008,四川省,510000,遂宁市,510900,12885,11159
2009,四川省,510000,遂宁市,510900,11208,9938
2010,四川省,510000,遂宁市,510900,11794,10129
2011,四川省,510000,遂宁市,510900,10885,9102
2012,四川省,510000,遂宁市,510900,14688,12860
2013,四川省,510000,遂宁市,510900,14720,12446
2014,四川省,510000,遂宁市,510900,14197,10907
2015,四川省,510000,遂宁市,510900,16373,12004
2016,四川省,510000,遂宁市,510900,19815,13265
2017,四川省,510000,遂宁市,510900,24294,17063
2018,四川省,510000,遂宁市,510900,21441,13233
2019,四川省,510000,遂宁市,510900,23313,13978
2020,四川省,510000,遂宁市,510900,25722,16100
2021,四川省,510000,遂宁市,510900,20875,15328
2022,四川省,510000,遂宁市,510900,19672,14451
2023,四川省,510000,遂宁市,510900,16157,12794
2000,四川省,510000,内江市,511000,11525,9513
2001,四川省,510000,内江市,511000,4856,2484
2002,四川省,510000,内江市,511000,4323,2518
2003,四川省,510000,内江市,511000,10098,7612
2004,四川省,510000,内江市,511000,18115,15732
2005,四川省,510000,内江市,511000,9660,7955
2006,四川省,510000,内江市,511000,8870,7228
2007,四川省,510000,内江市,511000,9455,7864
2008,四川省,510000,内江市,511000,13959,12531
2009,四川省,510000,内江市,511000,11158,9705
2010,四川省,510000,内江市,511000,11007,9498
2011,四川省,510000,内江市,511000,11317,9644
2012,四川省,510000,内江市,511000,14365,12633
2013,四川省,510000,内江市,511000,13006,10803
2014,四川省,510000,内江市,511000,12917,9822
2015,四川省,510000,内江市,511000,16295,12540
2016,四川省,510000,内江市,511000,16446,11766
2017,四川省,510000,内江市,511000,21049,15485
2018,四川省,510000,内江市,511000,19533,11973
2019,四川省,510000,内江市,511000,22025,13444
2020,四川省,510000,内江市,511000,20853,13541
2021,四川省,510000,内江市,511000,25406,20100
2022,四川省,510000,内江市,511000,25148,20339
2023,四川省,510000,内江市,511000,11741,9316
2000,四川省,510000,乐山市,511100,6041,4235
2001,四川省,510000,乐山市,511100,3502,1822
2002,四川省,510000,乐山市,511100,5058,3210
2003,四川省,510000,乐山市,511100,9018,6674
2004,四川省,510000,乐山市,511100,15722,12836
2005,四川省,510000,乐山市,511100,10982,8659
2006,四川省,510000,乐山市,511100,11083,8672
2007,四川省,510000,乐山市,511100,11828,9020
2008,四川省,510000,乐山市,511100,14145,11555
2009,四川省,510000,乐山市,511100,14730,12297
2010,四川省,510000,乐山市,511100,13143,10724
2011,四川省,510000,乐山市,511100,13451,10894
2012,四川省,510000,乐山市,511100,17216,14442
2013,四川省,510000,乐山市,511100,16280,13306
2014,四川省,510000,乐山市,511100,16539,12467
2015,四川省,510000,乐山市,511100,18712,14100
2016,四川省,510000,乐山市,511100,20522,15015
2017,四川省,510000,乐山市,511100,31348,23894
2018,四川省,510000,乐山市,511100,25954,17573
2019,四川省,510000,乐山市,511100,27838,18592
2020,四川省,510000,乐山市,511100,27646,18825
2021,四川省,510000,乐山市,511100,28534,21879
2022,四川省,510000,乐山市,511100,25132,18653
2023,四川省,510000,乐山市,511100,11280,7158
2000,四川省,510000,南充市,511300,2875,1588
2001,四川省,510000,南充市,511300,2827,934
2002,四川省,510000,南充市,511300,4352,1535
2003,四川省,510000,南充市,511300,6712,3416
2004,四川省,510000,南充市,511300,19567,16474
2005,四川省,510000,南充市,511300,20160,16729
2006,四川省,510000,南充市,511300,14955,11984
2007,四川省,510000,南充市,511300,16422,13926
2008,四川省,510000,南充市,511300,20782,18172
2009,四川省,510000,南充市,511300,20236,17080
2010,四川省,510000,南充市,511300,19782,16165
2011,四川省,510000,南充市,511300,20924,17614
2012,四川省,510000,南充市,511300,22305,18789
2013,四川省,510000,南充市,511300,22796,18097
2014,四川省,510000,南充市,511300,25659,19404
2015,四川省,510000,南充市,511300,27153,20824
2016,四川省,510000,南充市,511300,34545,24150
2017,四川省,510000,南充市,511300,43777,32493
2018,四川省,510000,南充市,511300,39804,25071
2019,四川省,510000,南充市,511300,41904,25029
2020,四川省,510000,南充市,511300,44564,27739
2021,四川省,510000,南充市,511300,42523,30017
2022,四川省,510000,南充市,511300,40954,29678
2023,四川省,510000,南充市,511300,20339,13676
2000,四川省,510000,眉山市,511400,3028,2386
2001,四川省,510000,眉山市,511400,1718,959
2002,四川省,510000,眉山市,511400,2094,1284
2003,四川省,510000,眉山市,511400,4291,2803
2004,四川省,510000,眉山市,511400,10242,8499
2005,四川省,510000,眉山市,511400,8494,6933
2006,四川省,510000,眉山市,511400,7625,5703
2007,四川省,510000,眉山市,511400,8695,6865
2008,四川省,510000,眉山市,511400,12366,10556
2009,四川省,510000,眉山市,511400,13594,11692
2010,四川省,510000,眉山市,511400,13032,10889
2011,四川省,510000,眉山市,511400,12939,10471
2012,四川省,510000,眉山市,511400,15846,13294
2013,四川省,510000,眉山市,511400,13094,10611
2014,四川省,510000,眉山市,511400,16441,12602
2015,四川省,510000,眉山市,511400,18842,14127
2016,四川省,510000,眉山市,511400,22158,16260
2017,四川省,510000,眉山市,511400,37490,29931
2018,四川省,510000,眉山市,511400,32491,21544
2019,四川省,510000,眉山市,511400,35995,21825
2020,四川省,510000,眉山市,511400,31494,19724
2021,四川省,510000,眉山市,511400,46225,36457
2022,四川省,510000,眉山市,511400,30532,22464
2023,四川省,510000,眉山市,511400,13450,9029
2000,四川省,510000,宜宾市,511500,8365,6666
2001,四川省,510000,宜宾市,511500,4391,2856
2002,四川省,510000,宜宾市,511500,5231,3543
2003,四川省,510000,宜宾市,511500,7060,5146
2004,四川省,510000,宜宾市,511500,18797,16141
2005,四川省,510000,宜宾市,511500,13550,11060
2006,四川省,510000,宜宾市,511500,13988,11643
2007,四川省,510000,宜宾市,511500,15825,13478
2008,四川省,510000,宜宾市,511500,22523,19831
2009,四川省,510000,宜宾市,511500,23802,20879
2010,四川省,510000,宜宾市,511500,22038,18915
2011,四川省,510000,宜宾市,511500,20543,17128
2012,四川省,510000,宜宾市,511500,26317,22561
2013,四川省,510000,宜宾市,511500,24829,20159
2014,四川省,510000,宜宾市,511500,22303,15782
2015,四川省,510000,宜宾市,511500,30534,22491
2016,四川省,510000,宜宾市,511500,33333,23839
2017,四川省,510000,宜宾市,511500,45583,32144
2018,四川省,510000,宜宾市,511500,44452,26971
2019,四川省,510000,宜宾市,511500,50092,32388
2020,四川省,510000,宜宾市,511500,61596,45766
2021,四川省,510000,宜宾市,511500,53616,41947
2022,四川省,510000,宜宾市,511500,44826,33132
2023,四川省,510000,宜宾市,511500,44725,35269
2000,四川省,510000,广安市,511600,8603,7748
2001,四川省,510000,广安市,511600,5572,4683
2002,四川省,510000,广安市,511600,5482,4496
2003,四川省,510000,广安市,511600,5536,4146
2004,四川省,510000,广安市,511600,10330,8598
2005,四川省,510000,广安市,511600,7002,5753
2006,四川省,510000,广安市,511600,9625,8230
2007,四川省,510000,广安市,511600,12851,11364
2008,四川省,510000,广安市,511600,16703,15070
2009,四川省,510000,广安市,511600,19111,17296
2010,四川省,510000,广安市,511600,20219,18448
2011,四川省,510000,广安市,511600,18391,16684
2012,四川省,510000,广安市,511600,22231,20058
2013,四川省,510000,广安市,511600,19069,16453
2014,四川省,510000,广安市,511600,19065,15558
2015,四川省,510000,广安市,511600,22072,17952
2016,四川省,510000,广安市,511600,23269,18210
2017,四川省,510000,广安市,511600,26002,19951
2018,四川省,510000,广安市,511600,23301,14967
2019,四川省,510000,广安市,511600,28398,17586
2020,四川省,510000,广安市,511600,25958,15878
2021,四川省,510000,广安市,511600,23909,18456
2022,四川省,510000,广安市,511600,23105,18401
2023,四川省,510000,广安市,511600,8704,6097
2000,四川省,510000,达州市,511700,6550,5159
2001,四川省,510000,达州市,511700,3436,2169
2002,四川省,510000,达州市,511700,3646,2356
2003,四川省,510000,达州市,511700,6150,4080
2004,四川省,510000,达州市,511700,17558,15002
2005,四川省,510000,达州市,511700,11102,7461
2006,四川省,510000,达州市,511700,10056,7488
2007,四川省,510000,达州市,511700,10546,8207
2008,四川省,510000,达州市,511700,15316,12924
2009,四川省,510000,达州市,511700,17586,14767
2010,四川省,510000,达州市,511700,14268,11577
2011,四川省,510000,达州市,511700,17787,13978
2012,四川省,510000,达州市,511700,21114,16940
2013,四川省,510000,达州市,511700,18565,14534
2014,四川省,510000,达州市,511700,19608,13314
2015,四川省,510000,达州市,511700,23882,16458
2016,四川省,510000,达州市,511700,24068,16007
2017,四川省,510000,达州市,511700,36137,27036
2018,四川省,510000,达州市,511700,35791,19041
2019,四川省,510000,达州市,511700,35835,18724
2020,四川省,510000,达州市,511700,35726,20854
2021,四川省,510000,达州市,511700,30279,20462
2022,四川省,510000,达州市,511700,34852,24924
2023,四川省,510000,达州市,511700,18884,13609
2000,四川省,510000,雅安市,511800,6349,5312
2001,四川省,510000,雅安市,511800,3813,2795
2002,四川省,510000,雅安市,511800,4407,3336
2003,四川省,510000,雅安市,511800,7317,5949
2004,四川省,510000,雅安市,511800,10653,9198
2005,四川省,510000,雅安市,511800,6966,5887
2006,四川省,510000,雅安市,511800,5765,4725
2007,四川省,510000,雅安市,511800,8451,7325
2008,四川省,510000,雅安市,511800,7885,6860
2009,四川省,510000,雅安市,511800,7676,6494
2010,四川省,510000,雅安市,511800,8585,7240
2011,四川省,510000,雅安市,511800,8564,6916
2012,四川省,510000,雅安市,511800,13053,11337
2013,四川省,510000,雅安市,511800,11225,9502
2014,四川省,510000,雅安市,511800,11612,8831
2015,四川省,510000,雅安市,511800,13361,10152
2016,四川省,510000,雅安市,511800,13245,10008
2017,四川省,510000,雅安市,511800,14829,11179
2018,四川省,510000,雅安市,511800,15355,11212
2019,四川省,510000,雅安市,511800,15993,11382
2020,四川省,510000,雅安市,511800,26175,14168
2021,四川省,510000,雅安市,511800,19732,15111
2022,四川省,510000,雅安市,511800,16851,12820
2023,四川省,510000,雅安市,511800,7316,5230
2000,四川省,510000,巴中市,511900,3355,2613
2001,四川省,510000,巴中市,511900,3166,2160
2002,四川省,510000,巴中市,511900,4405,3263
2003,四川省,510000,巴中市,511900,6700,4949
2004,四川省,510000,巴中市,511900,8037,6146
2005,四川省,510000,巴中市,511900,6742,5315
2006,四川省,510000,巴中市,511900,5996,4648
2007,四川省,510000,巴中市,511900,7552,6388
2008,四川省,510000,巴中市,511900,11588,10152
2009,四川省,510000,巴中市,511900,13931,12376
2010,四川省,510000,巴中市,511900,12742,11204
2011,四川省,510000,巴中市,511900,12301,10818
2012,四川省,510000,巴中市,511900,14393,12583
2013,四川省,510000,巴中市,511900,13988,11868
2014,四川省,510000,巴中市,511900,17427,13462
2015,四川省,510000,巴中市,511900,22709,17775
2016,四川省,510000,巴中市,511900,24914,18120
2017,四川省,510000,巴中市,511900,28357,20967
2018,四川省,510000,巴中市,511900,20646,12647
2019,四川省,510000,巴中市,511900,21483,13371
2020,四川省,510000,巴中市,511900,19861,12887
2021,四川省,510000,巴中市,511900,20577,15008
2022,四川省,510000,巴中市,511900,16864,12055
2023,四川省,510000,巴中市,511900,8361,5536
2000,四川省,510000,资阳市,512000,5375,4636
2001,四川省,510000,资阳市,512000,2377,1612
2002,四川省,510000,资阳市,512000,2167,1199
2003,四川省,510000,资阳市,512000,3390,1985
2004,四川省,510000,资阳市,512000,11837,10068
2005,四川省,510000,资阳市,512000,6358,4341
2006,四川省,510000,资阳市,512000,5989,3984
2007,四川省,510000,资阳市,512000,7292,5219
2008,四川省,510000,资阳市,512000,10181,8312
2009,四川省,510000,资阳市,512000,8363,7024
2010,四川省,510000,资阳市,512000,8826,7261
2011,四川省,510000,资阳市,512000,8532,7147
2012,四川省,510000,资阳市,512000,10471,8901
2013,四川省,510000,资阳市,512000,7867,6299
2014,四川省,510000,资阳市,512000,9034,6917
2015,四川省,510000,资阳市,512000,11552,9244
2016,四川省,510000,资阳市,512000,12743,9506
2017,四川省,510000,资阳市,512000,16873,12704
2018,四川省,510000,资阳市,512000,14699,9460
2019,四川省,510000,资阳市,512000,15514,9408
2020,四川省,510000,资阳市,512000,17549,11478
2021,四川省,510000,资阳市,512000,16931,13198
2022,四川省,510000,资阳市,512000,24852,21234
2023,四川省,510000,资阳市,512000,9306,7501
2000,四川省,510000,阿坝藏族羌族自治州,513200,1016,689
2001,四川省,510000,阿坝藏族羌族自治州,513200,671,388
2002,四川省,510000,阿坝藏族羌族自治州,513200,638,308
2003,四川省,510000,阿坝藏族羌族自治州,513200,813,456
2004,四川省,510000,阿坝藏族羌族自治州,513200,3386,2887
2005,四川省,510000,阿坝藏族羌族自治州,513200,1970,1618
2006,四川省,510000,阿坝藏族羌族自治州,513200,2580,2192
2007,四川省,510000,阿坝藏族羌族自治州,513200,3327,2942
2008,四川省,510000,阿坝藏族羌族自治州,513200,4228,3790
2009,四川省,510000,阿坝藏族羌族自治州,513200,5435,4863
2010,四川省,510000,阿坝藏族羌族自治州,513200,4579,4112
2011,四川省,510000,阿坝藏族羌族自治州,513200,5267,4496
2012,四川省,510000,阿坝藏族羌族自治州,513200,6071,5220
2013,四川省,510000,阿坝藏族羌族自治州,513200,5506,4530
2014,四川省,510000,阿坝藏族羌族自治州,513200,5928,4501
2015,四川省,510000,阿坝藏族羌族自治州,513200,7831,5893
2016,四川省,510000,阿坝藏族羌族自治州,513200,8721,6420
2017,四川省,510000,阿坝藏族羌族自治州,513200,11460,8170
2018,四川省,510000,阿坝藏族羌族自治州,513200,10760,7278
2019,四川省,510000,阿坝藏族羌族自治州,513200,9172,6778
2020,四川省,510000,阿坝藏族羌族自治州,513200,11189,8768
2021,四川省,510000,阿坝藏族羌族自治州,513200,10346,8261
2022,四川省,510000,阿坝藏族羌族自治州,513200,8194,6632
2023,四川省,510000,阿坝藏族羌族自治州,513200,4256,3503
2000,四川省,510000,甘孜藏族自治州,513300,964,672
2001,四川省,510000,甘孜藏族自治州,513300,616,473
2002,四川省,510000,甘孜藏族自治州,513300,1060,902
2003,四川省,510000,甘孜藏族自治州,513300,1348,1097
2004,四川省,510000,甘孜藏族自治州,513300,2646,2356
2005,四川省,510000,甘孜藏族自治州,513300,2336,2062
2006,四川省,510000,甘孜藏族自治州,513300,2111,1827
2007,四川省,510000,甘孜藏族自治州,513300,2179,1916
2008,四川省,510000,甘孜藏族自治州,513300,3022,2689
2009,四川省,510000,甘孜藏族自治州,513300,3187,2881
2010,四川省,510000,甘孜藏族自治州,513300,3116,2779
2011,四川省,510000,甘孜藏族自治州,513300,3097,2736
2012,四川省,510000,甘孜藏族自治州,513300,4373,3828
2013,四川省,510000,甘孜藏族自治州,513300,3934,3270
2014,四川省,510000,甘孜藏族自治州,513300,6578,5194
2015,四川省,510000,甘孜藏族自治州,513300,7495,5947
2016,四川省,510000,甘孜藏族自治州,513300,10065,7634
2017,四川省,510000,甘孜藏族自治州,513300,13084,10060
2018,四川省,510000,甘孜藏族自治州,513300,10431,7979
2019,四川省,510000,甘孜藏族自治州,513300,12218,9189
2020,四川省,510000,甘孜藏族自治州,513300,11762,9489
2021,四川省,510000,甘孜藏族自治州,513300,13001,11071
2022,四川省,510000,甘孜藏族自治州,513300,8841,7139
2023,四川省,510000,甘孜藏族自治州,513300,5605,4635
2000,四川省,510000,凉山彝族自治州,513400,5041,4123
2001,四川省,510000,凉山彝族自治州,513400,2782,1877
2002,四川省,510000,凉山彝族自治州,513400,3134,2136
2003,四川省,510000,凉山彝族自治州,513400,4335,3180
2004,四川省,510000,凉山彝族自治州,513400,6175,4805
2005,四川省,510000,凉山彝族自治州,513400,5566,3447
2006,四川省,510000,凉山彝族自治州,513400,5330,3882
2007,四川省,510000,凉山彝族自治州,513400,9841,8375
2008,四川省,510000,凉山彝族自治州,513400,20010,18435
2009,四川省,510000,凉山彝族自治州,513400,17330,15727
2010,四川省,510000,凉山彝族自治州,513400,15322,13651
2011,四川省,510000,凉山彝族自治州,513400,16396,14315
2012,四川省,510000,凉山彝族自治州,513400,19283,16890
2013,四川省,510000,凉山彝族自治州,513400,18550,15526
2014,四川省,510000,凉山彝族自治州,513400,21723,17398
2015,四川省,510000,凉山彝族自治州,513400,21769,15425
2016,四川省,510000,凉山彝族自治州,513400,25343,18601
2017,四川省,510000,凉山彝族自治州,513400,33513,26190
2018,四川省,510000,凉山彝族自治州,513400,27668,19193
2019,四川省,510000,凉山彝族自治州,513400,29860,20169
2020,四川省,510000,凉山彝族自治州,513400,39887,29935
2021,四川省,510000,凉山彝族自治州,513400,46464,38182
2022,四川省,510000,凉山彝族自治州,513400,37559,29674
2023,四川省,510000,凉山彝族自治州,513400,15177,11377
2000,贵州省,520000,贵阳市,520100,30077,24696
2001,贵州省,520000,贵阳市,520100,12815,7895
2002,贵州省,520000,贵阳市,520100,12484,7512
2003,贵州省,520000,贵阳市,520100,18459,12159
2004,贵州省,520000,贵阳市,520100,24567,17931
2005,贵州省,520000,贵阳市,520100,20443,13880
2006,贵州省,520000,贵阳市,520100,19507,12151
2007,贵州省,520000,贵阳市,520100,21720,13544
2008,贵州省,520000,贵阳市,520100,22379,14620
2009,贵州省,520000,贵阳市,520100,25638,16243
2010,贵州省,520000,贵阳市,520100,39573,28248
2011,贵州省,520000,贵阳市,520100,39143,25845
2012,贵州省,520000,贵阳市,520100,41328,21480
2013,贵州省,520000,贵阳市,520100,49093,27230
2014,贵州省,520000,贵阳市,520100,56360,26079
2015,贵州省,520000,贵阳市,520100,66529,32940
2016,贵州省,520000,贵阳市,520100,73672,31576
2017,贵州省,520000,贵阳市,520100,118037,68660
2018,贵州省,520000,贵阳市,520100,107334,42914
2019,贵州省,520000,贵阳市,520100,137321,47767
2020,贵州省,520000,贵阳市,520100,110801,42180
2021,贵州省,520000,贵阳市,520100,85754,39563
2022,贵州省,520000,贵阳市,520100,95366,50641
2023,贵州省,520000,贵阳市,520100,42226,19211
2000,贵州省,520000,六盘水市,520200,12360,11263
2001,贵州省,520000,六盘水市,520200,3305,2577
2002,贵州省,520000,六盘水市,520200,4537,3694
2003,贵州省,520000,六盘水市,520200,5373,4154
2004,贵州省,520000,六盘水市,520200,11488,9908
2005,贵州省,520000,六盘水市,520200,6523,5286
2006,贵州省,520000,六盘水市,520200,6250,5140
2007,贵州省,520000,六盘水市,520200,8445,7216
2008,贵州省,520000,六盘水市,520200,12895,11549
2009,贵州省,520000,六盘水市,520200,11224,9656
2010,贵州省,520000,六盘水市,520200,12504,10545
2011,贵州省,520000,六盘水市,520200,12907,10479
2012,贵州省,520000,六盘水市,520200,19410,14220
2013,贵州省,520000,六盘水市,520200,19091,12879
2014,贵州省,520000,六盘水市,520200,20610,12402
2015,贵州省,520000,六盘水市,520200,22507,14046
2016,贵州省,520000,六盘水市,520200,27644,18858
2017,贵州省,520000,六盘水市,520200,34489,24478
2018,贵州省,520000,六盘水市,520200,31247,17075
2019,贵州省,520000,六盘水市,520200,31829,16136
2020,贵州省,520000,六盘水市,520200,26370,12640
2021,贵州省,520000,六盘水市,520200,22344,12526
2022,贵州省,520000,六盘水市,520200,31363,20704
2023,贵州省,520000,六盘水市,520200,15104,9702
2000,贵州省,520000,遵义市,520300,11313,8804
2001,贵州省,520000,遵义市,520300,3374,1652
2002,贵州省,520000,遵义市,520300,4095,2226
2003,贵州省,520000,遵义市,520300,5832,3767
2004,贵州省,520000,遵义市,520300,15174,12546
2005,贵州省,520000,遵义市,520300,12488,10139
2006,贵州省,520000,遵义市,520300,16029,13343
2007,贵州省,520000,遵义市,520300,22312,19616
2008,贵州省,520000,遵义市,520300,24664,21539
2009,贵州省,520000,遵义市,520300,28619,24778
2010,贵州省,520000,遵义市,520300,26567,22639
2011,贵州省,520000,遵义市,520300,29953,25100
2012,贵州省,520000,遵义市,520300,44767,35853
2013,贵州省,520000,遵义市,520300,40061,30918
2014,贵州省,520000,遵义市,520300,47731,34407
2015,贵州省,520000,遵义市,520300,56314,40627
2016,贵州省,520000,遵义市,520300,70066,48881
2017,贵州省,520000,遵义市,520300,104915,78840
2018,贵州省,520000,遵义市,520300,97051,62919
2019,贵州省,520000,遵义市,520300,98863,59038
2020,贵州省,520000,遵义市,520300,91163,57548
2021,贵州省,520000,遵义市,520300,62748,38983
2022,贵州省,520000,遵义市,520300,79322,53019
2023,贵州省,520000,遵义市,520300,34005,20772
2000,贵州省,520000,安顺市,520400,13410,12519
2001,贵州省,520000,安顺市,520400,3537,3073
2002,贵州省,520000,安顺市,520400,3613,3015
2003,贵州省,520000,安顺市,520400,5104,4309
2004,贵州省,520000,安顺市,520400,7393,6471
2005,贵州省,520000,安顺市,520400,5744,5083
2006,贵州省,520000,安顺市,520400,5377,4610
2007,贵州省,520000,安顺市,520400,8161,7347
2008,贵州省,520000,安顺市,520400,7734,6960
2009,贵州省,520000,安顺市,520400,7176,6242
2010,贵州省,520000,安顺市,520400,6935,5912
2011,贵州省,520000,安顺市,520400,11807,10312
2012,贵州省,520000,安顺市,520400,12624,7843
2013,贵州省,520000,安顺市,520400,13178,9089
2014,贵州省,520000,安顺市,520400,18694,12769
2015,贵州省,520000,安顺市,520400,17545,11711
2016,贵州省,520000,安顺市,520400,25492,14364
2017,贵州省,520000,安顺市,520400,39415,26955
2018,贵州省,520000,安顺市,520400,29752,20289
2019,贵州省,520000,安顺市,520400,30075,17965
2020,贵州省,520000,安顺市,520400,22376,14253
2021,贵州省,520000,安顺市,520400,22977,15242
2022,贵州省,520000,安顺市,520400,30954,21461
2023,贵州省,520000,安顺市,520400,11124,7327
2000,贵州省,520000,毕节市,520500,771,458
2001,贵州省,520000,毕节市,520500,469,117
2002,贵州省,520000,毕节市,520500,489,163
2003,贵州省,520000,毕节市,520500,928,248
2004,贵州省,520000,毕节市,520500,1892,1081
2005,贵州省,520000,毕节市,520500,2117,1463
2006,贵州省,520000,毕节市,520500,4199,3408
2007,贵州省,520000,毕节市,520500,10635,9500
2008,贵州省,520000,毕节市,520500,16426,14874
2009,贵州省,520000,毕节市,520500,20984,19136
2010,贵州省,520000,毕节市,520500,19118,16441
2011,贵州省,520000,毕节市,520500,27202,24085
2012,贵州省,520000,毕节市,520500,28775,21425
2013,贵州省,520000,毕节市,520500,33582,27603
2014,贵州省,520000,毕节市,520500,61077,49550
2015,贵州省,520000,毕节市,520500,45820,34678
2016,贵州省,520000,毕节市,520500,55903,39755
2017,贵州省,520000,毕节市,520500,90193,68151
2018,贵州省,520000,毕节市,520500,76917,43407
2019,贵州省,520000,毕节市,520500,87040,45342
2020,贵州省,520000,毕节市,520500,68175,34859
2021,贵州省,520000,毕节市,520500,47573,33459
2022,贵州省,520000,毕节市,520500,55746,37035
2023,贵州省,520000,毕节市,520500,31984,17693
2000,贵州省,520000,铜仁市,520600,15033,14162
2001,贵州省,520000,铜仁市,520600,3821,3264
2002,贵州省,520000,铜仁市,520600,3412,2919
2003,贵州省,520000,铜仁市,520600,5985,5199
2004,贵州省,520000,铜仁市,520600,13633,12486
2005,贵州省,520000,铜仁市,520600,7136,6039
2006,贵州省,520000,铜仁市,520600,6455,5333
2007,贵州省,520000,铜仁市,520600,9399,8226
2008,贵州省,520000,铜仁市,520600,8788,7791
2009,贵州省,520000,铜仁市,520600,11434,10099
2010,贵州省,520000,铜仁市,520600,12586,11109
2011,贵州省,520000,铜仁市,520600,21573,19412
2012,贵州省,520000,铜仁市,520600,20093,14251
2013,贵州省,520000,铜仁市,520600,22487,17782
2014,贵州省,520000,铜仁市,520600,24065,18163
2015,贵州省,520000,铜仁市,520600,37408,30176
2016,贵州省,520000,铜仁市,520600,34775,23897
2017,贵州省,520000,铜仁市,520600,60116,44463
2018,贵州省,520000,铜仁市,520600,56956,40676
2019,贵州省,520000,铜仁市,520600,50849,33709
2020,贵州省,520000,铜仁市,520600,41684,27958
2021,贵州省,520000,铜仁市,520600,27892,19362
2022,贵州省,520000,铜仁市,520600,51076,37265
2023,贵州省,520000,铜仁市,520600,17077,11955
2000,贵州省,520000,黔西南布依族苗族自治州,522300,8403,7914
2001,贵州省,520000,黔西南布依族苗族自治州,522300,1953,1479
2002,贵州省,520000,黔西南布依族苗族自治州,522300,2810,2147
2003,贵州省,520000,黔西南布依族苗族自治州,522300,4149,3388
2004,贵州省,520000,黔西南布依族苗族自治州,522300,13143,12160
2005,贵州省,520000,黔西南布依族苗族自治州,522300,7503,6755
2006,贵州省,520000,黔西南布依族苗族自治州,522300,6840,6025
2007,贵州省,520000,黔西南布依族苗族自治州,522300,8225,7413
2008,贵州省,520000,黔西南布依族苗族自治州,522300,10626,9897
2009,贵州省,520000,黔西南布依族苗族自治州,522300,10369,9547
2010,贵州省,520000,黔西南布依族苗族自治州,522300,10283,9299
2011,贵州省,520000,黔西南布依族苗族自治州,522300,12770,11249
2012,贵州省,520000,黔西南布依族苗族自治州,522300,14908,10533
2013,贵州省,520000,黔西南布依族苗族自治州,522300,16397,13411
2014,贵州省,520000,黔西南布依族苗族自治州,522300,18852,13545
2015,贵州省,520000,黔西南布依族苗族自治州,522300,25518,18448
2016,贵州省,520000,黔西南布依族苗族自治州,522300,30219,22298
2017,贵州省,520000,黔西南布依族苗族自治州,522300,49515,37972
2018,贵州省,520000,黔西南布依族苗族自治州,522300,62745,42555
2019,贵州省,520000,黔西南布依族苗族自治州,522300,67712,49629
2020,贵州省,520000,黔西南布依族苗族自治州,522300,59236,45432
2021,贵州省,520000,黔西南布依族苗族自治州,522300,31387,22716
2022,贵州省,520000,黔西南布依族苗族自治州,522300,44300,32756
2023,贵州省,520000,黔西南布依族苗族自治州,522300,16280,12155
2000,贵州省,520000,黔东南苗族侗族自治州,522600,29920,28305
2001,贵州省,520000,黔东南苗族侗族自治州,522600,8310,7266
2002,贵州省,520000,黔东南苗族侗族自治州,522600,7684,6729
2003,贵州省,520000,黔东南苗族侗族自治州,522600,10989,9709
2004,贵州省,520000,黔东南苗族侗族自治州,522600,17084,15849
2005,贵州省,520000,黔东南苗族侗族自治州,522600,12167,11162
2006,贵州省,520000,黔东南苗族侗族自治州,522600,11527,10551
2007,贵州省,520000,黔东南苗族侗族自治州,522600,14799,13471
2008,贵州省,520000,黔东南苗族侗族自治州,522600,13746,12543
2009,贵州省,520000,黔东南苗族侗族自治州,522600,16325,14873
2010,贵州省,520000,黔东南苗族侗族自治州,522600,16800,15122
2011,贵州省,520000,黔东南苗族侗族自治州,522600,18852,16725
2012,贵州省,520000,黔东南苗族侗族自治州,522600,21960,15980
2013,贵州省,520000,黔东南苗族侗族自治州,522600,28129,22442
2014,贵州省,520000,黔东南苗族侗族自治州,522600,24695,18728
2015,贵州省,520000,黔东南苗族侗族自治州,522600,27133,20801
2016,贵州省,520000,黔东南苗族侗族自治州,522600,36702,24714
2017,贵州省,520000,黔东南苗族侗族自治州,522600,67127,52356
2018,贵州省,520000,黔东南苗族侗族自治州,522600,52125,38607
2019,贵州省,520000,黔东南苗族侗族自治州,522600,42429,31035
2020,贵州省,520000,黔东南苗族侗族自治州,522600,38903,27992
2021,贵州省,520000,黔东南苗族侗族自治州,522600,33160,24942
2022,贵州省,520000,黔东南苗族侗族自治州,522600,58361,44020
2023,贵州省,520000,黔东南苗族侗族自治州,522600,19831,14438
2000,贵州省,520000,黔南布依族苗族自治州,522700,19066,17881
2001,贵州省,520000,黔南布依族苗族自治州,522700,4600,3511
2002,贵州省,520000,黔南布依族苗族自治州,522700,4425,3439
2003,贵州省,520000,黔南布依族苗族自治州,522700,5489,4492
2004,贵州省,520000,黔南布依族苗族自治州,522700,15669,14449
2005,贵州省,520000,黔南布依族苗族自治州,522700,7636,6673
2006,贵州省,520000,黔南布依族苗族自治州,522700,8929,7736
2007,贵州省,520000,黔南布依族苗族自治州,522700,12101,10604
2008,贵州省,520000,黔南布依族苗族自治州,522700,13636,12047
2009,贵州省,520000,黔南布依族苗族自治州,522700,14442,12553
2010,贵州省,520000,黔南布依族苗族自治州,522700,15888,14098
2011,贵州省,520000,黔南布依族苗族自治州,522700,15842,13593
2012,贵州省,520000,黔南布依族苗族自治州,522700,16886,13163
2013,贵州省,520000,黔南布依族苗族自治州,522700,20649,16133
2014,贵州省,520000,黔南布依族苗族自治州,522700,31071,22891
2015,贵州省,520000,黔南布依族苗族自治州,522700,30787,20770
2016,贵州省,520000,黔南布依族苗族自治州,522700,35138,23370
2017,贵州省,520000,黔南布依族苗族自治州,522700,60499,45907
2018,贵州省,520000,黔南布依族苗族自治州,522700,58104,42064
2019,贵州省,520000,黔南布依族苗族自治州,522700,50459,34628
2020,贵州省,520000,黔南布依族苗族自治州,522700,44975,31065
2021,贵州省,520000,黔南布依族苗族自治州,522700,40334,28673
2022,贵州省,520000,黔南布依族苗族自治州,522700,64246,45496
2023,贵州省,520000,黔南布依族苗族自治州,522700,22081,15711
2000,云南省,530000,昆明市,530100,48467,35062
2001,云南省,530000,昆明市,530100,23919,15183
2002,云南省,530000,昆明市,530100,29849,20095
2003,云南省,530000,昆明市,530100,33171,21910
2004,云南省,530000,昆明市,530100,44432,28679
2005,云南省,530000,昆明市,530100,45139,29480
2006,云南省,530000,昆明市,530100,42564,26011
2007,云南省,530000,昆明市,530100,49122,33284
2008,云南省,530000,昆明市,530100,66311,45329
2009,云南省,530000,昆明市,530100,88326,62253
2010,云南省,530000,昆明市,530100,77380,49565
2011,云南省,530000,昆明市,530100,76384,46425
2012,云南省,530000,昆明市,530100,83084,50250
2013,云南省,530000,昆明市,530100,91031,54377
2014,云南省,530000,昆明市,530100,100033,50263
2015,云南省,530000,昆明市,530100,134237,68721
2016,云南省,530000,昆明市,530100,121037,55930
2017,云南省,530000,昆明市,530100,163673,93104
2018,云南省,530000,昆明市,530100,132216,43471
2019,云南省,530000,昆明市,530100,149468,44353
2020,云南省,530000,昆明市,530100,128445,47419
2021,云南省,530000,昆明市,530100,134079,71686
2022,云南省,530000,昆明市,530100,208172,127711
2023,云南省,530000,昆明市,530100,81382,34918
2000,云南省,530000,曲靖市,530300,33056,30240
2001,云南省,530000,曲靖市,530300,5530,3880
2002,云南省,530000,曲靖市,530300,8131,6462
2003,云南省,530000,曲靖市,530300,9614,7382
2004,云南省,530000,曲靖市,530300,19614,16264
2005,云南省,530000,曲靖市,530300,13129,10239
2006,云南省,530000,曲靖市,530300,13774,10950
2007,云南省,530000,曲靖市,530300,17482,14755
2008,云南省,530000,曲靖市,530300,20802,18425
2009,云南省,530000,曲靖市,530300,26857,23671
2010,云南省,530000,曲靖市,530300,25468,22489
2011,云南省,530000,曲靖市,530300,33765,30212
2012,云南省,530000,曲靖市,530300,42593,38210
2013,云南省,530000,曲靖市,530300,42543,37559
2014,云南省,530000,曲靖市,530300,45908,36131
2015,云南省,530000,曲靖市,530300,55963,42084
2016,云南省,530000,曲靖市,530300,53955,38791
2017,云南省,530000,曲靖市,530300,58002,44302
2018,云南省,530000,曲靖市,530300,54474,29128
2019,云南省,530000,曲靖市,530300,56221,27287
2020,云南省,530000,曲靖市,530300,50992,28486
2021,云南省,530000,曲靖市,530300,70107,51802
2022,云南省,530000,曲靖市,530300,101823,71969
2023,云南省,530000,曲靖市,530300,30541,17656
2000,云南省,530000,玉溪市,530400,17644,16324
2001,云南省,530000,玉溪市,530400,5515,4440
2002,云南省,530000,玉溪市,530400,7205,5954
2003,云南省,530000,玉溪市,530400,10395,8411
2004,云南省,530000,玉溪市,530400,13575,11844
2005,云南省,530000,玉溪市,530400,8717,7320
2006,云南省,530000,玉溪市,530400,9242,7613
2007,云南省,530000,玉溪市,530400,9970,8310
2008,云南省,530000,玉溪市,530400,12065,10445
2009,云南省,530000,玉溪市,530400,16148,14646
2010,云南省,530000,玉溪市,530400,19493,17835
2011,云南省,530000,玉溪市,530400,24937,22905
2012,云南省,530000,玉溪市,530400,26568,24532
2013,云南省,530000,玉溪市,530400,24876,22517
2014,云南省,530000,玉溪市,530400,25399,20164
2015,云南省,530000,玉溪市,530400,29434,21469
2016,云南省,530000,玉溪市,530400,31061,23218
2017,云南省,530000,玉溪市,530400,30754,23373
2018,云南省,530000,玉溪市,530400,32332,21599
2019,云南省,530000,玉溪市,530400,34610,21635
2020,云南省,530000,玉溪市,530400,37237,25269
2021,云南省,530000,玉溪市,530400,32279,26669
2022,云南省,530000,玉溪市,530400,49745,40102
2023,云南省,530000,玉溪市,530400,15246,11924
2000,云南省,530000,保山市,530500,14041,13142
2001,云南省,530000,保山市,530500,3976,3034
2002,云南省,530000,保山市,530500,4135,3264
2003,云南省,530000,保山市,530500,5855,4992
2004,云南省,530000,保山市,530500,10694,9765
2005,云南省,530000,保山市,530500,6072,5254
2006,云南省,530000,保山市,530500,5961,5104
2007,云南省,530000,保山市,530500,6843,6047
2008,云南省,530000,保山市,530500,11674,10754
2009,云南省,530000,保山市,530500,10298,8972
2010,云南省,530000,保山市,530500,10016,9012
2011,云南省,530000,保山市,530500,12496,11130
2012,云南省,530000,保山市,530500,12334,11012
2013,云南省,530000,保山市,530500,13498,11938
2014,云南省,530000,保山市,530500,14538,11318
2015,云南省,530000,保山市,530500,19004,14229
2016,云南省,530000,保山市,530500,22200,16293
2017,云南省,530000,保山市,530500,26695,20680
2018,云南省,530000,保山市,530500,22965,15026
2019,云南省,530000,保山市,530500,25232,15290
2020,云南省,530000,保山市,530500,25358,15901
2021,云南省,530000,保山市,530500,24959,20225
2022,云南省,530000,保山市,530500,36955,29509
2023,云南省,530000,保山市,530500,8899,6495
2000,云南省,530000,昭通市,530600,15935,15127
2001,云南省,530000,昭通市,530600,3154,2711
2002,云南省,530000,昭通市,530600,3718,3098
2003,云南省,530000,昭通市,530600,6207,5248
2004,云南省,530000,昭通市,530600,19047,17506
2005,云南省,530000,昭通市,530600,7337,6164
2006,云南省,530000,昭通市,530600,8190,7116
2007,云南省,530000,昭通市,530600,11813,10556
2008,云南省,530000,昭通市,530600,19227,17966
2009,云南省,530000,昭通市,530600,18110,16758
2010,云南省,530000,昭通市,530600,17167,15832
2011,云南省,530000,昭通市,530600,19894,18352
2012,云南省,530000,昭通市,530600,20731,18879
2013,云南省,530000,昭通市,530600,19838,17633
2014,云南省,530000,昭通市,530600,20383,16488
2015,云南省,530000,昭通市,530600,29973,23311
2016,云南省,530000,昭通市,530600,31007,23199
2017,云南省,530000,昭通市,530600,41013,32984
2018,云南省,530000,昭通市,530600,39392,26768
2019,云南省,530000,昭通市,530600,48226,32531
2020,云南省,530000,昭通市,530600,52026,37450
2021,云南省,530000,昭通市,530600,51745,42412
2022,云南省,530000,昭通市,530600,57519,47223
2023,云南省,530000,昭通市,530600,25061,19978
2000,云南省,530000,丽江市,530700,633,473
2001,云南省,530000,丽江市,530700,426,226
2002,云南省,530000,丽江市,530700,336,165
2003,云南省,530000,丽江市,530700,583,236
2004,云南省,530000,丽江市,530700,1377,846
2005,云南省,530000,丽江市,530700,704,244
2006,云南省,530000,丽江市,530700,706,262
2007,云南省,530000,丽江市,530700,7519,6715
2008,云南省,530000,丽江市,530700,10155,9106
2009,云南省,530000,丽江市,530700,8709,7744
2010,云南省,530000,丽江市,530700,8169,7141
2011,云南省,530000,丽江市,530700,8809,7423
2012,云南省,530000,丽江市,530700,9390,7944
2013,云南省,530000,丽江市,530700,10070,8259
2014,云南省,530000,丽江市,530700,11363,8611
2015,云南省,530000,丽江市,530700,14014,10041
2016,云南省,530000,丽江市,530700,14431,9927
2017,云南省,530000,丽江市,530700,19532,14724
2018,云南省,530000,丽江市,530700,18499,12670
2019,云南省,530000,丽江市,530700,22018,15096
2020,云南省,530000,丽江市,530700,24511,18118
2021,云南省,530000,丽江市,530700,23628,19336
2022,云南省,530000,丽江市,530700,26432,21361
2023,云南省,530000,丽江市,530700,8099,5968
2000,云南省,530000,普洱市,530800,12640,11684
2001,云南省,530000,普洱市,530800,3893,3115
2002,云南省,530000,普洱市,530800,6417,4847
2003,云南省,530000,普洱市,530800,5069,3997
2004,云南省,530000,普洱市,530800,10557,9331
2005,云南省,530000,普洱市,530800,6139,5031
2006,云南省,530000,普洱市,530800,6942,5757
2007,云南省,530000,普洱市,530800,7243,6296
2008,云南省,530000,普洱市,530800,12239,11247
2009,云南省,530000,普洱市,530800,14709,13520
2010,云南省,530000,普洱市,530800,16027,14561
2011,云南省,530000,普洱市,530800,22645,20861
2012,云南省,530000,普洱市,530800,27266,25006
2013,云南省,530000,普洱市,530800,17910,15671
2014,云南省,530000,普洱市,530800,24265,19974
2015,云南省,530000,普洱市,530800,27180,22066
2016,云南省,530000,普洱市,530800,30812,24655
2017,云南省,530000,普洱市,530800,37320,31149
2018,云南省,530000,普洱市,530800,31247,22393
2019,云南省,530000,普洱市,530800,31044,22147
2020,云南省,530000,普洱市,530800,32854,24455
2021,云南省,530000,普洱市,530800,34619,29250
2022,云南省,530000,普洱市,530800,42952,32949
2023,云南省,530000,普洱市,530800,14551,11320
2000,云南省,530000,临沧市,530900,13691,12870
2001,云南省,530000,临沧市,530900,2624,2131
2002,云南省,530000,临沧市,530900,2677,2156
2003,云南省,530000,临沧市,530900,2719,2288
2004,云南省,530000,临沧市,530900,10628,9705
2005,云南省,530000,临沧市,530900,4122,3520
2006,云南省,530000,临沧市,530900,4804,4196
2007,云南省,530000,临沧市,530900,6641,5987
2008,云南省,530000,临沧市,530900,8753,8218
2009,云南省,530000,临沧市,530900,9064,8307
2010,云南省,530000,临沧市,530900,9736,8910
2011,云南省,530000,临沧市,530900,11331,10238
2012,云南省,530000,临沧市,530900,16394,15050
2013,云南省,530000,临沧市,530900,16360,14731
2014,云南省,530000,临沧市,530900,16790,13480
2015,云南省,530000,临沧市,530900,18935,14045
2016,云南省,530000,临沧市,530900,20329,14972
2017,云南省,530000,临沧市,530900,21116,15047
2018,云南省,530000,临沧市,530900,19129,14023
2019,云南省,530000,临沧市,530900,21235,15289
2020,云南省,530000,临沧市,530900,21259,15355
2021,云南省,530000,临沧市,530900,24183,19727
2022,云南省,530000,临沧市,530900,45000,31594
2023,云南省,530000,临沧市,530900,14476,10454
2000,云南省,530000,楚雄彝族自治州,532300,31723,28815
2001,云南省,530000,楚雄彝族自治州,532300,6759,5609
2002,云南省,530000,楚雄彝族自治州,532300,6894,5499
2003,云南省,530000,楚雄彝族自治州,532300,11172,9373
2004,云南省,530000,楚雄彝族自治州,532300,15807,13426
2005,云南省,530000,楚雄彝族自治州,532300,9639,8017
2006,云南省,530000,楚雄彝族自治州,532300,9527,7916
2007,云南省,530000,楚雄彝族自治州,532300,10087,8440
2008,云南省,530000,楚雄彝族自治州,532300,13685,12103
2009,云南省,530000,楚雄彝族自治州,532300,15265,13175
2010,云南省,530000,楚雄彝族自治州,532300,16855,14931
2011,云南省,530000,楚雄彝族自治州,532300,18071,15939
2012,云南省,530000,楚雄彝族自治州,532300,18912,16439
2013,云南省,530000,楚雄彝族自治州,532300,18614,15370
2014,云南省,530000,楚雄彝族自治州,532300,21023,14970
2015,云南省,530000,楚雄彝族自治州,532300,24236,16069
2016,云南省,530000,楚雄彝族自治州,532300,24546,16674
2017,云南省,530000,楚雄彝族自治州,532300,27060,18846
2018,云南省,530000,楚雄彝族自治州,532300,28716,17830
2019,云南省,530000,楚雄彝族自治州,532300,32143,22030
2020,云南省,530000,楚雄彝族自治州,532300,29787,20554
2021,云南省,530000,楚雄彝族自治州,532300,35550,28024
2022,云南省,530000,楚雄彝族自治州,532300,52304,37683
2023,云南省,530000,楚雄彝族自治州,532300,23918,17029
2000,云南省,530000,红河哈尼族彝族自治州,532500,15076,13640
2001,云南省,530000,红河哈尼族彝族自治州,532500,4385,3187
2002,云南省,530000,红河哈尼族彝族自治州,532500,14283,12812
2003,云南省,530000,红河哈尼族彝族自治州,532500,7902,6268
2004,云南省,530000,红河哈尼族彝族自治州,532500,25710,23574
2005,云南省,530000,红河哈尼族彝族自治州,532500,12603,10815
2006,云南省,530000,红河哈尼族彝族自治州,532500,12437,10496
2007,云南省,530000,红河哈尼族彝族自治州,532500,10870,9079
2008,云南省,530000,红河哈尼族彝族自治州,532500,25685,23809
2009,云南省,530000,红河哈尼族彝族自治州,532500,22716,20728
2010,云南省,530000,红河哈尼族彝族自治州,532500,19928,17852
2011,云南省,530000,红河哈尼族彝族自治州,532500,23693,21161
2012,云南省,530000,红河哈尼族彝族自治州,532500,26106,23502
2013,云南省,530000,红河哈尼族彝族自治州,532500,28127,24716
2014,云南省,530000,红河哈尼族彝族自治州,532500,31513,25061
2015,云南省,530000,红河哈尼族彝族自治州,532500,39979,31180
2016,云南省,530000,红河哈尼族彝族自治州,532500,38750,29322
2017,云南省,530000,红河哈尼族彝族自治州,532500,42336,33409
2018,云南省,530000,红河哈尼族彝族自治州,532500,38351,27481
2019,云南省,530000,红河哈尼族彝族自治州,532500,43067,29778
2020,云南省,530000,红河哈尼族彝族自治州,532500,46511,33393
2021,云南省,530000,红河哈尼族彝族自治州,532500,50657,41807
2022,云南省,530000,红河哈尼族彝族自治州,532500,83976,72056
2023,云南省,530000,红河哈尼族彝族自治州,532500,29023,24178
2000,云南省,530000,文山壮族苗族自治州,532600,16306,15335
2001,云南省,530000,文山壮族苗族自治州,532600,3995,3472
2002,云南省,530000,文山壮族苗族自治州,532600,4912,4254
2003,云南省,530000,文山壮族苗族自治州,532600,6383,5495
2004,云南省,530000,文山壮族苗族自治州,532600,10208,9187
2005,云南省,530000,文山壮族苗族自治州,532600,7408,6422
2006,云南省,530000,文山壮族苗族自治州,532600,7975,6978
2007,云南省,530000,文山壮族苗族自治州,532600,9424,8341
2008,云南省,530000,文山壮族苗族自治州,532600,12358,11330
2009,云南省,530000,文山壮族苗族自治州,532600,18305,16907
2010,云南省,530000,文山壮族苗族自治州,532600,15995,14671
2011,云南省,530000,文山壮族苗族自治州,532600,16159,14693
2012,云南省,530000,文山壮族苗族自治州,532600,18352,16620
2013,云南省,530000,文山壮族苗族自治州,532600,19760,17372
2014,云南省,530000,文山壮族苗族自治州,532600,20992,16877
2015,云南省,530000,文山壮族苗族自治州,532600,23952,18449
2016,云南省,530000,文山壮族苗族自治州,532600,25531,19317
2017,云南省,530000,文山壮族苗族自治州,532600,27869,21079
2018,云南省,530000,文山壮族苗族自治州,532600,28049,19458
2019,云南省,530000,文山壮族苗族自治州,532600,31751,20632
2020,云南省,530000,文山壮族苗族自治州,532600,32113,22610
2021,云南省,530000,文山壮族苗族自治州,532600,28371,21983
2022,云南省,530000,文山壮族苗族自治州,532600,42576,36361
2023,云南省,530000,文山壮族苗族自治州,532600,36030,32868
2000,云南省,530000,西双版纳傣族自治州,532800,5493,4847
2001,云南省,530000,西双版纳傣族自治州,532800,2309,1797
2002,云南省,530000,西双版纳傣族自治州,532800,2932,2337
2003,云南省,530000,西双版纳傣族自治州,532800,3289,2718
2004,云南省,530000,西双版纳傣族自治州,532800,4926,4177
2005,云南省,530000,西双版纳傣族自治州,532800,4277,3565
2006,云南省,530000,西双版纳傣族自治州,532800,4105,3349
2007,云南省,530000,西双版纳傣族自治州,532800,4198,3544
2008,云南省,530000,西双版纳傣族自治州,532800,6691,5787
2009,云南省,530000,西双版纳傣族自治州,532800,7810,6903
2010,云南省,530000,西双版纳傣族自治州,532800,8688,7654
2011,云南省,530000,西双版纳傣族自治州,532800,9339,7998
2012,云南省,530000,西双版纳傣族自治州,532800,11187,9660
2013,云南省,530000,西双版纳傣族自治州,532800,11897,10135
2014,云南省,530000,西双版纳傣族自治州,532800,12709,10002
2015,云南省,530000,西双版纳傣族自治州,532800,16618,12652
2016,云南省,530000,西双版纳傣族自治州,532800,16973,12931
2017,云南省,530000,西双版纳傣族自治州,532800,18635,13735
2018,云南省,530000,西双版纳傣族自治州,532800,19616,11449
2019,云南省,530000,西双版纳傣族自治州,532800,22478,11580
2020,云南省,530000,西双版纳傣族自治州,532800,20936,12356
2021,云南省,530000,西双版纳傣族自治州,532800,21109,15483
2022,云南省,530000,西双版纳傣族自治州,532800,24008,18476
2023,云南省,530000,西双版纳傣族自治州,532800,11306,7549
2000,云南省,530000,大理白族自治州,532900,34543,32976
2001,云南省,530000,大理白族自治州,532900,6282,5336
2002,云南省,530000,大理白族自治州,532900,7282,6189
2003,云南省,530000,大理白族自治州,532900,8119,6821
2004,云南省,530000,大理白族自治州,532900,16532,15202
2005,云南省,530000,大理白族自治州,532900,8311,7328
2006,云南省,530000,大理白族自治州,532900,8543,7363
2007,云南省,530000,大理白族自治州,532900,9420,8132
2008,云南省,530000,大理白族自治州,532900,13668,12405
2009,云南省,530000,大理白族自治州,532900,14409,12940
2010,云南省,530000,大理白族自治州,532900,14776,13092
2011,云南省,530000,大理白族自治州,532900,18094,15707
2012,云南省,530000,大理白族自治州,532900,20427,17927
2013,云南省,530000,大理白族自治州,532900,20651,17839
2014,云南省,530000,大理白族自治州,532900,24549,19157
2015,云南省,530000,大理白族自治州,532900,29319,21746
2016,云南省,530000,大理白族自治州,532900,33602,24625
2017,云南省,530000,大理白族自治州,532900,37426,28760
2018,云南省,530000,大理白族自治州,532900,36469,25252
2019,云南省,530000,大理白族自治州,532900,37707,25468
2020,云南省,530000,大理白族自治州,532900,37955,27857
2021,云南省,530000,大理白族自治州,532900,35546,27475
2022,云南省,530000,大理白族自治州,532900,57978,49071
2023,云南省,530000,大理白族自治州,532900,16391,12849
2000,云南省,530000,德宏傣族景颇族自治州,533100,7751,7173
2001,云南省,530000,德宏傣族景颇族自治州,533100,3977,3492
2002,云南省,530000,德宏傣族景颇族自治州,533100,4022,3371
2003,云南省,530000,德宏傣族景颇族自治州,533100,5358,4550
2004,云南省,530000,德宏傣族景颇族自治州,533100,9327,8353
2005,云南省,530000,德宏傣族景颇族自治州,533100,5511,4766
2006,云南省,530000,德宏傣族景颇族自治州,533100,5928,5200
2007,云南省,530000,德宏傣族景颇族自治州,533100,6248,5482
2008,云南省,530000,德宏傣族景颇族自治州,533100,8928,8079
2009,云南省,530000,德宏傣族景颇族自治州,533100,9464,8626
2010,云南省,530000,德宏傣族景颇族自治州,533100,9906,8910
2011,云南省,530000,德宏傣族景颇族自治州,533100,10118,8972
2012,云南省,530000,德宏傣族景颇族自治州,533100,13709,12436
2013,云南省,530000,德宏傣族景颇族自治州,533100,12091,10719
2014,云南省,530000,德宏傣族景颇族自治州,533100,12358,10438
2015,云南省,530000,德宏傣族景颇族自治州,533100,13840,11157
2016,云南省,530000,德宏傣族景颇族自治州,533100,18709,15431
2017,云南省,530000,德宏傣族景颇族自治州,533100,18593,15001
2018,云南省,530000,德宏傣族景颇族自治州,533100,19721,12488
2019,云南省,530000,德宏傣族景颇族自治州,533100,21291,11754
2020,云南省,530000,德宏傣族景颇族自治州,533100,21472,13650
2021,云南省,530000,德宏傣族景颇族自治州,533100,15487,12358
2022,云南省,530000,德宏傣族景颇族自治州,533100,25147,21640
2023,云南省,530000,德宏傣族景颇族自治州,533100,11037,8662
2000,云南省,530000,怒江傈僳族自治州,533300,143,54
2001,云南省,530000,怒江傈僳族自治州,533300,40,8
2002,云南省,530000,怒江傈僳族自治州,533300,59,3
2003,云南省,530000,怒江傈僳族自治州,533300,101,2
2004,云南省,530000,怒江傈僳族自治州,533300,260,83
2005,云南省,530000,怒江傈僳族自治州,533300,154,10
2006,云南省,530000,怒江傈僳族自治州,533300,242,75
2007,云南省,530000,怒江傈僳族自治州,533300,252,82
2008,云南省,530000,怒江傈僳族自治州,533300,4631,4352
2009,云南省,530000,怒江傈僳族自治州,533300,2558,2283
2010,云南省,530000,怒江傈僳族自治州,533300,2683,2315
2011,云南省,530000,怒江傈僳族自治州,533300,2951,2584
2012,云南省,530000,怒江傈僳族自治州,533300,3740,3267
2013,云南省,530000,怒江傈僳族自治州,533300,3556,3045
2014,云南省,530000,怒江傈僳族自治州,533300,3563,2740
2015,云南省,530000,怒江傈僳族自治州,533300,4687,3518
2016,云南省,530000,怒江傈僳族自治州,533300,4942,3648
2017,云南省,530000,怒江傈僳族自治州,533300,5365,4056
2018,云南省,530000,怒江傈僳族自治州,533300,5077,3759
2019,云南省,530000,怒江傈僳族自治州,533300,6582,4977
2020,云南省,530000,怒江傈僳族自治州,533300,7836,6388
2021,云南省,530000,怒江傈僳族自治州,533300,7693,5940
2022,云南省,530000,怒江傈僳族自治州,533300,7818,5768
2023,云南省,530000,怒江傈僳族自治州,533300,3833,3196
2000,云南省,530000,迪庆藏族自治州,533400,83,12
2001,云南省,530000,迪庆藏族自治州,533400,62,7
2002,云南省,530000,迪庆藏族自治州,533400,56,5
2003,云南省,530000,迪庆藏族自治州,533400,75,3
2004,云南省,530000,迪庆藏族自治州,533400,152,35
2005,云南省,530000,迪庆藏族自治州,533400,109,13
2006,云南省,530000,迪庆藏族自治州,533400,101,11
2007,云南省,530000,迪庆藏族自治州,533400,322,23
2008,云南省,530000,迪庆藏族自治州,533400,4380,3994
2009,云南省,530000,迪庆藏族自治州,533400,2512,2161
2010,云南省,530000,迪庆藏族自治州,533400,2632,2316
2011,云南省,530000,迪庆藏族自治州,533400,3137,2756
2012,云南省,530000,迪庆藏族自治州,533400,4882,4408
2013,云南省,530000,迪庆藏族自治州,533400,3991,3322
2014,云南省,530000,迪庆藏族自治州,533400,4524,3425
2015,云南省,530000,迪庆藏族自治州,533400,6222,4776
2016,云南省,530000,迪庆藏族自治州,533400,7619,5479
2017,云南省,530000,迪庆藏族自治州,533400,7468,5524
2018,云南省,530000,迪庆藏族自治州,533400,6529,4497
2019,云南省,530000,迪庆藏族自治州,533400,6518,4546
2020,云南省,530000,迪庆藏族自治州,533400,7254,4958
2021,云南省,530000,迪庆藏族自治州,533400,8040,5986
2022,云南省,530000,迪庆藏族自治州,533400,7997,6199
2023,云南省,530000,迪庆藏族自治州,533400,3790,2979
2000,西藏自治区,540000,拉萨市,540100,452,153
2001,西藏自治区,540000,拉萨市,540100,404,65
2002,西藏自治区,540000,拉萨市,540100,523,67
2003,西藏自治区,540000,拉萨市,540100,657,101
2004,西藏自治区,540000,拉萨市,540100,909,198
2005,西藏自治区,540000,拉萨市,540100,1107,261
2006,西藏自治区,540000,拉萨市,540100,2052,804
2007,西藏自治区,540000,拉萨市,540100,2547,1046
2008,西藏自治区,540000,拉萨市,540100,4870,2987
2009,西藏自治区,540000,拉萨市,540100,3565,2009
2010,西藏自治区,540000,拉萨市,540100,4927,3010
2011,西藏自治区,540000,拉萨市,540100,6577,4108
2012,西藏自治区,540000,拉萨市,540100,8834,5646
2013,西藏自治区,540000,拉萨市,540100,10462,6756
2014,西藏自治区,540000,拉萨市,540100,13552,8295
2015,西藏自治区,540000,拉萨市,540100,18707,10558
2016,西藏自治区,540000,拉萨市,540100,18789,8094
2017,西藏自治区,540000,拉萨市,540100,19684,9393
2018,西藏自治区,540000,拉萨市,540100,25676,14800
2019,西藏自治区,540000,拉萨市,540100,23889,13065
2020,西藏自治区,540000,拉萨市,540100,20496,11249
2021,西藏自治区,540000,拉萨市,540100,21075,14376
2022,西藏自治区,540000,拉萨市,540100,13348,9523
2023,西藏自治区,540000,拉萨市,540100,10273,7172
2000,西藏自治区,540000,日喀则市,540200,117,95
2001,西藏自治区,540000,日喀则市,540200,75,40
2002,西藏自治区,540000,日喀则市,540200,119,67
2003,西藏自治区,540000,日喀则市,540200,179,118
2004,西藏自治区,540000,日喀则市,540200,390,313
2005,西藏自治区,540000,日喀则市,540200,514,410
2006,西藏自治区,540000,日喀则市,540200,593,435
2007,西藏自治区,540000,日喀则市,540200,1088,920
2008,西藏自治区,540000,日喀则市,540200,1404,1229
2009,西藏自治区,540000,日喀则市,540200,1519,1329
2010,西藏自治区,540000,日喀则市,540200,2542,2243
2011,西藏自治区,540000,日喀则市,540200,3141,2652
2012,西藏自治区,540000,日喀则市,540200,3695,3033
2013,西藏自治区,540000,日喀则市,540200,5160,4236
2014,西藏自治区,540000,日喀则市,540200,6102,4914
2015,西藏自治区,540000,日喀则市,540200,7646,5960
2016,西藏自治区,540000,日喀则市,540200,8530,5564
2017,西藏自治区,540000,日喀则市,540200,9839,7368
2018,西藏自治区,540000,日喀则市,540200,9683,7353
2019,西藏自治区,540000,日喀则市,540200,21499,14109
2020,西藏自治区,540000,日喀则市,540200,12509,8661
2021,西藏自治区,540000,日喀则市,540200,12174,8838
2022,西藏自治区,540000,日喀则市,540200,9058,6884
2023,西藏自治区,540000,日喀则市,540200,5469,4273
2000,西藏自治区,540000,昌都市,540300,68,62
2001,西藏自治区,540000,昌都市,540300,76,66
2002,西藏自治区,540000,昌都市,540300,41,24
2003,西藏自治区,540000,昌都市,540300,62,44
2004,西藏自治区,540000,昌都市,540300,194,145
2005,西藏自治区,540000,昌都市,540300,229,187
2006,西藏自治区,540000,昌都市,540300,249,190
2007,西藏自治区,540000,昌都市,540300,341,255
2008,西藏自治区,540000,昌都市,540300,504,444
2009,西藏自治区,540000,昌都市,540300,1162,1057
2010,西藏自治区,540000,昌都市,540300,920,843
2011,西藏自治区,540000,昌都市,540300,1291,1169
2012,西藏自治区,540000,昌都市,540300,1782,1596
2013,西藏自治区,540000,昌都市,540300,2817,2553
2014,西藏自治区,540000,昌都市,540300,3605,3084
2015,西藏自治区,540000,昌都市,540300,5337,4429
2016,西藏自治区,540000,昌都市,540300,5286,4011
2017,西藏自治区,540000,昌都市,540300,6713,5264
2018,西藏自治区,540000,昌都市,540300,8380,6863
2019,西藏自治区,540000,昌都市,540300,8049,6854
2020,西藏自治区,540000,昌都市,540300,7462,6098
2021,西藏自治区,540000,昌都市,540300,7963,6629
2022,西藏自治区,540000,昌都市,540300,6868,5490
2023,西藏自治区,540000,昌都市,540300,3485,2949
2000,西藏自治区,540000,林芝市,540400,26,16
2001,西藏自治区,540000,林芝市,540400,35,12
2002,西藏自治区,540000,林芝市,540400,27,8
2003,西藏自治区,540000,林芝市,540400,60,20
2004,西藏自治区,540000,林芝市,540400,190,128
2005,西藏自治区,540000,林芝市,540400,166,107
2006,西藏自治区,540000,林芝市,540400,378,303
2007,西藏自治区,540000,林芝市,540400,379,286
2008,西藏自治区,540000,林芝市,540400,441,376
2009,西藏自治区,540000,林芝市,540400,607,485
2010,西藏自治区,540000,林芝市,540400,874,755
2011,西藏自治区,540000,林芝市,540400,1099,917
2012,西藏自治区,540000,林芝市,540400,1233,1004
2013,西藏自治区,540000,林芝市,540400,1616,1253
2014,西藏自治区,540000,林芝市,540400,2595,1923
2015,西藏自治区,540000,林芝市,540400,3477,2610
2016,西藏自治区,540000,林芝市,540400,3686,2720
2017,西藏自治区,540000,林芝市,540400,4145,3147
2018,西藏自治区,540000,林芝市,540400,4469,3236
2019,西藏自治区,540000,林芝市,540400,4877,3597
2020,西藏自治区,540000,林芝市,540400,4942,3389
2021,西藏自治区,540000,林芝市,540400,6115,4211
2022,西藏自治区,540000,林芝市,540400,4717,3350
2023,西藏自治区,540000,林芝市,540400,2744,2184
2000,西藏自治区,540000,山南市,540500,59,36
2001,西藏自治区,540000,山南市,540500,44,31
2002,西藏自治区,540000,山南市,540500,71,47
2003,西藏自治区,540000,山南市,540500,124,86
2004,西藏自治区,540000,山南市,540500,152,130
2005,西藏自治区,540000,山南市,540500,252,195
2006,西藏自治区,540000,山南市,540500,538,387
2007,西藏自治区,540000,山南市,540500,498,429
2008,西藏自治区,540000,山南市,540500,640,534
2009,西藏自治区,540000,山南市,540500,786,654
2010,西藏自治区,540000,山南市,540500,879,751
2011,西藏自治区,540000,山南市,540500,1585,1410
2012,西藏自治区,540000,山南市,540500,1619,1194
2013,西藏自治区,540000,山南市,540500,2533,1938
2014,西藏自治区,540000,山南市,540500,3569,3059
2015,西藏自治区,540000,山南市,540500,3641,2799
2016,西藏自治区,540000,山南市,540500,4225,3225
2017,西藏自治区,540000,山南市,540500,4266,3188
2018,西藏自治区,540000,山南市,540500,6377,5357
2019,西藏自治区,540000,山南市,540500,8397,7415
2020,西藏自治区,540000,山南市,540500,5334,4276
2021,西藏自治区,540000,山南市,540500,5806,4613
2022,西藏自治区,540000,山南市,540500,4980,4126
2023,西藏自治区,540000,山南市,540500,3545,3107
2000,西藏自治区,540000,那曲市,540600,33,21
2001,西藏自治区,540000,那曲市,540600,22,10
2002,西藏自治区,540000,那曲市,540600,29,18
2003,西藏自治区,540000,那曲市,540600,65,34
2004,西藏自治区,540000,那曲市,540600,90,42
2005,西藏自治区,540000,那曲市,540600,92,51
2006,西藏自治区,540000,那曲市,540600,159,115
2007,西藏自治区,540000,那曲市,540600,393,280
2008,西藏自治区,540000,那曲市,540600,341,278
2009,西藏自治区,540000,那曲市,540600,334,241
2010,西藏自治区,540000,那曲市,540600,601,485
2011,西藏自治区,540000,那曲市,540600,374,255
2012,西藏自治区,540000,那曲市,540600,916,779
2013,西藏自治区,540000,那曲市,540600,943,782
2014,西藏自治区,540000,那曲市,540600,1787,1479
2015,西藏自治区,540000,那曲市,540600,2758,2253
2016,西藏自治区,540000,那曲市,540600,3718,2849
2017,西藏自治区,540000,那曲市,540600,5591,4629
2018,西藏自治区,540000,那曲市,540600,6605,5189
2019,西藏自治区,540000,那曲市,540600,6054,5489
2020,西藏自治区,540000,那曲市,540600,6554,5982
2021,西藏自治区,540000,那曲市,540600,7552,6729
2022,西藏自治区,540000,那曲市,540600,4989,4372
2023,西藏自治区,540000,那曲市,540600,3267,2998
2000,西藏自治区,540000,阿里地区,542500,5,4
2001,西藏自治区,540000,阿里地区,542500,7,5
2002,西藏自治区,540000,阿里地区,542500,10,7
2003,西藏自治区,540000,阿里地区,542500,9,6
2004,西藏自治区,540000,阿里地区,542500,84,78
2005,西藏自治区,540000,阿里地区,542500,33,22
2006,西藏自治区,540000,阿里地区,542500,54,46
2007,西藏自治区,540000,阿里地区,542500,512,354
2008,西藏自治区,540000,阿里地区,542500,235,202
2009,西藏自治区,540000,阿里地区,542500,281,242
2010,西藏自治区,540000,阿里地区,542500,457,404
2011,西藏自治区,540000,阿里地区,542500,423,355
2012,西藏自治区,540000,阿里地区,542500,452,393
2013,西藏自治区,540000,阿里地区,542500,1292,1145
2014,西藏自治区,540000,阿里地区,542500,1091,927
2015,西藏自治区,540000,阿里地区,542500,1460,1326
2016,西藏自治区,540000,阿里地区,542500,1619,1339
2017,西藏自治区,540000,阿里地区,542500,1874,1573
2018,西藏自治区,540000,阿里地区,542500,2172,1806
2019,西藏自治区,540000,阿里地区,542500,2742,2275
2020,西藏自治区,540000,阿里地区,542500,3067,2476
2021,西藏自治区,540000,阿里地区,542500,3149,2594
2022,西藏自治区,540000,阿里地区,542500,1973,1703
2023,西藏自治区,540000,阿里地区,542500,1564,1457
2000,陕西省,610000,西安市,610100,15684,5518
2001,陕西省,610000,西安市,610100,13368,2619
2002,陕西省,610000,西安市,610100,16949,3190
2003,陕西省,610000,西安市,610100,32612,13288
2004,陕西省,610000,西安市,610100,48564,24119
2005,陕西省,610000,西安市,610100,47281,22739
2006,陕西省,610000,西安市,610100,50220,26580
2007,陕西省,610000,西安市,610100,49926,26589
2008,陕西省,610000,西安市,610100,56134,32177
2009,陕西省,610000,西安市,610100,64784,38084
2010,陕西省,610000,西安市,610100,65450,36775
2011,陕西省,610000,西安市,610100,73884,41210
2012,陕西省,610000,西安市,610100,72231,44056
2013,陕西省,610000,西安市,610100,77521,46937
2014,陕西省,610000,西安市,610100,104557,53557
2015,陕西省,610000,西安市,610100,120095,62529
2016,陕西省,610000,西安市,610100,142649,72240
2017,陕西省,610000,西安市,610100,229204,94891
2018,陕西省,610000,西安市,610100,393329,142705
2019,陕西省,610000,西安市,610100,708732,155048
2020,陕西省,610000,西安市,610100,277770,55693
2021,陕西省,610000,西安市,610100,159092,56694
2022,陕西省,610000,西安市,610100,143501,44060
2023,陕西省,610000,西安市,610100,63660,21055
2000,陕西省,610000,铜川市,610200,807,455
2001,陕西省,610000,铜川市,610200,662,401
2002,陕西省,610000,铜川市,610200,715,370
2003,陕西省,610000,铜川市,610200,1149,728
2004,陕西省,610000,铜川市,610200,1734,1171
2005,陕西省,610000,铜川市,610200,1682,1243
2006,陕西省,610000,铜川市,610200,1770,1306
2007,陕西省,610000,铜川市,610200,1760,1262
2008,陕西省,610000,铜川市,610200,2753,2102
2009,陕西省,610000,铜川市,610200,3695,2759
2010,陕西省,610000,铜川市,610200,3392,2452
2011,陕西省,610000,铜川市,610200,3683,2753
2012,陕西省,610000,铜川市,610200,5534,4292
2013,陕西省,610000,铜川市,610200,4840,3701
2014,陕西省,610000,铜川市,610200,5655,3760
2015,陕西省,610000,铜川市,610200,7631,5426
2016,陕西省,610000,铜川市,610200,6361,3886
2017,陕西省,610000,铜川市,610200,7136,4393
2018,陕西省,610000,铜川市,610200,24972,18523
2019,陕西省,610000,铜川市,610200,33614,23827
2020,陕西省,610000,铜川市,610200,21571,12967
2021,陕西省,610000,铜川市,610200,15350,7826
2022,陕西省,610000,铜川市,610200,7713,4228
2023,陕西省,610000,铜川市,610200,2732,2359
2000,陕西省,610000,宝鸡市,610300,5125,3351
2001,陕西省,610000,宝鸡市,610300,3816,1887
2002,陕西省,610000,宝鸡市,610300,4153,2220
2003,陕西省,610000,宝鸡市,610300,5904,3656
2004,陕西省,610000,宝鸡市,610300,13203,10635
2005,陕西省,610000,宝鸡市,610300,7201,5002
2006,陕西省,610000,宝鸡市,610300,9081,6642
2007,陕西省,610000,宝鸡市,610300,11059,8412
2008,陕西省,610000,宝鸡市,610300,15482,12690
2009,陕西省,610000,宝鸡市,610300,17083,13849
2010,陕西省,610000,宝鸡市,610300,17738,14207
2011,陕西省,610000,宝鸡市,610300,18136,14284
2012,陕西省,610000,宝鸡市,610300,20044,15393
2013,陕西省,610000,宝鸡市,610300,21294,16359
2014,陕西省,610000,宝鸡市,610300,28381,21125
2015,陕西省,610000,宝鸡市,610300,30858,22846
2016,陕西省,610000,宝鸡市,610300,30283,20952
2017,陕西省,610000,宝鸡市,610300,37226,25486
2018,陕西省,610000,宝鸡市,610300,44242,26942
2019,陕西省,610000,宝鸡市,610300,53237,27053
2020,陕西省,610000,宝鸡市,610300,38899,23766
2021,陕西省,610000,宝鸡市,610300,37220,26218
2022,陕西省,610000,宝鸡市,610300,40068,28449
2023,陕西省,610000,宝鸡市,610300,10028,7188
2000,陕西省,610000,咸阳市,610400,2523,1075
2001,陕西省,610000,咸阳市,610400,3641,1816
2002,陕西省,610000,咸阳市,610400,3093,1361
2003,陕西省,610000,咸阳市,610400,5234,3116
2004,陕西省,610000,咸阳市,610400,10558,8534
2005,陕西省,610000,咸阳市,610400,10026,8214
2006,陕西省,610000,咸阳市,610400,11182,9162
2007,陕西省,610000,咸阳市,610400,9323,7369
2008,陕西省,610000,咸阳市,610400,13944,11576
2009,陕西省,610000,咸阳市,610400,16685,14033
2010,陕西省,610000,咸阳市,610400,18218,14996
2011,陕西省,610000,咸阳市,610400,17332,13398
2012,陕西省,610000,咸阳市,610400,19731,15775
2013,陕西省,610000,咸阳市,610400,24116,19334
2014,陕西省,610000,咸阳市,610400,29704,21646
2015,陕西省,610000,咸阳市,610400,32935,24411
2016,陕西省,610000,咸阳市,610400,34948,24273
2017,陕西省,610000,咸阳市,610400,41257,27204
2018,陕西省,610000,咸阳市,610400,48192,30867
2019,陕西省,610000,咸阳市,610400,54112,30539
2020,陕西省,610000,咸阳市,610400,54656,27708
2021,陕西省,610000,咸阳市,610400,43769,25511
2022,陕西省,610000,咸阳市,610400,43844,24218
2023,陕西省,610000,咸阳市,610400,20584,14288
2000,陕西省,610000,渭南市,610500,1360,328
2001,陕西省,610000,渭南市,610500,1998,1027
2002,陕西省,610000,渭南市,610500,3018,1755
2003,陕西省,610000,渭南市,610500,4726,3206
2004,陕西省,610000,渭南市,610500,7279,5576
2005,陕西省,610000,渭南市,610500,8984,7382
2006,陕西省,610000,渭南市,610500,9430,7717
2007,陕西省,610000,渭南市,610500,20012,17440
2008,陕西省,610000,渭南市,610500,15344,12420
2009,陕西省,610000,渭南市,610500,21638,17878
2010,陕西省,610000,渭南市,610500,17049,13322
2011,陕西省,610000,渭南市,610500,19301,15070
2012,陕西省,610000,渭南市,610500,18918,14458
2013,陕西省,610000,渭南市,610500,23809,18798
2014,陕西省,610000,渭南市,610500,27190,19529
2015,陕西省,610000,渭南市,610500,32875,23976
2016,陕西省,610000,渭南市,610500,40115,29934
2017,陕西省,610000,渭南市,610500,44959,31526
2018,陕西省,610000,渭南市,610500,49649,31886
2019,陕西省,610000,渭南市,610500,48426,30335
2020,陕西省,610000,渭南市,610500,42685,24403
2021,陕西省,610000,渭南市,610500,40616,27883
2022,陕西省,610000,渭南市,610500,31540,20823
2023,陕西省,610000,渭南市,610500,13215,10549
2000,陕西省,610000,延安市,610600,1666,854
2001,陕西省,610000,延安市,610600,1440,639
2002,陕西省,610000,延安市,610600,2050,1049
2003,陕西省,610000,延安市,610600,4385,3108
2004,陕西省,610000,延安市,610600,6057,4565
2005,陕西省,610000,延安市,610600,5316,3994
2006,陕西省,610000,延安市,610600,7376,5778
2007,陕西省,610000,延安市,610600,11202,9297
2008,陕西省,610000,延安市,610600,9780,7976
2009,陕西省,610000,延安市,610600,13521,11622
2010,陕西省,610000,延安市,610600,12032,10126
2011,陕西省,610000,延安市,610600,13158,11157
2012,陕西省,610000,延安市,610600,13982,11550
2013,陕西省,610000,延安市,610600,14123,11548
2014,陕西省,610000,延安市,610600,18414,13470
2015,陕西省,610000,延安市,610600,27337,21170
2016,陕西省,610000,延安市,610600,28361,20895
2017,陕西省,610000,延安市,610600,31575,21730
2018,陕西省,610000,延安市,610600,42503,29986
2019,陕西省,610000,延安市,610600,48706,34256
2020,陕西省,610000,延安市,610600,44904,33712
2021,陕西省,610000,延安市,610600,39944,31574
2022,陕西省,610000,延安市,610600,28127,21245
2023,陕西省,610000,延安市,610600,10677,8506
2000,陕西省,610000,汉中市,610700,2592,1277
2001,陕西省,610000,汉中市,610700,3734,2351
2002,陕西省,610000,汉中市,610700,5604,4084
2003,陕西省,610000,汉中市,610700,7408,5574
2004,陕西省,610000,汉中市,610700,9852,7940
2005,陕西省,610000,汉中市,610700,11207,9422
2006,陕西省,610000,汉中市,610700,11924,10423
2007,陕西省,610000,汉中市,610700,11319,9823
2008,陕西省,610000,汉中市,610700,12698,11038
2009,陕西省,610000,汉中市,610700,20701,18346
2010,陕西省,610000,汉中市,610700,18910,16591
2011,陕西省,610000,汉中市,610700,16757,14178
2012,陕西省,610000,汉中市,610700,19041,16284
2013,陕西省,610000,汉中市,610700,20834,17802
2014,陕西省,610000,汉中市,610700,22967,18031
2015,陕西省,610000,汉中市,610700,24734,19237
2016,陕西省,610000,汉中市,610700,28989,21827
2017,陕西省,610000,汉中市,610700,32999,23123
2018,陕西省,610000,汉中市,610700,33270,22604
2019,陕西省,610000,汉中市,610700,32300,21394
2020,陕西省,610000,汉中市,610700,31146,20354
2021,陕西省,610000,汉中市,610700,34608,24330
2022,陕西省,610000,汉中市,610700,35143,26799
2023,陕西省,610000,汉中市,610700,16785,14481
2000,陕西省,610000,榆林市,610800,2560,1666
2001,陕西省,610000,榆林市,610800,1831,746
2002,陕西省,610000,榆林市,610800,2233,896
2003,陕西省,610000,榆林市,610800,7387,5735
2004,陕西省,610000,榆林市,610800,9204,7082
2005,陕西省,610000,榆林市,610800,8351,6437
2006,陕西省,610000,榆林市,610800,9887,7720
2007,陕西省,610000,榆林市,610800,14801,12010
2008,陕西省,610000,榆林市,610800,14514,11098
2009,陕西省,610000,榆林市,610800,20577,16652
2010,陕西省,610000,榆林市,610800,22731,18087
2011,陕西省,610000,榆林市,610800,24883,18817
2012,陕西省,610000,榆林市,610800,28647,21652
2013,陕西省,610000,榆林市,610800,28483,21426
2014,陕西省,610000,榆林市,610800,36315,25125
2015,陕西省,610000,榆林市,610800,42282,30499
2016,陕西省,610000,榆林市,610800,43604,30463
2017,陕西省,610000,榆林市,610800,47120,31427
2018,陕西省,610000,榆林市,610800,45338,26526
2019,陕西省,610000,榆林市,610800,50091,27389
2020,陕西省,610000,榆林市,610800,43065,23559
2021,陕西省,610000,榆林市,610800,44595,27877
2022,陕西省,610000,榆林市,610800,36865,22740
2023,陕西省,610000,榆林市,610800,15113,10893
2000,陕西省,610000,安康市,610900,1313,696
2001,陕西省,610000,安康市,610900,1440,638
2002,陕西省,610000,安康市,610900,1467,564
2003,陕西省,610000,安康市,610900,11655,10477
2004,陕西省,610000,安康市,610900,5139,4179
2005,陕西省,610000,安康市,610900,6737,5767
2006,陕西省,610000,安康市,610900,6778,5790
2007,陕西省,610000,安康市,610900,12176,11160
2008,陕西省,610000,安康市,610900,8251,6918
2009,陕西省,610000,安康市,610900,13173,11746
2010,陕西省,610000,安康市,610900,13568,12066
2011,陕西省,610000,安康市,610900,14758,12993
2012,陕西省,610000,安康市,610900,17268,15208
2013,陕西省,610000,安康市,610900,16498,13597
2014,陕西省,610000,安康市,610900,17842,13504
2015,陕西省,610000,安康市,610900,21512,16402
2016,陕西省,610000,安康市,610900,23035,15518
2017,陕西省,610000,安康市,610900,26852,18178
2018,陕西省,610000,安康市,610900,36026,21878
2019,陕西省,610000,安康市,610900,33749,20740
2020,陕西省,610000,安康市,610900,35714,25608
2021,陕西省,610000,安康市,610900,35550,28545
2022,陕西省,610000,安康市,610900,30921,23997
2023,陕西省,610000,安康市,610900,8486,6546
2000,陕西省,610000,商洛市,611000,1267,773
2001,陕西省,610000,商洛市,611000,1995,1412
2002,陕西省,610000,商洛市,611000,1687,1148
2003,陕西省,610000,商洛市,611000,2951,2268
2004,陕西省,610000,商洛市,611000,4362,3693
2005,陕西省,610000,商洛市,611000,4331,3748
2006,陕西省,610000,商洛市,611000,3914,3352
2007,陕西省,610000,商洛市,611000,4230,3575
2008,陕西省,610000,商洛市,611000,5063,4300
2009,陕西省,610000,商洛市,611000,7522,6590
2010,陕西省,610000,商洛市,611000,8409,7400
2011,陕西省,610000,商洛市,611000,8162,7090
2012,陕西省,610000,商洛市,611000,8305,7061
2013,陕西省,610000,商洛市,611000,9317,7886
2014,陕西省,610000,商洛市,611000,12136,9634
2015,陕西省,610000,商洛市,611000,14230,11200
2016,陕西省,610000,商洛市,611000,15652,10778
2017,陕西省,610000,商洛市,611000,15499,9920
2018,陕西省,610000,商洛市,611000,15248,10941
2019,陕西省,610000,商洛市,611000,15326,10905
2020,陕西省,610000,商洛市,611000,15768,10982
2021,陕西省,610000,商洛市,611000,14720,10104
2022,陕西省,610000,商洛市,611000,12977,9274
2023,陕西省,610000,商洛市,611000,5404,4281
2000,甘肃省,620000,兰州市,620100,11286,5790
2001,甘肃省,620000,兰州市,620100,9418,3746
2002,甘肃省,620000,兰州市,620100,10777,5149
2003,甘肃省,620000,兰州市,620100,16566,9503
2004,甘肃省,620000,兰州市,620100,19302,11971
2005,甘肃省,620000,兰州市,620100,16551,9643
2006,甘肃省,620000,兰州市,620100,17229,9959
2007,甘肃省,620000,兰州市,620100,23297,15654
2008,甘肃省,620000,兰州市,620100,21446,13739
2009,甘肃省,620000,兰州市,620100,24438,15410
2010,甘肃省,620000,兰州市,620100,24151,14793
2011,甘肃省,620000,兰州市,620100,33751,23069
2012,甘肃省,620000,兰州市,620100,27928,17536
2013,甘肃省,620000,兰州市,620100,34136,19553
2014,甘肃省,620000,兰州市,620100,50091,24017
2015,甘肃省,620000,兰州市,620100,49743,28101
2016,甘肃省,620000,兰州市,620100,53673,29718
2017,甘肃省,620000,兰州市,620100,58038,34169
2018,甘肃省,620000,兰州市,620100,50538,20102
2019,甘肃省,620000,兰州市,620100,51549,19305
2020,甘肃省,620000,兰州市,620100,45627,17598
2021,甘肃省,620000,兰州市,620100,47223,21387
2022,甘肃省,620000,兰州市,620100,35885,16526
2023,甘肃省,620000,兰州市,620100,21155,10083
2000,甘肃省,620000,嘉峪关市,620200,979,777
2001,甘肃省,620000,嘉峪关市,620200,551,360
2002,甘肃省,620000,嘉峪关市,620200,840,540
2003,甘肃省,620000,嘉峪关市,620200,1079,716
2004,甘肃省,620000,嘉峪关市,620200,1374,1021
2005,甘肃省,620000,嘉峪关市,620200,1563,1156
2006,甘肃省,620000,嘉峪关市,620200,1884,1475
2007,甘肃省,620000,嘉峪关市,620200,2803,2329
2008,甘肃省,620000,嘉峪关市,620200,2435,1875
2009,甘肃省,620000,嘉峪关市,620200,2780,2089
2010,甘肃省,620000,嘉峪关市,620200,2448,1686
2011,甘肃省,620000,嘉峪关市,620200,2499,1617
2012,甘肃省,620000,嘉峪关市,620200,2705,1546
2013,甘肃省,620000,嘉峪关市,620200,3301,1811
2014,甘肃省,620000,嘉峪关市,620200,3238,1516
2015,甘肃省,620000,嘉峪关市,620200,3675,1676
2016,甘肃省,620000,嘉峪关市,620200,3453,859
2017,甘肃省,620000,嘉峪关市,620200,3517,433
2018,甘肃省,620000,嘉峪关市,620200,3099,164
2019,甘肃省,620000,嘉峪关市,620200,4120,319
2020,甘肃省,620000,嘉峪关市,620200,2422,359
2021,甘肃省,620000,嘉峪关市,620200,551,476
2022,甘肃省,620000,嘉峪关市,620200,204,134
2023,甘肃省,620000,嘉峪关市,620200,103,80
2000,甘肃省,620000,金昌市,620300,717,436
2001,甘肃省,620000,金昌市,620300,823,536
2002,甘肃省,620000,金昌市,620300,1181,853
2003,甘肃省,620000,金昌市,620300,1892,1544
2004,甘肃省,620000,金昌市,620300,3364,3042
2005,甘肃省,620000,金昌市,620300,2752,2467
2006,甘肃省,620000,金昌市,620300,2883,2646
2007,甘肃省,620000,金昌市,620300,2638,2360
2008,甘肃省,620000,金昌市,620300,2759,2416
2009,甘肃省,620000,金昌市,620300,3080,2740
2010,甘肃省,620000,金昌市,620300,4231,3795
2011,甘肃省,620000,金昌市,620300,4321,3836
2012,甘肃省,620000,金昌市,620300,3732,3160
2013,甘肃省,620000,金昌市,620300,4368,3481
2014,甘肃省,620000,金昌市,620300,5181,3669
2015,甘肃省,620000,金昌市,620300,5438,4088
2016,甘肃省,620000,金昌市,620300,5594,3834
2017,甘肃省,620000,金昌市,620300,5884,4088
2018,甘肃省,620000,金昌市,620300,5489,3614
2019,甘肃省,620000,金昌市,620300,5279,3226
2020,甘肃省,620000,金昌市,620300,5886,3819
2021,甘肃省,620000,金昌市,620300,5717,4053
2022,甘肃省,620000,金昌市,620300,6088,4351
2023,甘肃省,620000,金昌市,620300,2552,1823
2000,甘肃省,620000,白银市,620400,2634,2261
2001,甘肃省,620000,白银市,620400,1593,1166
2002,甘肃省,620000,白银市,620400,3042,2428
2003,甘肃省,620000,白银市,620400,3823,3019
2004,甘肃省,620000,白银市,620400,5577,4789
2005,甘肃省,620000,白银市,620400,4407,3535
2006,甘肃省,620000,白银市,620400,6286,5381
2007,甘肃省,620000,白银市,620400,5194,4351
2008,甘肃省,620000,白银市,620400,7080,6153
2009,甘肃省,620000,白银市,620400,7335,5829
2010,甘肃省,620000,白银市,620400,8607,7020
2011,甘肃省,620000,白银市,620400,13331,11286
2012,甘肃省,620000,白银市,620400,10350,7790
2013,甘肃省,620000,白银市,620400,14310,10292
2014,甘肃省,620000,白银市,620400,15190,10499
2015,甘肃省,620000,白银市,620400,16905,11107
2016,甘肃省,620000,白银市,620400,17443,11171
2017,甘肃省,620000,白银市,620400,17797,11888
2018,甘肃省,620000,白银市,620400,17246,9620
2019,甘肃省,620000,白银市,620400,17681,9936
2020,甘肃省,620000,白银市,620400,17719,10902
2021,甘肃省,620000,白银市,620400,18224,12762
2022,甘肃省,620000,白银市,620400,13544,9491
2023,甘肃省,620000,白银市,620400,7335,5330
2000,甘肃省,620000,天水市,620500,2407,1828
2001,甘肃省,620000,天水市,620500,2013,1362
2002,甘肃省,620000,天水市,620500,2336,1601
2003,甘肃省,620000,天水市,620500,2850,1984
2004,甘肃省,620000,天水市,620500,6224,5385
2005,甘肃省,620000,天水市,620500,5395,4634
2006,甘肃省,620000,天水市,620500,7940,7139
2007,甘肃省,620000,天水市,620500,6798,5992
2008,甘肃省,620000,天水市,620500,5828,4881
2009,甘肃省,620000,天水市,620500,8151,7103
2010,甘肃省,620000,天水市,620500,8728,7508
2011,甘肃省,620000,天水市,620500,16848,14277
2012,甘肃省,620000,天水市,620500,11002,9201
2013,甘肃省,620000,天水市,620500,14039,11895
2014,甘肃省,620000,天水市,620500,13015,9699
2015,甘肃省,620000,天水市,620500,16863,11248
2016,甘肃省,620000,天水市,620500,18399,11402
2017,甘肃省,620000,天水市,620500,19011,12755
2018,甘肃省,620000,天水市,620500,22779,12114
2019,甘肃省,620000,天水市,620500,21166,11972
2020,甘肃省,620000,天水市,620500,22462,13591
2021,甘肃省,620000,天水市,620500,20822,14361
2022,甘肃省,620000,天水市,620500,18102,11783
2023,甘肃省,620000,天水市,620500,8750,6066
2000,甘肃省,620000,武威市,620600,9346,8679
2001,甘肃省,620000,武威市,620600,2921,2328
2002,甘肃省,620000,武威市,620600,3637,2836
2003,甘肃省,620000,武威市,620600,4412,3420
2004,甘肃省,620000,武威市,620600,5797,4766
2005,甘肃省,620000,武威市,620600,5183,4194
2006,甘肃省,620000,武威市,620600,5226,4525
2007,甘肃省,620000,武威市,620600,5965,5017
2008,甘肃省,620000,武威市,620600,6824,6027
2009,甘肃省,620000,武威市,620600,7825,6799
2010,甘肃省,620000,武威市,620600,8380,7234
2011,甘肃省,620000,武威市,620600,11397,10100
2012,甘肃省,620000,武威市,620600,9792,7840
2013,甘肃省,620000,武威市,620600,14577,10858
2014,甘肃省,620000,武威市,620600,15629,10417
2015,甘肃省,620000,武威市,620600,16937,12111
2016,甘肃省,620000,武威市,620600,20960,15562
2017,甘肃省,620000,武威市,620600,19891,14870
2018,甘肃省,620000,武威市,620600,18209,11053
2019,甘肃省,620000,武威市,620600,17059,9867
2020,甘肃省,620000,武威市,620600,18449,10214
2021,甘肃省,620000,武威市,620600,14929,9623
2022,甘肃省,620000,武威市,620600,12454,8631
2023,甘肃省,620000,武威市,620600,7510,5415
2000,甘肃省,620000,张掖市,620700,2943,2296
2001,甘肃省,620000,张掖市,620700,2717,1821
2002,甘肃省,620000,张掖市,620700,2309,1746
2003,甘肃省,620000,张掖市,620700,3868,2973
2004,甘肃省,620000,张掖市,620700,4674,3882
2005,甘肃省,620000,张掖市,620700,4166,3588
2006,甘肃省,620000,张掖市,620700,6034,5333
2007,甘肃省,620000,张掖市,620700,6092,5241
2008,甘肃省,620000,张掖市,620700,6316,5429
2009,甘肃省,620000,张掖市,620700,7721,6767
2010,甘肃省,620000,张掖市,620700,8689,7480
2011,甘肃省,620000,张掖市,620700,10214,8846
2012,甘肃省,620000,张掖市,620700,9925,8061
2013,甘肃省,620000,张掖市,620700,11922,8528
2014,甘肃省,620000,张掖市,620700,13286,8644
2015,甘肃省,620000,张掖市,620700,17541,11480
2016,甘肃省,620000,张掖市,620700,22981,15097
2017,甘肃省,620000,张掖市,620700,17515,10772
2018,甘肃省,620000,张掖市,620700,15097,8244
2019,甘肃省,620000,张掖市,620700,13644,6556
2020,甘肃省,620000,张掖市,620700,12957,6714
2021,甘肃省,620000,张掖市,620700,14110,9236
2022,甘肃省,620000,张掖市,620700,14714,9946
2023,甘肃省,620000,张掖市,620700,6767,4704
2000,甘肃省,620000,平凉市,620800,2072,1734
2001,甘肃省,620000,平凉市,620800,1605,1192
2002,甘肃省,620000,平凉市,620800,2466,2010
2003,甘肃省,620000,平凉市,620800,3104,2470
2004,甘肃省,620000,平凉市,620800,3974,3368
2005,甘肃省,620000,平凉市,620800,3822,3384
2006,甘肃省,620000,平凉市,620800,5664,5140
2007,甘肃省,620000,平凉市,620800,7442,6846
2008,甘肃省,620000,平凉市,620800,8812,8194
2009,甘肃省,620000,平凉市,620800,11075,10415
2010,甘肃省,620000,平凉市,620800,10032,9234
2011,甘肃省,620000,平凉市,620800,12499,10784
2012,甘肃省,620000,平凉市,620800,9683,8339
2013,甘肃省,620000,平凉市,620800,12429,10607
2014,甘肃省,620000,平凉市,620800,13158,10289
2015,甘肃省,620000,平凉市,620800,16809,12292
2016,甘肃省,620000,平凉市,620800,18845,13605
2017,甘肃省,620000,平凉市,620800,17166,11967
2018,甘肃省,620000,平凉市,620800,17442,11352
2019,甘肃省,620000,平凉市,620800,17124,11522
2020,甘肃省,620000,平凉市,620800,18371,12768
2021,甘肃省,620000,平凉市,620800,21527,16424
2022,甘肃省,620000,平凉市,620800,15403,11308
2023,甘肃省,620000,平凉市,620800,7585,5664
2000,甘肃省,620000,酒泉市,620900,4041,3199
2001,甘肃省,620000,酒泉市,620900,3810,2855
2002,甘肃省,620000,酒泉市,620900,4903,3824
2003,甘肃省,620000,酒泉市,620900,6801,5456
2004,甘肃省,620000,酒泉市,620900,8159,7165
2005,甘肃省,620000,酒泉市,620900,6859,6063
2006,甘肃省,620000,酒泉市,620900,7960,7038
2007,甘肃省,620000,酒泉市,620900,7754,6701
2008,甘肃省,620000,酒泉市,620900,7190,6181
2009,甘肃省,620000,酒泉市,620900,9187,8010
2010,甘肃省,620000,酒泉市,620900,8646,7226
2011,甘肃省,620000,酒泉市,620900,9813,8114
2012,甘肃省,620000,酒泉市,620900,10208,8489
2013,甘肃省,620000,酒泉市,620900,11410,9006
2014,甘肃省,620000,酒泉市,620900,12513,8779
2015,甘肃省,620000,酒泉市,620900,14855,10428
2016,甘肃省,620000,酒泉市,620900,16653,11275
2017,甘肃省,620000,酒泉市,620900,15579,10413
2018,甘肃省,620000,酒泉市,620900,17305,10918
2019,甘肃省,620000,酒泉市,620900,17024,10207
2020,甘肃省,620000,酒泉市,620900,17095,10637
2021,甘肃省,620000,酒泉市,620900,21960,16596
2022,甘肃省,620000,酒泉市,620900,17782,12935
2023,甘肃省,620000,酒泉市,620900,10686,7240
2000,甘肃省,620000,庆阳市,621000,3984,3626
2001,甘肃省,620000,庆阳市,621000,2037,1619
2002,甘肃省,620000,庆阳市,621000,3138,2410
2003,甘肃省,620000,庆阳市,621000,4076,3361
2004,甘肃省,620000,庆阳市,621000,6454,5834
2005,甘肃省,620000,庆阳市,621000,4151,3619
2006,甘肃省,620000,庆阳市,621000,6801,6271
2007,甘肃省,620000,庆阳市,621000,6979,6419
2008,甘肃省,620000,庆阳市,621000,7452,6710
2009,甘肃省,620000,庆阳市,621000,9460,8419
2010,甘肃省,620000,庆阳市,621000,11146,9840
2011,甘肃省,620000,庆阳市,621000,13727,12175
2012,甘肃省,620000,庆阳市,621000,9948,7974
2013,甘肃省,620000,庆阳市,621000,13439,9989
2014,甘肃省,620000,庆阳市,621000,16456,11505
2015,甘肃省,620000,庆阳市,621000,23048,15810
2016,甘肃省,620000,庆阳市,621000,24912,17030
2017,甘肃省,620000,庆阳市,621000,21101,14131
2018,甘肃省,620000,庆阳市,621000,23467,13725
2019,甘肃省,620000,庆阳市,621000,26164,15930
2020,甘肃省,620000,庆阳市,621000,19999,12317
2021,甘肃省,620000,庆阳市,621000,22192,15112
2022,甘肃省,620000,庆阳市,621000,18264,12608
2023,甘肃省,620000,庆阳市,621000,9163,6406
2000,甘肃省,620000,定西市,621100,3396,2901
2001,甘肃省,620000,定西市,621100,2003,1398
2002,甘肃省,620000,定西市,621100,2321,1810
2003,甘肃省,620000,定西市,621100,3444,2741
2004,甘肃省,620000,定西市,621100,6549,6010
2005,甘肃省,620000,定西市,621100,4473,3969
2006,甘肃省,620000,定西市,621100,5609,5098
2007,甘肃省,620000,定西市,621100,8649,8114
2008,甘肃省,620000,定西市,621100,6522,5800
2009,甘肃省,620000,定西市,621100,9708,8654
2010,甘肃省,620000,定西市,621100,11371,10033
2011,甘肃省,620000,定西市,621100,12626,11331
2012,甘肃省,620000,定西市,621100,10385,8031
2013,甘肃省,620000,定西市,621100,16404,12882
2014,甘肃省,620000,定西市,621100,16332,12173
2015,甘肃省,620000,定西市,621100,21647,15631
2016,甘肃省,620000,定西市,621100,24539,18010
2017,甘肃省,620000,定西市,621100,22478,16881
2018,甘肃省,620000,定西市,621100,23177,14611
2019,甘肃省,620000,定西市,621100,20209,13483
2020,甘肃省,620000,定西市,621100,24299,17562
2021,甘肃省,620000,定西市,621100,22301,16846
2022,甘肃省,620000,定西市,621100,22074,17110
2023,甘肃省,620000,定西市,621100,11831,9399
2000,甘肃省,620000,陇南市,621200,3537,3235
2001,甘肃省,620000,陇南市,621200,1812,1454
2002,甘肃省,620000,陇南市,621200,2257,1846
2003,甘肃省,620000,陇南市,621200,3019,2523
2004,甘肃省,620000,陇南市,621200,4411,3703
2005,甘肃省,620000,陇南市,621200,5164,4598
2006,甘肃省,620000,陇南市,621200,4060,3511
2007,甘肃省,620000,陇南市,621200,5264,4605
2008,甘肃省,620000,陇南市,621200,7771,7097
2009,甘肃省,620000,陇南市,621200,9325,8164
2010,甘肃省,620000,陇南市,621200,9880,8902
2011,甘肃省,620000,陇南市,621200,14418,13264
2012,甘肃省,620000,陇南市,621200,10847,8770
2013,甘肃省,620000,陇南市,621200,11459,8408
2014,甘肃省,620000,陇南市,621200,14412,11390
2015,甘肃省,620000,陇南市,621200,23423,18651
2016,甘肃省,620000,陇南市,621200,24272,14310
2017,甘肃省,620000,陇南市,621200,19323,12510
2018,甘肃省,620000,陇南市,621200,20140,11422
2019,甘肃省,620000,陇南市,621200,16961,11149
2020,甘肃省,620000,陇南市,621200,18305,12862
2021,甘肃省,620000,陇南市,621200,20015,15052
2022,甘肃省,620000,陇南市,621200,17037,12435
2023,甘肃省,620000,陇南市,621200,9500,7229
2000,甘肃省,620000,临夏回族自治州,622900,3707,3267
2001,甘肃省,620000,临夏回族自治州,622900,931,515
2002,甘肃省,620000,临夏回族自治州,622900,1468,1015
2003,甘肃省,620000,临夏回族自治州,622900,1780,1367
2004,甘肃省,620000,临夏回族自治州,622900,3508,2986
2005,甘肃省,620000,临夏回族自治州,622900,2899,2467
2006,甘肃省,620000,临夏回族自治州,622900,5518,4943
2007,甘肃省,620000,临夏回族自治州,622900,5006,4413
2008,甘肃省,620000,临夏回族自治州,622900,4772,4367
2009,甘肃省,620000,临夏回族自治州,622900,5095,4585
2010,甘肃省,620000,临夏回族自治州,622900,5172,4565
2011,甘肃省,620000,临夏回族自治州,622900,8556,7742
2012,甘肃省,620000,临夏回族自治州,622900,6134,5101
2013,甘肃省,620000,临夏回族自治州,622900,10225,8480
2014,甘肃省,620000,临夏回族自治州,622900,10301,8110
2015,甘肃省,620000,临夏回族自治州,622900,12793,10179
2016,甘肃省,620000,临夏回族自治州,622900,13280,9963
2017,甘肃省,620000,临夏回族自治州,622900,12958,9245
2018,甘肃省,620000,临夏回族自治州,622900,13661,8855
2019,甘肃省,620000,临夏回族自治州,622900,15738,11172
2020,甘肃省,620000,临夏回族自治州,622900,20459,14956
2021,甘肃省,620000,临夏回族自治州,622900,23218,18647
2022,甘肃省,620000,临夏回族自治州,622900,14918,11905
2023,甘肃省,620000,临夏回族自治州,622900,8245,6766
2000,甘肃省,620000,甘南藏族自治州,623000,874,761
2001,甘肃省,620000,甘南藏族自治州,623000,515,380
2002,甘肃省,620000,甘南藏族自治州,623000,644,536
2003,甘肃省,620000,甘南藏族自治州,623000,941,815
2004,甘肃省,620000,甘南藏族自治州,623000,1504,1280
2005,甘肃省,620000,甘南藏族自治州,623000,1486,1284
2006,甘肃省,620000,甘南藏族自治州,623000,1767,1548
2007,甘肃省,620000,甘南藏族自治州,623000,4701,4400
2008,甘肃省,620000,甘南藏族自治州,623000,1891,1661
2009,甘肃省,620000,甘南藏族自治州,623000,2593,2259
2010,甘肃省,620000,甘南藏族自治州,623000,2482,2155
2011,甘肃省,620000,甘南藏族自治州,623000,4061,3432
2012,甘肃省,620000,甘南藏族自治州,623000,3514,2518
2013,甘肃省,620000,甘南藏族自治州,623000,6398,3602
2014,甘肃省,620000,甘南藏族自治州,623000,5512,3423
2015,甘肃省,620000,甘南藏族自治州,623000,6872,4737
2016,甘肃省,620000,甘南藏族自治州,623000,7170,5163
2017,甘肃省,620000,甘南藏族自治州,623000,7960,5644
2018,甘肃省,620000,甘南藏族自治州,623000,7116,4759
2019,甘肃省,620000,甘南藏族自治州,623000,7277,5223
2020,甘肃省,620000,甘南藏族自治州,623000,8665,6206
2021,甘肃省,620000,甘南藏族自治州,623000,10324,8330
2022,甘肃省,620000,甘南藏族自治州,623000,8683,6875
2023,甘肃省,620000,甘南藏族自治州,623000,4582,3587
2000,青海省,630000,西宁市,630100,6606,3861
2001,青海省,630000,西宁市,630100,5419,2539
2002,青海省,630000,西宁市,630100,7355,4329
2003,青海省,630000,西宁市,630100,8587,5759
2004,青海省,630000,西宁市,630100,9164,6702
2005,青海省,630000,西宁市,630100,9577,7207
2006,青海省,630000,西宁市,630100,9524,7006
2007,青海省,630000,西宁市,630100,11033,8111
2008,青海省,630000,西宁市,630100,17758,14755
2009,青海省,630000,西宁市,630100,18058,14918
2010,青海省,630000,西宁市,630100,16508,12825
2011,青海省,630000,西宁市,630100,16385,12319
2012,青海省,630000,西宁市,630100,17736,13267
2013,青海省,630000,西宁市,630100,22620,17119
2014,青海省,630000,西宁市,630100,25313,16776
2015,青海省,630000,西宁市,630100,28517,19030
2016,青海省,630000,西宁市,630100,33506,19909
2017,青海省,630000,西宁市,630100,41600,28531
2018,青海省,630000,西宁市,630100,32603,17669
2019,青海省,630000,西宁市,630100,35390,18179
2020,青海省,630000,西宁市,630100,32135,17205
2021,青海省,630000,西宁市,630100,29157,18048
2022,青海省,630000,西宁市,630100,20466,12148
2023,青海省,630000,西宁市,630100,16099,10502
2000,青海省,630000,海东市,630200,715,256
2001,青海省,630000,海东市,630200,628,186
2002,青海省,630000,海东市,630200,600,245
2003,青海省,630000,海东市,630200,928,544
2004,青海省,630000,海东市,630200,2341,1814
2005,青海省,630000,海东市,630200,1981,1512
2006,青海省,630000,海东市,630200,3020,2388
2007,青海省,630000,海东市,630200,3988,3389
2008,青海省,630000,海东市,630200,4526,3879
2009,青海省,630000,海东市,630200,5798,4876
2010,青海省,630000,海东市,630200,6110,5086
2011,青海省,630000,海东市,630200,6097,4984
2012,青海省,630000,海东市,630200,8103,6602
2013,青海省,630000,海东市,630200,9054,7125
2014,青海省,630000,海东市,630200,12263,8335
2015,青海省,630000,海东市,630200,13224,8925
2016,青海省,630000,海东市,630200,14646,9506
2017,青海省,630000,海东市,630200,17265,12422
2018,青海省,630000,海东市,630200,16292,11968
2019,青海省,630000,海东市,630200,13781,9509
2020,青海省,630000,海东市,630200,14241,9519
2021,青海省,630000,海东市,630200,12934,8598
2022,青海省,630000,海东市,630200,8519,5920
2023,青海省,630000,海东市,630200,5265,3864
2000,青海省,630000,海北藏族自治州,632200,202,121
2001,青海省,630000,海北藏族自治州,632200,194,112
2002,青海省,630000,海北藏族自治州,632200,216,120
2003,青海省,630000,海北藏族自治州,632200,301,200
2004,青海省,630000,海北藏族自治州,632200,736,625
2005,青海省,630000,海北藏族自治州,632200,740,633
2006,青海省,630000,海北藏族自治州,632200,1139,961
2007,青海省,630000,海北藏族自治州,632200,1611,1444
2008,青海省,630000,海北藏族自治州,632200,1973,1805
2009,青海省,630000,海北藏族自治州,632200,1908,1658
2010,青海省,630000,海北藏族自治州,632200,2455,2007
2011,青海省,630000,海北藏族自治州,632200,2169,1796
2012,青海省,630000,海北藏族自治州,632200,2231,1853
2013,青海省,630000,海北藏族自治州,632200,2469,1985
2014,青海省,630000,海北藏族自治州,632200,2720,2084
2015,青海省,630000,海北藏族自治州,632200,3085,2382
2016,青海省,630000,海北藏族自治州,632200,4198,3122
2017,青海省,630000,海北藏族自治州,632200,4419,3613
2018,青海省,630000,海北藏族自治州,632200,4036,3381
2019,青海省,630000,海北藏族自治州,632200,3322,2705
2020,青海省,630000,海北藏族自治州,632200,2865,2329
2021,青海省,630000,海北藏族自治州,632200,2653,2165
2022,青海省,630000,海北藏族自治州,632200,2784,2245
2023,青海省,630000,海北藏族自治州,632200,1761,1415
2000,青海省,630000,黄南藏族自治州,632300,116,89
2001,青海省,630000,黄南藏族自治州,632300,102,51
2002,青海省,630000,黄南藏族自治州,632300,153,107
2003,青海省,630000,黄南藏族自治州,632300,254,201
2004,青海省,630000,黄南藏族自治州,632300,268,215
2005,青海省,630000,黄南藏族自治州,632300,472,420
2006,青海省,630000,黄南藏族自治州,632300,422,327
2007,青海省,630000,黄南藏族自治州,632300,598,504
2008,青海省,630000,黄南藏族自治州,632300,1383,1292
2009,青海省,630000,黄南藏族自治州,632300,1142,1004
2010,青海省,630000,黄南藏族自治州,632300,1351,1193
2011,青海省,630000,黄南藏族自治州,632300,1119,917
2012,青海省,630000,黄南藏族自治州,632300,1952,1618
2013,青海省,630000,黄南藏族自治州,632300,2370,1934
2014,青海省,630000,黄南藏族自治州,632300,3290,2645
2015,青海省,630000,黄南藏族自治州,632300,3378,2670
2016,青海省,630000,黄南藏族自治州,632300,2949,1959
2017,青海省,630000,黄南藏族自治州,632300,3153,1919
2018,青海省,630000,黄南藏族自治州,632300,3182,2369
2019,青海省,630000,黄南藏族自治州,632300,3392,2566
2020,青海省,630000,黄南藏族自治州,632300,3205,2488
2021,青海省,630000,黄南藏族自治州,632300,3356,2674
2022,青海省,630000,黄南藏族自治州,632300,2454,1924
2023,青海省,630000,黄南藏族自治州,632300,1415,1153
2000,青海省,630000,海南藏族自治州,632500,201,122
2001,青海省,630000,海南藏族自治州,632500,212,95
2002,青海省,630000,海南藏族自治州,632500,180,61
2003,青海省,630000,海南藏族自治州,632500,257,118
2004,青海省,630000,海南藏族自治州,632500,611,464
2005,青海省,630000,海南藏族自治州,632500,485,360
2006,青海省,630000,海南藏族自治州,632500,809,620
2007,青海省,630000,海南藏族自治州,632500,1172,1011
2008,青海省,630000,海南藏族自治州,632500,3341,3164
2009,青海省,630000,海南藏族自治州,632500,2155,1950
2010,青海省,630000,海南藏族自治州,632500,2728,2445
2011,青海省,630000,海南藏族自治州,632500,3000,2591
2012,青海省,630000,海南藏族自治州,632500,4090,3619
2013,青海省,630000,海南藏族自治州,632500,3729,3128
2014,青海省,630000,海南藏族自治州,632500,4777,4001
2015,青海省,630000,海南藏族自治州,632500,5631,4521
2016,青海省,630000,海南藏族自治州,632500,7143,5821
2017,青海省,630000,海南藏族自治州,632500,7917,6648
2018,青海省,630000,海南藏族自治州,632500,6366,5460
2019,青海省,630000,海南藏族自治州,632500,5998,5105
2020,青海省,630000,海南藏族自治州,632500,5758,4737
2021,青海省,630000,海南藏族自治州,632500,5570,4437
2022,青海省,630000,海南藏族自治州,632500,3736,2978
2023,青海省,630000,海南藏族自治州,632500,2341,1981
2000,青海省,630000,果洛藏族自治州,632600,62,43
2001,青海省,630000,果洛藏族自治州,632600,32,17
2002,青海省,630000,果洛藏族自治州,632600,50,29
2003,青海省,630000,果洛藏族自治州,632600,71,53
2004,青海省,630000,果洛藏族自治州,632600,100,73
2005,青海省,630000,果洛藏族自治州,632600,170,144
2006,青海省,630000,果洛藏族自治州,632600,260,226
2007,青海省,630000,果洛藏族自治州,632600,329,293
2008,青海省,630000,果洛藏族自治州,632600,603,580
2009,青海省,630000,果洛藏族自治州,632600,446,412
2010,青海省,630000,果洛藏族自治州,632600,491,407
2011,青海省,630000,果洛藏族自治州,632600,1002,856
2012,青海省,630000,果洛藏族自治州,632600,1448,1375
2013,青海省,630000,果洛藏族自治州,632600,1256,1145
2014,青海省,630000,果洛藏族自治州,632600,1825,1653
2015,青海省,630000,果洛藏族自治州,632600,2384,2047
2016,青海省,630000,果洛藏族自治州,632600,2032,1758
2017,青海省,630000,果洛藏族自治州,632600,2859,2576
2018,青海省,630000,果洛藏族自治州,632600,2291,2022
2019,青海省,630000,果洛藏族自治州,632600,2504,2240
2020,青海省,630000,果洛藏族自治州,632600,2759,2405
2021,青海省,630000,果洛藏族自治州,632600,2585,2173
2022,青海省,630000,果洛藏族自治州,632600,2070,1817
2023,青海省,630000,果洛藏族自治州,632600,738,643
2000,青海省,630000,玉树藏族自治州,632700,67,53
2001,青海省,630000,玉树藏族自治州,632700,58,41
2002,青海省,630000,玉树藏族自治州,632700,76,56
2003,青海省,630000,玉树藏族自治州,632700,94,78
2004,青海省,630000,玉树藏族自治州,632700,161,121
2005,青海省,630000,玉树藏族自治州,632700,257,221
2006,青海省,630000,玉树藏族自治州,632700,453,384
2007,青海省,630000,玉树藏族自治州,632700,450,393
2008,青海省,630000,玉树藏族自治州,632700,802,741
2009,青海省,630000,玉树藏族自治州,632700,731,655
2010,青海省,630000,玉树藏族自治州,632700,515,321
2011,青海省,630000,玉树藏族自治州,632700,551,266
2012,青海省,630000,玉树藏族自治州,632700,598,376
2013,青海省,630000,玉树藏族自治州,632700,2149,1933
2014,青海省,630000,玉树藏族自治州,632700,1617,1097
2015,青海省,630000,玉树藏族自治州,632700,3405,2690
2016,青海省,630000,玉树藏族自治州,632700,3100,2131
2017,青海省,630000,玉树藏族自治州,632700,3558,2740
2018,青海省,630000,玉树藏族自治州,632700,3098,2476
2019,青海省,630000,玉树藏族自治州,632700,3915,3280
2020,青海省,630000,玉树藏族自治州,632700,4015,3340
2021,青海省,630000,玉树藏族自治州,632700,3806,3004
2022,青海省,630000,玉树藏族自治州,632700,3098,2537
2023,青海省,630000,玉树藏族自治州,632700,1728,1407
2000,青海省,630000,海西蒙古族藏族自治州,632800,529,250
2001,青海省,630000,海西蒙古族藏族自治州,632800,673,304
2002,青海省,630000,海西蒙古族藏族自治州,632800,1098,729
2003,青海省,630000,海西蒙古族藏族自治州,632800,1335,908
2004,青海省,630000,海西蒙古族藏族自治州,632800,2095,1676
2005,青海省,630000,海西蒙古族藏族自治州,632800,1965,1533
2006,青海省,630000,海西蒙古族藏族自治州,632800,2830,2292
2007,青海省,630000,海西蒙古族藏族自治州,632800,3043,2375
2008,青海省,630000,海西蒙古族藏族自治州,632800,5369,4714
2009,青海省,630000,海西蒙古族藏族自治州,632800,4525,3843
2010,青海省,630000,海西蒙古族藏族自治州,632800,3784,3007
2011,青海省,630000,海西蒙古族藏族自治州,632800,4653,3732
2012,青海省,630000,海西蒙古族藏族自治州,632800,5154,4255
2013,青海省,630000,海西蒙古族藏族自治州,632800,5256,4274
2014,青海省,630000,海西蒙古族藏族自治州,632800,5866,4192
2015,青海省,630000,海西蒙古族藏族自治州,632800,7913,6127
2016,青海省,630000,海西蒙古族藏族自治州,632800,8306,6148
2017,青海省,630000,海西蒙古族藏族自治州,632800,10871,8449
2018,青海省,630000,海西蒙古族藏族自治州,632800,7545,5033
2019,青海省,630000,海西蒙古族藏族自治州,632800,7687,5214
2020,青海省,630000,海西蒙古族藏族自治州,632800,7094,4719
2021,青海省,630000,海西蒙古族藏族自治州,632800,6638,4636
2022,青海省,630000,海西蒙古族藏族自治州,632800,5189,3675
2023,青海省,630000,海西蒙古族藏族自治州,632800,3033,2156
2000,宁夏回族自治区,640000,银川市,640100,4855,1328
2001,宁夏回族自治区,640000,银川市,640100,4260,747
2002,宁夏回族自治区,640000,银川市,640100,4381,880
2003,宁夏回族自治区,640000,银川市,640100,7560,2172
2004,宁夏回族自治区,640000,银川市,640100,13139,6349
2005,宁夏回族自治区,640000,银川市,640100,11684,4717
2006,宁夏回族自治区,640000,银川市,640100,10785,4435
2007,宁夏回族自治区,640000,银川市,640100,16108,8354
2008,宁夏回族自治区,640000,银川市,640100,17739,10271
2009,宁夏回族自治区,640000,银川市,640100,22080,13490
2010,宁夏回族自治区,640000,银川市,640100,21550,12621
2011,宁夏回族自治区,640000,银川市,640100,21806,13451
2012,宁夏回族自治区,640000,银川市,640100,25957,17311
2013,宁夏回族自治区,640000,银川市,640100,28696,19812
2014,宁夏回族自治区,640000,银川市,640100,35594,22018
2015,宁夏回族自治区,640000,银川市,640100,44026,25942
2016,宁夏回族自治区,640000,银川市,640100,37685,16879
2017,宁夏回族自治区,640000,银川市,640100,41494,16700
2018,宁夏回族自治区,640000,银川市,640100,46527,20802
2019,宁夏回族自治区,640000,银川市,640100,50849,23164
2020,宁夏回族自治区,640000,银川市,640100,43179,20114
2021,宁夏回族自治区,640000,银川市,640100,45318,25266
2022,宁夏回族自治区,640000,银川市,640100,45403,26801
2023,宁夏回族自治区,640000,银川市,640100,23549,13735
2000,宁夏回族自治区,640000,石嘴山市,640200,2171,1137
2001,宁夏回族自治区,640000,石嘴山市,640200,1489,475
2002,宁夏回族自治区,640000,石嘴山市,640200,1774,802
2003,宁夏回族自治区,640000,石嘴山市,640200,3001,1412
2004,宁夏回族自治区,640000,石嘴山市,640200,5588,3181
2005,宁夏回族自治区,640000,石嘴山市,640200,4054,1886
2006,宁夏回族自治区,640000,石嘴山市,640200,4174,2287
2007,宁夏回族自治区,640000,石嘴山市,640200,4917,2894
2008,宁夏回族自治区,640000,石嘴山市,640200,5980,3963
2009,宁夏回族自治区,640000,石嘴山市,640200,7421,5196
2010,宁夏回族自治区,640000,石嘴山市,640200,8527,6304
2011,宁夏回族自治区,640000,石嘴山市,640200,6760,4942
2012,宁夏回族自治区,640000,石嘴山市,640200,8132,6451
2013,宁夏回族自治区,640000,石嘴山市,640200,8086,6161
2014,宁夏回族自治区,640000,石嘴山市,640200,9300,6984
2015,宁夏回族自治区,640000,石嘴山市,640200,8568,6290
2016,宁夏回族自治区,640000,石嘴山市,640200,7001,3926
2017,宁夏回族自治区,640000,石嘴山市,640200,8896,4966
2018,宁夏回族自治区,640000,石嘴山市,640200,10021,6595
2019,宁夏回族自治区,640000,石嘴山市,640200,10668,7197
2020,宁夏回族自治区,640000,石嘴山市,640200,9638,6674
2021,宁夏回族自治区,640000,石嘴山市,640200,9475,6795
2022,宁夏回族自治区,640000,石嘴山市,640200,8807,6486
2023,宁夏回族自治区,640000,石嘴山市,640200,4001,2985
2000,宁夏回族自治区,640000,吴忠市,640300,3303,2435
2001,宁夏回族自治区,640000,吴忠市,640300,1583,657
2002,宁夏回族自治区,640000,吴忠市,640300,1626,859
2003,宁夏回族自治区,640000,吴忠市,640300,2779,1674
2004,宁夏回族自治区,640000,吴忠市,640300,5890,4386
2005,宁夏回族自治区,640000,吴忠市,640300,5785,4207
2006,宁夏回族自治区,640000,吴忠市,640300,4633,3052
2007,宁夏回族自治区,640000,吴忠市,640300,6926,4724
2008,宁夏回族自治区,640000,吴忠市,640300,9328,6623
2009,宁夏回族自治区,640000,吴忠市,640300,11701,8385
2010,宁夏回族自治区,640000,吴忠市,640300,10888,8123
2011,宁夏回族自治区,640000,吴忠市,640300,10561,8209
2012,宁夏回族自治区,640000,吴忠市,640300,11130,8859
2013,宁夏回族自治区,640000,吴忠市,640300,12588,9969
2014,宁夏回族自治区,640000,吴忠市,640300,13535,10036
2015,宁夏回族自治区,640000,吴忠市,640300,15393,11052
2016,宁夏回族自治区,640000,吴忠市,640300,13209,7935
2017,宁夏回族自治区,640000,吴忠市,640300,15187,8632
2018,宁夏回族自治区,640000,吴忠市,640300,18857,12004
2019,宁夏回族自治区,640000,吴忠市,640300,19109,11586
2020,宁夏回族自治区,640000,吴忠市,640300,16510,10405
2021,宁夏回族自治区,640000,吴忠市,640300,17049,12438
2022,宁夏回族自治区,640000,吴忠市,640300,14630,10754
2023,宁夏回族自治区,640000,吴忠市,640300,8678,6807
2000,宁夏回族自治区,640000,固原市,640400,1416,975
2001,宁夏回族自治区,640000,固原市,640400,980,683
2002,宁夏回族自治区,640000,固原市,640400,1046,742
2003,宁夏回族自治区,640000,固原市,640400,1551,1018
2004,宁夏回族自治区,640000,固原市,640400,5424,4696
2005,宁夏回族自治区,640000,固原市,640400,3556,2817
2006,宁夏回族自治区,640000,固原市,640400,4500,3717
2007,宁夏回族自治区,640000,固原市,640400,6394,5410
2008,宁夏回族自治区,640000,固原市,640400,6217,4982
2009,宁夏回族自治区,640000,固原市,640400,8936,6957
2010,宁夏回族自治区,640000,固原市,640400,8101,6323
2011,宁夏回族自治区,640000,固原市,640400,8665,6791
2012,宁夏回族自治区,640000,固原市,640400,9878,7824
2013,宁夏回族自治区,640000,固原市,640400,9450,7286
2014,宁夏回族自治区,640000,固原市,640400,8563,5925
2015,宁夏回族自治区,640000,固原市,640400,10541,7384
2016,宁夏回族自治区,640000,固原市,640400,9662,5457
2017,宁夏回族自治区,640000,固原市,640400,10994,5788
2018,宁夏回族自治区,640000,固原市,640400,14407,9737
2019,宁夏回族自治区,640000,固原市,640400,12834,8528
2020,宁夏回族自治区,640000,固原市,640400,11903,7980
2021,宁夏回族自治区,640000,固原市,640400,11368,8334
2022,宁夏回族自治区,640000,固原市,640400,9024,6664
2023,宁夏回族自治区,640000,固原市,640400,6472,5152
2000,宁夏回族自治区,640000,中卫市,640500,1991,1496
2001,宁夏回族自治区,640000,中卫市,640500,755,377
2002,宁夏回族自治区,640000,中卫市,640500,738,348
2003,宁夏回族自治区,640000,中卫市,640500,1389,753
2004,宁夏回族自治区,640000,中卫市,640500,3265,2387
2005,宁夏回族自治区,640000,中卫市,640500,2787,1963
2006,宁夏回族自治区,640000,中卫市,640500,2310,1442
2007,宁夏回族自治区,640000,中卫市,640500,4965,3723
2008,宁夏回族自治区,640000,中卫市,640500,6755,4515
2009,宁夏回族自治区,640000,中卫市,640500,9142,6171
2010,宁夏回族自治区,640000,中卫市,640500,7851,5507
2011,宁夏回族自治区,640000,中卫市,640500,6913,4942
2012,宁夏回族自治区,640000,中卫市,640500,7538,5663
2013,宁夏回族自治区,640000,中卫市,640500,8051,6068
2014,宁夏回族自治区,640000,中卫市,640500,9616,6503
2015,宁夏回族自治区,640000,中卫市,640500,11491,7947
2016,宁夏回族自治区,640000,中卫市,640500,10351,6033
2017,宁夏回族自治区,640000,中卫市,640500,10339,6196
2018,宁夏回族自治区,640000,中卫市,640500,12202,8321
2019,宁夏回族自治区,640000,中卫市,640500,11476,7593
2020,宁夏回族自治区,640000,中卫市,640500,12416,8713
2021,宁夏回族自治区,640000,中卫市,640500,12711,9890
2022,宁夏回族自治区,640000,中卫市,640500,9403,7037
2023,宁夏回族自治区,640000,中卫市,640500,5785,4610
2000,新疆维吾尔自治区,650000,乌鲁木齐市,650100,9340,2767
2001,新疆维吾尔自治区,650000,乌鲁木齐市,650100,8383,1765
2002,新疆维吾尔自治区,650000,乌鲁木齐市,650100,12273,3139
2003,新疆维吾尔自治区,650000,乌鲁木齐市,650100,18822,6361
2004,新疆维吾尔自治区,650000,乌鲁木齐市,650100,23689,9105
2005,新疆维吾尔自治区,650000,乌鲁木齐市,650100,24336,10667
2006,新疆维吾尔自治区,650000,乌鲁木齐市,650100,27561,12259
2007,新疆维吾尔自治区,650000,乌鲁木齐市,650100,35278,21379
2008,新疆维吾尔自治区,650000,乌鲁木齐市,650100,37431,26740
2009,新疆维吾尔自治区,650000,乌鲁木齐市,650100,38430,27945
2010,新疆维吾尔自治区,650000,乌鲁木齐市,650100,32169,23474
2011,新疆维吾尔自治区,650000,乌鲁木齐市,650100,33726,23812
2012,新疆维吾尔自治区,650000,乌鲁木齐市,650100,41427,31057
2013,新疆维吾尔自治区,650000,乌鲁木齐市,650100,46062,34675
2014,新疆维吾尔自治区,650000,乌鲁木齐市,650100,47274,31823
2015,新疆维吾尔自治区,650000,乌鲁木齐市,650100,52161,34896
2016,新疆维吾尔自治区,650000,乌鲁木齐市,650100,55411,34272
2017,新疆维吾尔自治区,650000,乌鲁木齐市,650100,59735,37696
2018,新疆维吾尔自治区,650000,乌鲁木齐市,650100,56574,25686
2019,新疆维吾尔自治区,650000,乌鲁木齐市,650100,62610,23968
2020,新疆维吾尔自治区,650000,乌鲁木齐市,650100,53077,21458
2021,新疆维吾尔自治区,650000,乌鲁木齐市,650100,50737,26007
2022,新疆维吾尔自治区,650000,乌鲁木齐市,650100,32888,15456
2023,新疆维吾尔自治区,650000,乌鲁木齐市,650100,20631,10488
2000,新疆维吾尔自治区,650000,克拉玛依市,650200,463,165
2001,新疆维吾尔自治区,650000,克拉玛依市,650200,741,361
2002,新疆维吾尔自治区,650000,克拉玛依市,650200,1789,1165
2003,新疆维吾尔自治区,650000,克拉玛依市,650200,3789,2570
2004,新疆维吾尔自治区,650000,克拉玛依市,650200,3441,2088
2005,新疆维吾尔自治区,650000,克拉玛依市,650200,3202,1938
2006,新疆维吾尔自治区,650000,克拉玛依市,650200,3307,2075
2007,新疆维吾尔自治区,650000,克拉玛依市,650200,4365,3338
2008,新疆维吾尔自治区,650000,克拉玛依市,650200,4275,3390
2009,新疆维吾尔自治区,650000,克拉玛依市,650200,4543,3632
2010,新疆维吾尔自治区,650000,克拉玛依市,650200,4167,3425
2011,新疆维吾尔自治区,650000,克拉玛依市,650200,4648,3894
2012,新疆维吾尔自治区,650000,克拉玛依市,650200,4262,3525
2013,新疆维吾尔自治区,650000,克拉玛依市,650200,4222,3493
2014,新疆维吾尔自治区,650000,克拉玛依市,650200,4964,3814
2015,新疆维吾尔自治区,650000,克拉玛依市,650200,5223,3950
2016,新疆维吾尔自治区,650000,克拉玛依市,650200,6225,4606
2017,新疆维吾尔自治区,650000,克拉玛依市,650200,7305,5347
2018,新疆维吾尔自治区,650000,克拉玛依市,650200,5863,3879
2019,新疆维吾尔自治区,650000,克拉玛依市,650200,7211,4831
2020,新疆维吾尔自治区,650000,克拉玛依市,650200,6003,4096
2021,新疆维吾尔自治区,650000,克拉玛依市,650200,6364,4644
2022,新疆维吾尔自治区,650000,克拉玛依市,650200,4541,3202
2023,新疆维吾尔自治区,650000,克拉玛依市,650200,2294,1704
2000,新疆维吾尔自治区,650000,吐鲁番市,650400,380,68
2001,新疆维吾尔自治区,650000,吐鲁番市,650400,471,63
2002,新疆维吾尔自治区,650000,吐鲁番市,650400,663,249
2003,新疆维吾尔自治区,650000,吐鲁番市,650400,2463,1506
2004,新疆维吾尔自治区,650000,吐鲁番市,650400,2119,1189
2005,新疆维吾尔自治区,650000,吐鲁番市,650400,2582,1669
2006,新疆维吾尔自治区,650000,吐鲁番市,650400,3882,2640
2007,新疆维吾尔自治区,650000,吐鲁番市,650400,4432,3327
2008,新疆维吾尔自治区,650000,吐鲁番市,650400,5292,4151
2009,新疆维吾尔自治区,650000,吐鲁番市,650400,4805,3726
2010,新疆维吾尔自治区,650000,吐鲁番市,650400,4734,3836
2011,新疆维吾尔自治区,650000,吐鲁番市,650400,4688,3665
2012,新疆维吾尔自治区,650000,吐鲁番市,650400,4260,3374
2013,新疆维吾尔自治区,650000,吐鲁番市,650400,4837,3780
2014,新疆维吾尔自治区,650000,吐鲁番市,650400,4938,3487
2015,新疆维吾尔自治区,650000,吐鲁番市,650400,7242,5668
2016,新疆维吾尔自治区,650000,吐鲁番市,650400,7061,5266
2017,新疆维吾尔自治区,650000,吐鲁番市,650400,9066,7343
2018,新疆维吾尔自治区,650000,吐鲁番市,650400,7505,5688
2019,新疆维吾尔自治区,650000,吐鲁番市,650400,9021,6414
2020,新疆维吾尔自治区,650000,吐鲁番市,650400,6952,4874
2021,新疆维吾尔自治区,650000,吐鲁番市,650400,6233,4960
2022,新疆维吾尔自治区,650000,吐鲁番市,650400,4965,3924
2023,新疆维吾尔自治区,650000,吐鲁番市,650400,3058,2567
2000,新疆维吾尔自治区,650000,哈密市,650500,1436,771
2001,新疆维吾尔自治区,650000,哈密市,650500,1091,538
2002,新疆维吾尔自治区,650000,哈密市,650500,1580,733
2003,新疆维吾尔自治区,650000,哈密市,650500,1957,853
2004,新疆维吾尔自治区,650000,哈密市,650500,2460,1120
2005,新疆维吾尔自治区,650000,哈密市,650500,2414,1199
2006,新疆维吾尔自治区,650000,哈密市,650500,2581,1424
2007,新疆维吾尔自治区,650000,哈密市,650500,3391,2129
2008,新疆维吾尔自治区,650000,哈密市,650500,3660,2427
2009,新疆维吾尔自治区,650000,哈密市,650500,4845,3427
2010,新疆维吾尔自治区,650000,哈密市,650500,5396,3942
2011,新疆维吾尔自治区,650000,哈密市,650500,5261,3833
2012,新疆维吾尔自治区,650000,哈密市,650500,5842,4410
2013,新疆维吾尔自治区,650000,哈密市,650500,7123,5246
2014,新疆维吾尔自治区,650000,哈密市,650500,7232,4982
2015,新疆维吾尔自治区,650000,哈密市,650500,8203,5870
2016,新疆维吾尔自治区,650000,哈密市,650500,7657,4723
2017,新疆维吾尔自治区,650000,哈密市,650500,9246,5918
2018,新疆维吾尔自治区,650000,哈密市,650500,8808,4940
2019,新疆维吾尔自治区,650000,哈密市,650500,9099,5241
2020,新疆维吾尔自治区,650000,哈密市,650500,8839,5563
2021,新疆维吾尔自治区,650000,哈密市,650500,9199,6605
2022,新疆维吾尔自治区,650000,哈密市,650500,7507,5454
2023,新疆维吾尔自治区,650000,哈密市,650500,3934,3007
2000,新疆维吾尔自治区,650000,昌吉回族自治州,652300,2077,1156
2001,新疆维吾尔自治区,650000,昌吉回族自治州,652300,1719,686
2002,新疆维吾尔自治区,650000,昌吉回族自治州,652300,2594,1307
2003,新疆维吾尔自治区,650000,昌吉回族自治州,652300,4144,2416
2004,新疆维吾尔自治区,650000,昌吉回族自治州,652300,6367,4339
2005,新疆维吾尔自治区,650000,昌吉回族自治州,652300,6389,4157
2006,新疆维吾尔自治区,650000,昌吉回族自治州,652300,7570,5107
2007,新疆维吾尔自治区,650000,昌吉回族自治州,652300,9608,7599
2008,新疆维吾尔自治区,650000,昌吉回族自治州,652300,11450,9450
2009,新疆维吾尔自治区,650000,昌吉回族自治州,652300,11238,9173
2010,新疆维吾尔自治区,650000,昌吉回族自治州,652300,10236,8089
2011,新疆维吾尔自治区,650000,昌吉回族自治州,652300,11507,9290
2012,新疆维吾尔自治区,650000,昌吉回族自治州,652300,13264,10912
2013,新疆维吾尔自治区,650000,昌吉回族自治州,652300,13439,10404
2014,新疆维吾尔自治区,650000,昌吉回族自治州,652300,14042,10015
2015,新疆维吾尔自治区,650000,昌吉回族自治州,652300,18936,14790
2016,新疆维吾尔自治区,650000,昌吉回族自治州,652300,20057,14910
2017,新疆维吾尔自治区,650000,昌吉回族自治州,652300,22799,17125
2018,新疆维吾尔自治区,650000,昌吉回族自治州,652300,23726,17395
2019,新疆维吾尔自治区,650000,昌吉回族自治州,652300,23695,17336
2020,新疆维吾尔自治区,650000,昌吉回族自治州,652300,19336,13963
2021,新疆维吾尔自治区,650000,昌吉回族自治州,652300,19921,15200
2022,新疆维吾尔自治区,650000,昌吉回族自治州,652300,15474,11593
2023,新疆维吾尔自治区,650000,昌吉回族自治州,652300,8497,6545
2000,新疆维吾尔自治区,650000,博尔塔拉蒙古自治州,652700,801,404
2001,新疆维吾尔自治区,650000,博尔塔拉蒙古自治州,652700,734,411
2002,新疆维吾尔自治区,650000,博尔塔拉蒙古自治州,652700,1250,596
2003,新疆维吾尔自治区,650000,博尔塔拉蒙古自治州,652700,1970,1093
2004,新疆维吾尔自治区,650000,博尔塔拉蒙古自治州,652700,1905,1063
2005,新疆维吾尔自治区,650000,博尔塔拉蒙古自治州,652700,2257,1360
2006,新疆维吾尔自治区,650000,博尔塔拉蒙古自治州,652700,2507,1550
2007,新疆维吾尔自治区,650000,博尔塔拉蒙古自治州,652700,3050,2387
2008,新疆维吾尔自治区,650000,博尔塔拉蒙古自治州,652700,3389,2554
2009,新疆维吾尔自治区,650000,博尔塔拉蒙古自治州,652700,2909,2325
2010,新疆维吾尔自治区,650000,博尔塔拉蒙古自治州,652700,3171,2542
2011,新疆维吾尔自治区,650000,博尔塔拉蒙古自治州,652700,3484,2852
2012,新疆维吾尔自治区,650000,博尔塔拉蒙古自治州,652700,4272,3595
2013,新疆维吾尔自治区,650000,博尔塔拉蒙古自治州,652700,5301,4405
2014,新疆维吾尔自治区,650000,博尔塔拉蒙古自治州,652700,4848,3885
2015,新疆维吾尔自治区,650000,博尔塔拉蒙古自治州,652700,6125,4941
2016,新疆维吾尔自治区,650000,博尔塔拉蒙古自治州,652700,6516,4760
2017,新疆维吾尔自治区,650000,博尔塔拉蒙古自治州,652700,7228,4942
2018,新疆维吾尔自治区,650000,博尔塔拉蒙古自治州,652700,5545,3843
2019,新疆维吾尔自治区,650000,博尔塔拉蒙古自治州,652700,9563,6738
2020,新疆维吾尔自治区,650000,博尔塔拉蒙古自治州,652700,7036,4722
2021,新疆维吾尔自治区,650000,博尔塔拉蒙古自治州,652700,5710,4196
2022,新疆维吾尔自治区,650000,博尔塔拉蒙古自治州,652700,5311,3818
2023,新疆维吾尔自治区,650000,博尔塔拉蒙古自治州,652700,2609,2043
2000,新疆维吾尔自治区,650000,巴音郭楞蒙古自治州,652800,4567,3075
2001,新疆维吾尔自治区,650000,巴音郭楞蒙古自治州,652800,3221,1650
2002,新疆维吾尔自治区,650000,巴音郭楞蒙古自治州,652800,3682,2128
2003,新疆维吾尔自治区,650000,巴音郭楞蒙古自治州,652800,4816,2721
2004,新疆维吾尔自治区,650000,巴音郭楞蒙古自治州,652800,12394,9341
2005,新疆维吾尔自治区,650000,巴音郭楞蒙古自治州,652800,12559,9573
2006,新疆维吾尔自治区,650000,巴音郭楞蒙古自治州,652800,11983,8928
2007,新疆维吾尔自治区,650000,巴音郭楞蒙古自治州,652800,15381,12553
2008,新疆维吾尔自治区,650000,巴音郭楞蒙古自治州,652800,16064,12675
2009,新疆维吾尔自治区,650000,巴音郭楞蒙古自治州,652800,14893,11642
2010,新疆维吾尔自治区,650000,巴音郭楞蒙古自治州,652800,13831,10751
2011,新疆维吾尔自治区,650000,巴音郭楞蒙古自治州,652800,14476,11213
2012,新疆维吾尔自治区,650000,巴音郭楞蒙古自治州,652800,16272,13204
2013,新疆维吾尔自治区,650000,巴音郭楞蒙古自治州,652800,16582,13348
2014,新疆维吾尔自治区,650000,巴音郭楞蒙古自治州,652800,17292,13480
2015,新疆维吾尔自治区,650000,巴音郭楞蒙古自治州,652800,20136,16197
2016,新疆维吾尔自治区,650000,巴音郭楞蒙古自治州,652800,20048,15503
2017,新疆维吾尔自治区,650000,巴音郭楞蒙古自治州,652800,24307,19204
2018,新疆维吾尔自治区,650000,巴音郭楞蒙古自治州,652800,20332,13983
2019,新疆维吾尔自治区,650000,巴音郭楞蒙古自治州,652800,22291,14920
2020,新疆维吾尔自治区,650000,巴音郭楞蒙古自治州,652800,20086,13452
2021,新疆维吾尔自治区,650000,巴音郭楞蒙古自治州,652800,22085,15701
2022,新疆维吾尔自治区,650000,巴音郭楞蒙古自治州,652800,13490,9390
2023,新疆维吾尔自治区,650000,巴音郭楞蒙古自治州,652800,7995,5669
2000,新疆维吾尔自治区,650000,阿克苏地区,652900,2306,1256
2001,新疆维吾尔自治区,650000,阿克苏地区,652900,2423,1163
2002,新疆维吾尔自治区,650000,阿克苏地区,652900,3215,1596
2003,新疆维吾尔自治区,650000,阿克苏地区,652900,5925,3080
2004,新疆维吾尔自治区,650000,阿克苏地区,652900,9007,5181
2005,新疆维吾尔自治区,650000,阿克苏地区,652900,8720,4739
2006,新疆维吾尔自治区,650000,阿克苏地区,652900,9879,5484
2007,新疆维吾尔自治区,650000,阿克苏地区,652900,11586,8303
2008,新疆维吾尔自治区,650000,阿克苏地区,652900,13354,10717
2009,新疆维吾尔自治区,650000,阿克苏地区,652900,17076,14107
2010,新疆维吾尔自治区,650000,阿克苏地区,652900,14164,11579
2011,新疆维吾尔自治区,650000,阿克苏地区,652900,13627,11159
2012,新疆维吾尔自治区,650000,阿克苏地区,652900,13173,10740
2013,新疆维吾尔自治区,650000,阿克苏地区,652900,14199,11693
2014,新疆维吾尔自治区,650000,阿克苏地区,652900,13165,10128
2015,新疆维吾尔自治区,650000,阿克苏地区,652900,23635,19659
2016,新疆维吾尔自治区,650000,阿克苏地区,652900,27351,20889
2017,新疆维吾尔自治区,650000,阿克苏地区,652900,31056,24112
2018,新疆维吾尔自治区,650000,阿克苏地区,652900,27178,18228
2019,新疆维吾尔自治区,650000,阿克苏地区,652900,36258,24651
2020,新疆维吾尔自治区,650000,阿克苏地区,652900,36581,24572
2021,新疆维吾尔自治区,650000,阿克苏地区,652900,34770,26525
2022,新疆维吾尔自治区,650000,阿克苏地区,652900,25195,19074
2023,新疆维吾尔自治区,650000,阿克苏地区,652900,13642,10975
2000,新疆维吾尔自治区,650000,克孜勒苏柯尔克孜自治州,653000,81,21
2001,新疆维吾尔自治区,650000,克孜勒苏柯尔克孜自治州,653000,92,19
2002,新疆维吾尔自治区,650000,克孜勒苏柯尔克孜自治州,653000,157,47
2003,新疆维吾尔自治区,650000,克孜勒苏柯尔克孜自治州,653000,495,193
2004,新疆维吾尔自治区,650000,克孜勒苏柯尔克孜自治州,653000,2274,1295
2005,新疆维吾尔自治区,650000,克孜勒苏柯尔克孜自治州,653000,1129,497
2006,新疆维吾尔自治区,650000,克孜勒苏柯尔克孜自治州,653000,1378,735
2007,新疆维吾尔自治区,650000,克孜勒苏柯尔克孜自治州,653000,2210,1797
2008,新疆维吾尔自治区,650000,克孜勒苏柯尔克孜自治州,653000,2956,2546
2009,新疆维吾尔自治区,650000,克孜勒苏柯尔克孜自治州,653000,2926,2388
2010,新疆维吾尔自治区,650000,克孜勒苏柯尔克孜自治州,653000,2446,1933
2011,新疆维吾尔自治区,650000,克孜勒苏柯尔克孜自治州,653000,2185,1721
2012,新疆维吾尔自治区,650000,克孜勒苏柯尔克孜自治州,653000,2463,1934
2013,新疆维吾尔自治区,650000,克孜勒苏柯尔克孜自治州,653000,3450,2783
2014,新疆维吾尔自治区,650000,克孜勒苏柯尔克孜自治州,653000,3442,2337
2015,新疆维吾尔自治区,650000,克孜勒苏柯尔克孜自治州,653000,6436,5177
2016,新疆维吾尔自治区,650000,克孜勒苏柯尔克孜自治州,653000,5649,4129
2017,新疆维吾尔自治区,650000,克孜勒苏柯尔克孜自治州,653000,8720,6435
2018,新疆维吾尔自治区,650000,克孜勒苏柯尔克孜自治州,653000,7636,6163
2019,新疆维吾尔自治区,650000,克孜勒苏柯尔克孜自治州,653000,8718,7031
2020,新疆维吾尔自治区,650000,克孜勒苏柯尔克孜自治州,653000,7940,6222
2021,新疆维吾尔自治区,650000,克孜勒苏柯尔克孜自治州,653000,7454,6266
2022,新疆维吾尔自治区,650000,克孜勒苏柯尔克孜自治州,653000,4932,4017
2023,新疆维吾尔自治区,650000,克孜勒苏柯尔克孜自治州,653000,3025,2587
2000,新疆维吾尔自治区,650000,喀什地区,653100,4789,2397
2001,新疆维吾尔自治区,650000,喀什地区,653100,2079,676
2002,新疆维吾尔自治区,650000,喀什地区,653100,2358,884
2003,新疆维吾尔自治区,650000,喀什地区,653100,4097,1452
2004,新疆维吾尔自治区,650000,喀什地区,653100,14361,7798
2005,新疆维吾尔自治区,650000,喀什地区,653100,13488,7794
2006,新疆维吾尔自治区,650000,喀什地区,653100,12525,6372
2007,新疆维吾尔自治区,650000,喀什地区,653100,13596,9743
2008,新疆维吾尔自治区,650000,喀什地区,653100,23857,19882
2009,新疆维吾尔自治区,650000,喀什地区,653100,18491,15336
2010,新疆维吾尔自治区,650000,喀什地区,653100,15830,12960
2011,新疆维吾尔自治区,650000,喀什地区,653100,15477,12466
2012,新疆维吾尔自治区,650000,喀什地区,653100,16454,13474
2013,新疆维吾尔自治区,650000,喀什地区,653100,19603,16015
2014,新疆维吾尔自治区,650000,喀什地区,653100,16927,12908
2015,新疆维吾尔自治区,650000,喀什地区,653100,29450,23979
2016,新疆维吾尔自治区,650000,喀什地区,653100,29315,21809
2017,新疆维吾尔自治区,650000,喀什地区,653100,38674,29876
2018,新疆维吾尔自治区,650000,喀什地区,653100,49581,33338
2019,新疆维吾尔自治区,650000,喀什地区,653100,61273,43312
2020,新疆维吾尔自治区,650000,喀什地区,653100,69144,46598
2021,新疆维吾尔自治区,650000,喀什地区,653100,55228,43675
2022,新疆维吾尔自治区,650000,喀什地区,653100,35220,27162
2023,新疆维吾尔自治区,650000,喀什地区,653100,17191,13790
2000,新疆维吾尔自治区,650000,和田地区,653200,1490,1158
2001,新疆维吾尔自治区,650000,和田地区,653200,1095,839
2002,新疆维吾尔自治区,650000,和田地区,653200,1500,1044
2003,新疆维吾尔自治区,650000,和田地区,653200,3743,2650
2004,新疆维吾尔自治区,650000,和田地区,653200,8906,7169
2005,新疆维吾尔自治区,650000,和田地区,653200,5029,3571
2006,新疆维吾尔自治区,650000,和田地区,653200,5588,3745
2007,新疆维吾尔自治区,650000,和田地区,653200,5880,4409
2008,新疆维吾尔自治区,650000,和田地区,653200,9707,8450
2009,新疆维吾尔自治区,650000,和田地区,653200,8829,7527
2010,新疆维吾尔自治区,650000,和田地区,653200,7087,5827
2011,新疆维吾尔自治区,650000,和田地区,653200,6421,5205
2012,新疆维吾尔自治区,650000,和田地区,653200,7077,5683
2013,新疆维吾尔自治区,650000,和田地区,653200,8300,6648
2014,新疆维吾尔自治区,650000,和田地区,653200,8469,5829
2015,新疆维吾尔自治区,650000,和田地区,653200,16404,13259
2016,新疆维吾尔自治区,650000,和田地区,653200,18734,14502
2017,新疆维吾尔自治区,650000,和田地区,653200,22549,17470
2018,新疆维吾尔自治区,650000,和田地区,653200,25802,17772
2019,新疆维吾尔自治区,650000,和田地区,653200,46905,35493
2020,新疆维吾尔自治区,650000,和田地区,653200,40922,30511
2021,新疆维吾尔自治区,650000,和田地区,653200,41963,35686
2022,新疆维吾尔自治区,650000,和田地区,653200,24647,20729
2023,新疆维吾尔自治区,650000,和田地区,653200,12818,11116
2000,新疆维吾尔自治区,650000,伊犁哈萨克自治州,654000,4345,2196
2001,新疆维吾尔自治区,650000,伊犁哈萨克自治州,654000,2927,1195
2002,新疆维吾尔自治区,650000,伊犁哈萨克自治州,654000,4137,1995
2003,新疆维吾尔自治区,650000,伊犁哈萨克自治州,654000,6986,3739
2004,新疆维吾尔自治区,650000,伊犁哈萨克自治州,654000,9836,5827
2005,新疆维吾尔自治区,650000,伊犁哈萨克自治州,654000,9592,5937
2006,新疆维吾尔自治区,650000,伊犁哈萨克自治州,654000,11741,7638
2007,新疆维吾尔自治区,650000,伊犁哈萨克自治州,654000,14575,11234
2008,新疆维吾尔自治区,650000,伊犁哈萨克自治州,654000,15886,13089
2009,新疆维吾尔自治区,650000,伊犁哈萨克自治州,654000,16059,13476
2010,新疆维吾尔自治区,650000,伊犁哈萨克自治州,654000,13325,11050
2011,新疆维吾尔自治区,650000,伊犁哈萨克自治州,654000,15431,12867
2012,新疆维吾尔自治区,650000,伊犁哈萨克自治州,654000,17696,14894
2013,新疆维吾尔自治区,650000,伊犁哈萨克自治州,654000,20007,16964
2014,新疆维吾尔自治区,650000,伊犁哈萨克自治州,654000,22075,18103
2015,新疆维吾尔自治区,650000,伊犁哈萨克自治州,654000,30365,24904
2016,新疆维吾尔自治区,650000,伊犁哈萨克自治州,654000,31785,23637
2017,新疆维吾尔自治区,650000,伊犁哈萨克自治州,654000,45938,26662
2018,新疆维吾尔自治区,650000,伊犁哈萨克自治州,654000,29742,21610
2019,新疆维吾尔自治区,650000,伊犁哈萨克自治州,654000,36308,27086
2020,新疆维吾尔自治区,650000,伊犁哈萨克自治州,654000,33304,23693
2021,新疆维吾尔自治区,650000,伊犁哈萨克自治州,654000,26893,21326
2022,新疆维吾尔自治区,650000,伊犁哈萨克自治州,654000,20839,15862
2023,新疆维吾尔自治区,650000,伊犁哈萨克自治州,654000,13726,11380
2000,新疆维吾尔自治区,650000,塔城地区,654200,1426,835
2001,新疆维吾尔自治区,650000,塔城地区,654200,1369,735
2002,新疆维吾尔自治区,650000,塔城地区,654200,2553,1575
2003,新疆维吾尔自治区,650000,塔城地区,654200,3883,2447
2004,新疆维吾尔自治区,650000,塔城地区,654200,5608,3791
2005,新疆维吾尔自治区,650000,塔城地区,654200,5193,3355
2006,新疆维吾尔自治区,650000,塔城地区,654200,5400,3568
2007,新疆维吾尔自治区,650000,塔城地区,654200,6300,4732
2008,新疆维吾尔自治区,650000,塔城地区,654200,7301,5780
2009,新疆维吾尔自治区,650000,塔城地区,654200,7981,6147
2010,新疆维吾尔自治区,650000,塔城地区,654200,7752,6340
2011,新疆维吾尔自治区,650000,塔城地区,654200,7454,5926
2012,新疆维吾尔自治区,650000,塔城地区,654200,8989,7304
2013,新疆维吾尔自治区,650000,塔城地区,654200,10509,8262
2014,新疆维吾尔自治区,650000,塔城地区,654200,11186,8387
2015,新疆维吾尔自治区,650000,塔城地区,654200,12757,10330
2016,新疆维吾尔自治区,650000,塔城地区,654200,12960,10337
2017,新疆维吾尔自治区,650000,塔城地区,654200,14097,11021
2018,新疆维吾尔自治区,650000,塔城地区,654200,11595,9678
2019,新疆维吾尔自治区,650000,塔城地区,654200,12491,10246
2020,新疆维吾尔自治区,650000,塔城地区,654200,10313,8133
2021,新疆维吾尔自治区,650000,塔城地区,654200,13438,10909
2022,新疆维吾尔自治区,650000,塔城地区,654200,11880,9840
2023,新疆维吾尔自治区,650000,塔城地区,654200,7094,6323
2000,新疆维吾尔自治区,650000,阿勒泰地区,654300,629,266
2001,新疆维吾尔自治区,650000,阿勒泰地区,654300,496,137
2002,新疆维吾尔自治区,650000,阿勒泰地区,654300,757,325
2003,新疆维吾尔自治区,650000,阿勒泰地区,654300,1463,973
2004,新疆维吾尔自治区,650000,阿勒泰地区,654300,3276,2434
2005,新疆维吾尔自治区,650000,阿勒泰地区,654300,2982,2157
2006,新疆维吾尔自治区,650000,阿勒泰地区,654300,3066,2194
2007,新疆维吾尔自治区,650000,阿勒泰地区,654300,4730,3927
2008,新疆维吾尔自治区,650000,阿勒泰地区,654300,6255,5241
2009,新疆维吾尔自治区,650000,阿勒泰地区,654300,5850,5031
2010,新疆维吾尔自治区,650000,阿勒泰地区,654300,5459,4740
2011,新疆维吾尔自治区,650000,阿勒泰地区,654300,6024,5193
2012,新疆维吾尔自治区,650000,阿勒泰地区,654300,5873,4868
2013,新疆维吾尔自治区,650000,阿勒泰地区,654300,6107,4922
2014,新疆维吾尔自治区,650000,阿勒泰地区,654300,6205,5081
2015,新疆维吾尔自治区,650000,阿勒泰地区,654300,8468,7222
2016,新疆维吾尔自治区,650000,阿勒泰地区,654300,8561,7209
2017,新疆维吾尔自治区,650000,阿勒泰地区,654300,9438,7892
2018,新疆维吾尔自治区,650000,阿勒泰地区,654300,8649,7669
2019,新疆维吾尔自治区,650000,阿勒泰地区,654300,9052,7838
2020,新疆维吾尔自治区,650000,阿勒泰地区,654300,7830,6556
2021,新疆维吾尔自治区,650000,阿勒泰地区,654300,8976,7552
2022,新疆维吾尔自治区,650000,阿勒泰地区,654300,6232,5145
2023,新疆维吾尔自治区,650000,阿勒泰地区,654300,3307,2829
2000,新疆维吾尔自治区,650000,石河子市,659001,1777,891
2001,新疆维吾尔自治区,650000,石河子市,659001,1214,527
2002,新疆维吾尔自治区,650000,石河子市,659001,1384,645
2003,新疆维吾尔自治区,650000,石河子市,659001,2159,1145
2004,新疆维吾尔自治区,650000,石河子市,659001,3878,2564
2005,新疆维吾尔自治区,650000,石河子市,659001,2788,1731
2006,新疆维吾尔自治区,650000,石河子市,659001,3311,2264
2007,新疆维吾尔自治区,650000,石河子市,659001,3609,2741
2008,新疆维吾尔自治区,650000,石河子市,659001,3906,3019
2009,新疆维吾尔自治区,650000,石河子市,659001,5063,4333
2010,新疆维吾尔自治区,650000,石河子市,659001,4118,3542
2011,新疆维吾尔自治区,650000,石河子市,659001,4668,3900
2012,新疆维吾尔自治区,650000,石河子市,659001,5039,4312
2013,新疆维吾尔自治区,650000,石河子市,659001,5557,4626
2014,新疆维吾尔自治区,650000,石河子市,659001,6662,5236
2015,新疆维吾尔自治区,650000,石河子市,659001,7305,5812
2016,新疆维吾尔自治区,650000,石河子市,659001,7381,5663
2017,新疆维吾尔自治区,650000,石河子市,659001,8280,6518
2018,新疆维吾尔自治区,650000,石河子市,659001,6736,4007
2019,新疆维吾尔自治区,650000,石河子市,659001,7033,3793
2020,新疆维吾尔自治区,650000,石河子市,659001,5993,3446
2021,新疆维吾尔自治区,650000,石河子市,659001,5651,3945
2022,新疆维吾尔自治区,650000,石河子市,659001,3513,2371
2023,新疆维吾尔自治区,650000,石河子市,659001,2876,2324
2000,新疆维吾尔自治区,650000,阿拉尔市,659002,81,64
2001,新疆维吾尔自治区,650000,阿拉尔市,659002,60,38
2002,新疆维吾尔自治区,650000,阿拉尔市,659002,141,84
2003,新疆维吾尔自治区,650000,阿拉尔市,659002,305,230
2004,新疆维吾尔自治区,650000,阿拉尔市,659002,376,290
2005,新疆维吾尔自治区,650000,阿拉尔市,659002,398,298
2006,新疆维吾尔自治区,650000,阿拉尔市,659002,514,426
2007,新疆维吾尔自治区,650000,阿拉尔市,659002,627,509
2008,新疆维吾尔自治区,650000,阿拉尔市,659002,959,840
2009,新疆维吾尔自治区,650000,阿拉尔市,659002,792,669
2010,新疆维吾尔自治区,650000,阿拉尔市,659002,869,750
2011,新疆维吾尔自治区,650000,阿拉尔市,659002,1183,1028
2012,新疆维吾尔自治区,650000,阿拉尔市,659002,907,783
2013,新疆维吾尔自治区,650000,阿拉尔市,659002,1279,991
2014,新疆维吾尔自治区,650000,阿拉尔市,659002,1515,1086
2015,新疆维吾尔自治区,650000,阿拉尔市,659002,2041,1531
2016,新疆维吾尔自治区,650000,阿拉尔市,659002,2375,1568
2017,新疆维吾尔自治区,650000,阿拉尔市,659002,2597,1823
2018,新疆维吾尔自治区,650000,阿拉尔市,659002,2748,1787
2019,新疆维吾尔自治区,650000,阿拉尔市,659002,3014,1906
2020,新疆维吾尔自治区,650000,阿拉尔市,659002,3059,1899
2021,新疆维吾尔自治区,650000,阿拉尔市,659002,3539,2222
2022,新疆维吾尔自治区,650000,阿拉尔市,659002,4578,3016
2023,新疆维吾尔自治区,650000,阿拉尔市,659002,2023,1528
2000,新疆维吾尔自治区,650000,图木舒克市,659003,8,8
2001,新疆维吾尔自治区,650000,图木舒克市,659003,6,3
2002,新疆维吾尔自治区,650000,图木舒克市,659003,19,
2003,新疆维吾尔自治区,650000,图木舒克市,659003,22,16
2004,新疆维吾尔自治区,650000,图木舒克市,659003,676,509
2005,新疆维吾尔自治区,650000,图木舒克市,659003,415,265
2006,新疆维吾尔自治区,650000,图木舒克市,659003,377,260
2007,新疆维吾尔自治区,650000,图木舒克市,659003,187,136
2008,新疆维吾尔自治区,650000,图木舒克市,659003,484,444
2009,新疆维吾尔自治区,650000,图木舒克市,659003,1075,1022
2010,新疆维吾尔自治区,650000,图木舒克市,659003,431,394
2011,新疆维吾尔自治区,650000,图木舒克市,659003,456,404
2012,新疆维吾尔自治区,650000,图木舒克市,659003,624,545
2013,新疆维吾尔自治区,650000,图木舒克市,659003,751,634
2014,新疆维吾尔自治区,650000,图木舒克市,659003,864,664
2015,新疆维吾尔自治区,650000,图木舒克市,659003,719,537
2016,新疆维吾尔自治区,650000,图木舒克市,659003,1469,1189
2017,新疆维吾尔自治区,650000,图木舒克市,659003,1562,1274
2018,新疆维吾尔自治区,650000,图木舒克市,659003,1916,1474
2019,新疆维吾尔自治区,650000,图木舒克市,659003,2225,1636
2020,新疆维吾尔自治区,650000,图木舒克市,659003,2149,1513
2021,新疆维吾尔自治区,650000,图木舒克市,659003,2203,1559
2022,新疆维吾尔自治区,650000,图木舒克市,659003,1777,1306
2023,新疆维吾尔自治区,650000,图木舒克市,659003,954,769
2000,新疆维吾尔自治区,650000,五家渠市,659004,172,121
2001,新疆维吾尔自治区,650000,五家渠市,659004,81,33
2002,新疆维吾尔自治区,650000,五家渠市,659004,121,49
2003,新疆维吾尔自治区,650000,五家渠市,659004,320,219
2004,新疆维吾尔自治区,650000,五家渠市,659004,371,225
2005,新疆维吾尔自治区,650000,五家渠市,659004,342,202
2006,新疆维吾尔自治区,650000,五家渠市,659004,495,311
2007,新疆维吾尔自治区,650000,五家渠市,659004,469,332
2008,新疆维吾尔自治区,650000,五家渠市,659004,401,318
2009,新疆维吾尔自治区,650000,五家渠市,659004,501,382
2010,新疆维吾尔自治区,650000,五家渠市,659004,550,390
2011,新疆维吾尔自治区,650000,五家渠市,659004,547,433
2012,新疆维吾尔自治区,650000,五家渠市,659004,918,751
2013,新疆维吾尔自治区,650000,五家渠市,659004,1061,844
2014,新疆维吾尔自治区,650000,五家渠市,659004,1040,745
2015,新疆维吾尔自治区,650000,五家渠市,659004,1379,1082
2016,新疆维吾尔自治区,650000,五家渠市,659004,1608,1240
2017,新疆维吾尔自治区,650000,五家渠市,659004,2011,1420
2018,新疆维吾尔自治区,650000,五家渠市,659004,2293,1746
2019,新疆维吾尔自治区,650000,五家渠市,659004,3101,2406
2020,新疆维吾尔自治区,650000,五家渠市,659004,2274,1598
2021,新疆维吾尔自治区,650000,五家渠市,659004,2715,2079
2022,新疆维吾尔自治区,650000,五家渠市,659004,2604,2098
2023,新疆维吾尔自治区,650000,五家渠市,659004,1577,1318
2000,新疆维吾尔自治区,650000,北屯市,659005,30,11
2001,新疆维吾尔自治区,650000,北屯市,659005,31,10
2002,新疆维吾尔自治区,650000,北屯市,659005,52,15
2003,新疆维吾尔自治区,650000,北屯市,659005,55,27
2004,新疆维吾尔自治区,650000,北屯市,659005,114,83
2005,新疆维吾尔自治区,650000,北屯市,659005,181,139
2006,新疆维吾尔自治区,650000,北屯市,659005,192,133
2007,新疆维吾尔自治区,650000,北屯市,659005,221,177
2008,新疆维吾尔自治区,650000,北屯市,659005,303,240
2009,新疆维吾尔自治区,650000,北屯市,659005,294,195
2010,新疆维吾尔自治区,650000,北屯市,659005,321,234
2011,新疆维吾尔自治区,650000,北屯市,659005,467,352
2012,新疆维吾尔自治区,650000,北屯市,659005,575,454
2013,新疆维吾尔自治区,650000,北屯市,659005,918,735
2014,新疆维吾尔自治区,650000,北屯市,659005,1050,813
2015,新疆维吾尔自治区,650000,北屯市,659005,1157,892
2016,新疆维吾尔自治区,650000,北屯市,659005,1248,953
2017,新疆维吾尔自治区,650000,北屯市,659005,1580,1218
2018,新疆维吾尔自治区,650000,北屯市,659005,1323,1070
2019,新疆维吾尔自治区,650000,北屯市,659005,1706,1415
2020,新疆维吾尔自治区,650000,北屯市,659005,1657,1230
2021,新疆维吾尔自治区,650000,北屯市,659005,1644,1210
2022,新疆维吾尔自治区,650000,北屯市,659005,1336,1015
2023,新疆维吾尔自治区,650000,北屯市,659005,613,512
2000,新疆维吾尔自治区,650000,铁门关市,659006,31,23
2001,新疆维吾尔自治区,650000,铁门关市,659006,18,8
2002,新疆维吾尔自治区,650000,铁门关市,659006,29,14
2003,新疆维吾尔自治区,650000,铁门关市,659006,26,5
2004,新疆维吾尔自治区,650000,铁门关市,659006,57,38
2005,新疆维吾尔自治区,650000,铁门关市,659006,40,19
2006,新疆维吾尔自治区,650000,铁门关市,659006,24,17
2007,新疆维吾尔自治区,650000,铁门关市,659006,119,92
2008,新疆维吾尔自治区,650000,铁门关市,659006,96,75
2009,新疆维吾尔自治区,650000,铁门关市,659006,98,71
2010,新疆维吾尔自治区,650000,铁门关市,659006,68,55
2011,新疆维吾尔自治区,650000,铁门关市,659006,77,60
2012,新疆维吾尔自治区,650000,铁门关市,659006,73,53
2013,新疆维吾尔自治区,650000,铁门关市,659006,142,87
2014,新疆维吾尔自治区,650000,铁门关市,659006,214,124
2015,新疆维吾尔自治区,650000,铁门关市,659006,330,199
2016,新疆维吾尔自治区,650000,铁门关市,659006,377,234
2017,新疆维吾尔自治区,650000,铁门关市,659006,573,312
2018,新疆维吾尔自治区,650000,铁门关市,659006,508,249
2019,新疆维吾尔自治区,650000,铁门关市,659006,969,599
2020,新疆维吾尔自治区,650000,铁门关市,659006,1043,618
2021,新疆维吾尔自治区,650000,铁门关市,659006,1863,987
2022,新疆维吾尔自治区,650000,铁门关市,659006,1326,740
2023,新疆维吾尔自治区,650000,铁门关市,659006,717,525
2000,新疆维吾尔自治区,650000,双河市,659007,60,51
2001,新疆维吾尔自治区,650000,双河市,659007,22,19
2002,新疆维吾尔自治区,650000,双河市,659007,48,27
2003,新疆维吾尔自治区,650000,双河市,659007,54,41
2004,新疆维吾尔自治区,650000,双河市,659007,55,44
2005,新疆维吾尔自治区,650000,双河市,659007,77,52
2006,新疆维吾尔自治区,650000,双河市,659007,97,75
2007,新疆维吾尔自治区,650000,双河市,659007,74,56
2008,新疆维吾尔自治区,650000,双河市,659007,94,74
2009,新疆维吾尔自治区,650000,双河市,659007,128,110
2010,新疆维吾尔自治区,650000,双河市,659007,188,105
2011,新疆维吾尔自治区,650000,双河市,659007,138,93
2012,新疆维吾尔自治区,650000,双河市,659007,127,86
2013,新疆维吾尔自治区,650000,双河市,659007,233,154
2014,新疆维吾尔自治区,650000,双河市,659007,343,248
2015,新疆维吾尔自治区,650000,双河市,659007,390,263
2016,新疆维吾尔自治区,650000,双河市,659007,540,390
2017,新疆维吾尔自治区,650000,双河市,659007,916,622
2018,新疆维吾尔自治区,650000,双河市,659007,803,532
2019,新疆维吾尔自治区,650000,双河市,659007,939,549
2020,新疆维吾尔自治区,650000,双河市,659007,779,297
2021,新疆维吾尔自治区,650000,双河市,659007,467,243
2022,新疆维吾尔自治区,650000,双河市,659007,522,332
2023,新疆维吾尔自治区,650000,双河市,659007,197,126
2000,新疆维吾尔自治区,650000,可克达拉市,659008,9,6
2001,新疆维吾尔自治区,650000,可克达拉市,659008,17,14
2002,新疆维吾尔自治区,650000,可克达拉市,659008,26,15
2003,新疆维吾尔自治区,650000,可克达拉市,659008,32,21
2004,新疆维吾尔自治区,650000,可克达拉市,659008,40,30
2005,新疆维吾尔自治区,650000,可克达拉市,659008,31,24
2006,新疆维吾尔自治区,650000,可克达拉市,659008,35,29
2007,新疆维吾尔自治区,650000,可克达拉市,659008,37,32
2008,新疆维吾尔自治区,650000,可克达拉市,659008,54,44
2009,新疆维吾尔自治区,650000,可克达拉市,659008,47,37
2010,新疆维吾尔自治区,650000,可克达拉市,659008,61,49
2011,新疆维吾尔自治区,650000,可克达拉市,659008,58,50
2012,新疆维吾尔自治区,650000,可克达拉市,659008,67,50
2013,新疆维吾尔自治区,650000,可克达拉市,659008,97,74
2014,新疆维吾尔自治区,650000,可克达拉市,659008,75,56
2015,新疆维吾尔自治区,650000,可克达拉市,659008,104,77
2016,新疆维吾尔自治区,650000,可克达拉市,659008,210,138
2017,新疆维吾尔自治区,650000,可克达拉市,659008,635,414
2018,新疆维吾尔自治区,650000,可克达拉市,659008,708,490
2019,新疆维吾尔自治区,650000,可克达拉市,659008,783,534
2020,新疆维吾尔自治区,650000,可克达拉市,659008,646,435
2021,新疆维吾尔自治区,650000,可克达拉市,659008,433,246
2022,新疆维吾尔自治区,650000,可克达拉市,659008,770,472
2023,新疆维吾尔自治区,650000,可克达拉市,659008,492,302
2000,新疆维吾尔自治区,650000,昆玉市,659009,1,
2003,新疆维吾尔自治区,650000,昆玉市,659009,4,2
2004,新疆维吾尔自治区,650000,昆玉市,659009,15,11
2005,新疆维吾尔自治区,650000,昆玉市,659009,5,4
2006,新疆维吾尔自治区,650000,昆玉市,659009,2,2
2007,新疆维吾尔自治区,650000,昆玉市,659009,8,5
2008,新疆维吾尔自治区,650000,昆玉市,659009,22,12
2009,新疆维吾尔自治区,650000,昆玉市,659009,24,20
2010,新疆维吾尔自治区,650000,昆玉市,659009,10,8
2011,新疆维吾尔自治区,650000,昆玉市,659009,28,23
2012,新疆维吾尔自治区,650000,昆玉市,659009,19,17
2013,新疆维吾尔自治区,650000,昆玉市,659009,44,28
2014,新疆维吾尔自治区,650000,昆玉市,659009,54,40
2015,新疆维吾尔自治区,650000,昆玉市,659009,87,71
2016,新疆维吾尔自治区,650000,昆玉市,659009,103,87
2017,新疆维吾尔自治区,650000,昆玉市,659009,131,111
2018,新疆维吾尔自治区,650000,昆玉市,659009,514,411
2019,新疆维吾尔自治区,650000,昆玉市,659009,763,521
2020,新疆维吾尔自治区,650000,昆玉市,659009,796,553
2021,新疆维吾尔自治区,650000,昆玉市,659009,787,499
2022,新疆维吾尔自治区,650000,昆玉市,659009,969,752
2023,新疆维吾尔自治区,650000,昆玉市,659009,200,159
2000,新疆维吾尔自治区,650000,胡杨河市,659010,10,5
2001,新疆维吾尔自治区,650000,胡杨河市,659010,7,3
2002,新疆维吾尔自治区,650000,胡杨河市,659010,6,2
2003,新疆维吾尔自治区,650000,胡杨河市,659010,29,10
2004,新疆维吾尔自治区,650000,胡杨河市,659010,57,34
2005,新疆维吾尔自治区,650000,胡杨河市,659010,32,22
2006,新疆维吾尔自治区,650000,胡杨河市,659010,20,11
2007,新疆维吾尔自治区,650000,胡杨河市,659010,29,22
2008,新疆维吾尔自治区,650000,胡杨河市,659010,22,18
2009,新疆维吾尔自治区,650000,胡杨河市,659010,25,17
2010,新疆维吾尔自治区,650000,胡杨河市,659010,23,18
2011,新疆维吾尔自治区,650000,胡杨河市,659010,27,21
2012,新疆维吾尔自治区,650000,胡杨河市,659010,49,30
2013,新疆维吾尔自治区,650000,胡杨河市,659010,73,63
2014,新疆维吾尔自治区,650000,胡杨河市,659010,45,31
2015,新疆维吾尔自治区,650000,胡杨河市,659010,49,36
2016,新疆维吾尔自治区,650000,胡杨河市,659010,56,35
2017,新疆维吾尔自治区,650000,胡杨河市,659010,81,38
2018,新疆维吾尔自治区,650000,胡杨河市,659010,110,58
2019,新疆维吾尔自治区,650000,胡杨河市,659010,172,115
2020,新疆维吾尔自治区,650000,胡杨河市,659010,601,358
2021,新疆维吾尔自治区,650000,胡杨河市,659010,1484,911
2022,新疆维吾尔自治区,650000,胡杨河市,659010,2292,1686
2023,新疆维吾尔自治区,650000,胡杨河市,659010,1099,861
2000,新疆维吾尔自治区,650000,新星市,659011,25,23
2001,新疆维吾尔自治区,650000,新星市,659011,9,3
2002,新疆维吾尔自治区,650000,新星市,659011,15,10
2003,新疆维吾尔自治区,650000,新星市,659011,18,10
2004,新疆维吾尔自治区,650000,新星市,659011,14,8
2005,新疆维吾尔自治区,650000,新星市,659011,16,14
2006,新疆维吾尔自治区,650000,新星市,659011,17,11
2007,新疆维吾尔自治区,650000,新星市,659011,44,34
2008,新疆维吾尔自治区,650000,新星市,659011,40,30
2009,新疆维吾尔自治区,650000,新星市,659011,101,57
2010,新疆维吾尔自治区,650000,新星市,659011,62,49
2011,新疆维吾尔自治区,650000,新星市,659011,81,63
2012,新疆维吾尔自治区,650000,新星市,659011,100,80
2013,新疆维吾尔自治区,650000,新星市,659011,146,121
2014,新疆维吾尔自治区,650000,新星市,659011,149,111
2015,新疆维吾尔自治区,650000,新星市,659011,130,87
2016,新疆维吾尔自治区,650000,新星市,659011,147,87
2017,新疆维吾尔自治区,650000,新星市,659011,195,126
2018,新疆维吾尔自治区,650000,新星市,659011,140,90
2019,新疆维吾尔自治区,650000,新星市,659011,303,234
2020,新疆维吾尔自治区,650000,新星市,659011,377,204
2021,新疆维吾尔自治区,650000,新星市,659011,356,172
2022,新疆维吾尔自治区,650000,新星市,659011,686,470
2023,新疆维吾尔自治区,650000,新星市,659011,850,769
